"$id","$permissions","$createdAt","$updatedAt","otp","is_verified","tray_no"
"6a7b4aa11f0a211d8e51","[""read(\""user:69f024856e706466b984\"")""]","2026-08-11T16:15:29.278+00:00","2026-08-11T16:15:29.278+00:00","291088","false",
"6a7bcc7d0017960902b3","[""read(\""user:6a5df6ea9108a1bbdd83\"")""]","2026-08-12T01:29:33.148+00:00","2026-08-12T01:29:33.148+00:00","729091","false",
"6a7bde0ef3e06331746d","[""read(\""user:6a4c61ac11325d5d0c81\"")""]","2026-08-12T02:44:31.148+00:00","2026-08-12T02:44:31.148+00:00","016125","false",
"6a7bdfbd285cfc301db0","[""read(\""user:6a4c61ac11325d5d0c81\"")""]","2026-08-12T02:51:41.310+00:00","2026-08-12T02:51:41.310+00:00","541667","false",
"6a7be0b42001c7895005","[""read(\""user:6a4c61ac11325d5d0c81\"")""]","2026-08-12T02:55:48.291+00:00","2026-08-12T02:55:48.291+00:00","203708","false",
"6a7be224b0087d497df9","[""read(\""user:6a4c61ac11325d5d0c81\"")""]","2026-08-12T03:01:56.860+00:00","2026-08-12T03:01:56.860+00:00","360142","false",
"6a7be23468cd0c8e7eda","[""read(\""user:6a1954ffcea2144611bd\"")""]","2026-08-12T03:02:12.576+00:00","2026-08-12T03:02:12.576+00:00","838100","false",
"6a7be3a81675ccb0ad9b","[""read(\""user:69fc441da437d3031943\"")""]","2026-08-12T03:08:24.225+00:00","2026-08-12T03:08:24.225+00:00","246777","false",
"6a7be3b6dc4363f41982","[""read(\""user:6a4c61ac11325d5d0c81\"")""]","2026-08-12T03:08:39.044+00:00","2026-08-12T03:08:39.044+00:00","395001","false",
"6a7be3c9ea5ed62ba77a","[""read(\""user:69f2e7f2d60bb08821f6\"")""]","2026-08-12T03:08:58.097+00:00","2026-08-12T03:08:58.097+00:00","459125","false",
"6a7be4097cc5b3bf40e2","[""read(\""user:69f2e7f2d60bb08821f6\"")""]","2026-08-12T03:10:01.653+00:00","2026-08-12T03:10:01.653+00:00","623208","false",
"6a7be427b5057d356d22","[""read(\""user:6a7be3f10022921146bb\"")""]","2026-08-12T03:10:31.879+00:00","2026-08-12T03:10:31.879+00:00","671772","false",
"6a7be47e6f403e727aae","[""read(\""user:69f97b9200034708a4b6\"")""]","2026-08-12T03:11:58.602+00:00","2026-08-12T03:11:58.602+00:00","987799","false",
"6a7be48946ef5be075c0","[""read(\""user:6a0830fd6c259d6d54b4\"")""]","2026-08-12T03:12:09.429+00:00","2026-08-12T03:12:09.429+00:00","770024","false",
"6a7be55d2fe4b63e3746","[""read(\""user:69f82a204d52759abde3\"")""]","2026-08-12T03:15:41.347+00:00","2026-08-12T03:15:41.347+00:00","777821","false",
"6a7be592f18a56162247","[""read(\""user:6a7be519c23d966d8868\"")""]","2026-08-12T03:16:35.131+00:00","2026-08-12T03:16:35.131+00:00","184137","false",
"6a7be5a6e11b37c88707","[""read(\""user:6a1673aac6d6192de085\"")""]","2026-08-12T03:16:55.057+00:00","2026-08-12T03:16:55.057+00:00","321293","false",
"6a7be5b5ed5645cd2ce4","[""read(\""user:6a1d2222619e2bb3bcd1\"")""]","2026-08-12T03:17:10.163+00:00","2026-08-12T03:17:10.163+00:00","319758","false",
"6a7be5ccdcc50f97bf11","[""read(\""user:69f82a204d52759abde3\"")""]","2026-08-12T03:17:33.046+00:00","2026-08-12T03:17:33.046+00:00","654956","false",
"6a7be5f5979fb7c1016f","[""read(\""user:6a758ca8d29f3d0bb3ab\"")""]","2026-08-12T03:18:13.762+00:00","2026-08-12T03:18:13.762+00:00","625584","false",
"6a7be6126a61b22f2389","[""read(\""user:69ff0412acae5aed095d\"")""]","2026-08-12T03:18:42.584+00:00","2026-08-12T03:18:42.584+00:00","749386","false",
"6a7be626567ae07a434a","[""read(\""user:69ff0412acae5aed095d\"")""]","2026-08-12T03:19:02.496+00:00","2026-08-12T03:19:02.496+00:00","980671","false",
"6a7be627d456fa8e0a42","[""read(\""user:69fee4c1de292f44ebe9\"")""]","2026-08-12T03:19:04.007+00:00","2026-08-12T03:19:04.007+00:00","180347","false",
"6a7be639d5e1617f7661","[""read(\""user:69ff0412acae5aed095d\"")""]","2026-08-12T03:19:22.025+00:00","2026-08-12T03:19:22.025+00:00","401612","false",
"6a7be64f13164647165d","[""read(\""user:6a0d42879fe915f202e5\"")""]","2026-08-12T03:19:43.221+00:00","2026-08-12T03:19:43.221+00:00","369172","false",
"6a7be66a9d39aea4edfc","[""read(\""user:69f8114f827faf183192\"")""]","2026-08-12T03:20:10.779+00:00","2026-08-12T03:20:10.779+00:00","506722","false",
"6a7be67e08a70fc947c4","[""read(\""user:69fb066c36f10e5276a2\"")""]","2026-08-12T03:20:30.178+00:00","2026-08-12T03:20:30.178+00:00","017167","false",
"6a7be68fe89d95fdd102","[""read(\""user:69f99d1aa5e44991b427\"")""]","2026-08-12T03:20:48.090+00:00","2026-08-12T03:20:48.090+00:00","531050","false",
"6a7be6a0e8f70c6aed47","[""read(\""user:6a758ca8d29f3d0bb3ab\"")""]","2026-08-12T03:21:05.091+00:00","2026-08-12T03:21:05.091+00:00","509962","false",
"6a7be6a11d60496cda4f","[""read(\""user:6a758ca8d29f3d0bb3ab\"")""]","2026-08-12T03:21:05.277+00:00","2026-08-12T03:21:05.277+00:00","069295","false",
"6a7be6add28d84d15eb5","[""read(\""user:69f1cfa72b6cb7d04ee2\"")""]","2026-08-12T03:21:18.004+00:00","2026-08-12T03:21:18.004+00:00","210503","false",
"6a7be6b4152829a6cc8b","[""read(\""user:69f1790cde23eef6e43b\"")""]","2026-08-12T03:21:24.245+00:00","2026-08-12T03:21:24.245+00:00","527878","false",
"6a7be6c0ed05ec69510d","[""read(\""user:69f1cfa72b6cb7d04ee2\"")""]","2026-08-12T03:21:37.119+00:00","2026-08-12T03:21:37.119+00:00","182552","false",
"6a7be6d32e1813f183c5","[""read(\""user:6a51e677c7944bdd7c69\"")""]","2026-08-12T03:21:55.332+00:00","2026-08-12T03:21:55.332+00:00","174929","false",
"6a7be6f75f6ad404a1c8","[""read(\""user:6a70452920b89d670a8a\"")""]","2026-08-12T03:22:31.534+00:00","2026-08-12T03:22:31.534+00:00","077147","false",
"6a7be706b6e9b49a3fec","[""read(\""user:6a0d42879fe915f202e5\"")""]","2026-08-12T03:22:46.891+00:00","2026-08-12T03:22:46.891+00:00","341169","false",
"6a7be71b20b702b9a10d","[""read(\""user:69eb06f25870c736dc01\"")""]","2026-08-12T03:23:07.276+00:00","2026-08-12T03:23:07.276+00:00","951894","false",
"6a7be74f92cb8fcaf1e8","[""read(\""user:6a102ad3989895297c72\"")""]","2026-08-12T03:23:59.740+00:00","2026-08-12T03:23:59.740+00:00","703413","false",
"6a7be7512fdffc31a81a","[""read(\""user:6a0d42879fe915f202e5\"")""]","2026-08-12T03:24:01.340+00:00","2026-08-12T03:24:01.340+00:00","887814","false",
"6a7be7526fb7f25c40ed","[""read(\""user:6a70452920b89d670a8a\"")""]","2026-08-12T03:24:02.600+00:00","2026-08-12T03:24:02.600+00:00","114858","false",
"6a7be765b7b68b4e83d0","[""read(\""user:6a1d50f175e2103eb539\"")""]","2026-08-12T03:24:21.890+00:00","2026-08-12T03:24:21.890+00:00","892013","false",
"6a7be769d28c828f283c","[""read(\""user:69fd7d8d90a10df33129\"")""]","2026-08-12T03:24:26.000+00:00","2026-08-12T03:24:26.000+00:00","672655","false",
"6a7be76ac5de9b063ad3","[""read(\""user:6a0c1fed764b2a7f8c33\"")""]","2026-08-12T03:24:26.953+00:00","2026-08-12T03:24:26.953+00:00","156025","false",
"6a7be77dcbb1951fc4a2","[""read(\""user:69f1790cde23eef6e43b\"")""]","2026-08-12T03:24:45.973+00:00","2026-08-12T03:24:45.973+00:00","738129","false",
"6a7be79fa4839a83984f","[""read(\""user:6a0d42879fe915f202e5\"")""]","2026-08-12T03:25:19.810+00:00","2026-08-12T03:25:19.810+00:00","728201","false",
"6a7be7adb54e3d7f44e7","[""read(\""user:6a70452920b89d670a8a\"")""]","2026-08-12T03:25:33.894+00:00","2026-08-12T03:25:33.894+00:00","045758","false",
"6a7be7ff40a369af5086","[""read(\""user:6a5f15d5ed0801344018\"")""]","2026-08-12T03:26:55.413+00:00","2026-08-12T03:26:55.413+00:00","136002","false",
"6a7be809a14dbb69423c","[""read(\""user:69eb06f25870c736dc01\"")""]","2026-08-12T03:27:05.808+00:00","2026-08-12T03:27:05.808+00:00","117056","false",
"6a7be81333c027496060","[""read(\""user:6a7be726060ea666ca8e\"")""]","2026-08-12T03:27:15.352+00:00","2026-08-12T03:27:15.352+00:00","302533","false",
"6a7be8155c6a64dd5112","[""read(\""user:69eed559bd654fa6f369\"")""]","2026-08-12T03:27:17.518+00:00","2026-08-12T03:27:17.518+00:00","220375","false",
"6a7be81d9aa5a46c65c3","[""read(\""user:69fd7d8d90a10df33129\"")""]","2026-08-12T03:27:25.776+00:00","2026-08-12T03:27:25.776+00:00","574751","false",
"6a7be8313f83f08aaaaa","[""read(\""user:6a0d42879fe915f202e5\"")""]","2026-08-12T03:27:45.564+00:00","2026-08-12T03:27:45.564+00:00","773129","false",
"6a7be8438b6f6b01627f","[""read(\""user:6a758ca8d29f3d0bb3ab\"")""]","2026-08-12T03:28:03.706+00:00","2026-08-12T03:28:03.706+00:00","515426","false",
"6a7be86bbaa23dd00444","[""read(\""user:69f1b5540029d5941b9c\"")""]","2026-08-12T03:28:43.912+00:00","2026-08-12T03:28:43.912+00:00","747036","false",
"6a7be886e7d73edc64d7","[""read(\""user:6a5f15d5ed0801344018\"")""]","2026-08-12T03:29:11.096+00:00","2026-08-12T03:29:11.096+00:00","849189","false",
"6a7be8c42826656594a4","[""read(\""user:69f178cda2d972bce803\"")""]","2026-08-12T03:30:12.306+00:00","2026-08-12T03:30:12.306+00:00","598402","false",
"6a7be8c482de236760fe","[""read(\""user:69f1b5540029d5941b9c\"")""]","2026-08-12T03:30:12.674+00:00","2026-08-12T03:30:12.674+00:00","390879","false",
"6a7be8cc51231d308cd9","[""read(\""user:69eed559bd654fa6f369\"")""]","2026-08-12T03:30:20.559+00:00","2026-08-12T03:30:20.559+00:00","699591","false",
"6a7be9238de1d2b1e34c","[""read(\""user:69f1790cde23eef6e43b\"")""]","2026-08-12T03:31:47.722+00:00","2026-08-12T03:31:47.722+00:00","493356","false",
"6a7be9408c31ad09a131","[""read(\""user:6a7be726060ea666ca8e\"")""]","2026-08-12T03:32:16.744+00:00","2026-08-12T03:32:16.744+00:00","252528","false",
"6a7be948421204454c42","[""read(\""user:69f1cfa72b6cb7d04ee2\"")""]","2026-08-12T03:32:24.412+00:00","2026-08-12T03:32:24.412+00:00","070639","false",
"6a7be99c831e53afc56d","[""read(\""user:6a4b5f1208bacbb0dbeb\"")""]","2026-08-12T03:33:48.686+00:00","2026-08-12T03:33:48.686+00:00","454378","false",
"6a7be9a10f61badfcebb","[""read(\""user:69fc210cb713656ce62b\"")""]","2026-08-12T03:33:53.215+00:00","2026-08-12T03:33:53.215+00:00","632159","false",
"6a7bea0a28bbb6dfc463","[""read(\""user:6a4c61ac11325d5d0c81\"")""]","2026-08-12T03:35:38.317+00:00","2026-08-12T03:35:38.317+00:00","449596","false",
"6a7bea6c7a0a24e2bcb7","[""read(\""user:6a0d42879fe915f202e5\"")""]","2026-08-12T03:37:16.636+00:00","2026-08-12T03:37:16.636+00:00","658858","false",
"6a7beafe2cb6f38ea2fe","[""read(\""user:69eed559bd654fa6f369\"")""]","2026-08-12T03:39:42.332+00:00","2026-08-12T03:39:42.332+00:00","219105","false",
"6a7beb239a423450c4fe","[""read(\""user:69fabc96895e2dd39db0\"")""]","2026-08-12T03:40:19.775+00:00","2026-08-12T03:40:19.775+00:00","448063","false",
"6a7bed2151b2ffc68b72","[""read(\""user:6a5df204ccbed36c27c8\"")""]","2026-08-12T03:48:49.477+00:00","2026-08-12T03:48:49.477+00:00","355302","false",
"6a7bed9d009a86f81165","[""read(\""user:6a7413e8003011b99189\"")""]","2026-08-12T03:50:53.192+00:00","2026-08-12T03:50:53.192+00:00","939647","false",
"6a7bee02a79247996928","[""read(\""user:6a7bec54ea4c99b2043f\"")""]","2026-08-12T03:52:34.878+00:00","2026-08-12T03:52:34.878+00:00","094441","false",
"6a7bee2acfda461f015e","[""read(\""user:6a044b3565c8d3e59d12\"")""]","2026-08-12T03:53:14.992+00:00","2026-08-12T03:53:14.992+00:00","227466","false",
"6a7bee47bb089105ea80","[""read(\""user:6a7bec483616e887e8b5\"")""]","2026-08-12T03:53:43.921+00:00","2026-08-12T03:53:43.921+00:00","671354","false",
"6a7bee78a99e4c0e8d61","[""read(\""user:6a7413e8003011b99189\"")""]","2026-08-12T03:54:32.842+00:00","2026-08-12T03:54:32.842+00:00","822357","false",
"6a7bef8cbbf5ea9cb4ec","[""read(\""user:6a7bed9a87587a411dfa\"")""]","2026-08-12T03:59:08.917+00:00","2026-08-12T03:59:08.917+00:00","872374","false",
"6a7bef8cdd2a206164e7","[""read(\""user:6a740513110b60ed1f67\"")""]","2026-08-12T03:59:09.085+00:00","2026-08-12T03:59:09.085+00:00","319521","false",
"6a7bef9b2051d9671664","[""read(\""user:6a7413e8003011b99189\"")""]","2026-08-12T03:59:23.329+00:00","2026-08-12T03:59:23.329+00:00","984457","false",
"6a7bf00a1dbed1f1a619","[""read(\""user:6a55f8b1a823eb1ab6e1\"")""]","2026-08-12T04:01:14.266+00:00","2026-08-12T04:01:14.266+00:00","146975","false",
"6a7bf18b2ebf15871bbc","[""read(\""user:6a7bef8e6ea75ed6cfe8\"")""]","2026-08-12T04:07:39.369+00:00","2026-08-12T04:07:39.369+00:00","952827","false",
"6a7bf1e65f6b16ad5cc6","[""read(\""user:6a741fe1002eb06c5cf5\"")""]","2026-08-12T04:09:10.604+00:00","2026-08-12T04:09:10.604+00:00","359453","false",
"6a7bf296b79612bec3da","[""read(\""user:6a7bef8e6ea75ed6cfe8\"")""]","2026-08-12T04:12:06.912+00:00","2026-08-12T04:12:06.912+00:00","700469","false",
"6a7bf312a944481c31e8","[""read(\""user:69f1b328951ee1142d5e\"")""]","2026-08-12T04:14:10.838+00:00","2026-08-12T04:14:10.838+00:00","084591","false",
"6a7bf366c39a108e3230","[""read(\""user:6a79878c738dc10c2335\"")""]","2026-08-12T04:15:34.952+00:00","2026-08-12T04:15:34.952+00:00","380727","false",
"6a7bf397d90a82893b4f","[""read(\""user:69f1b328951ee1142d5e\"")""]","2026-08-12T04:16:24.044+00:00","2026-08-12T04:16:24.044+00:00","657185","false",
"6a7bf39a6c228ae3edba","[""read(\""user:6a7bf1822197b59ab3dc\"")""]","2026-08-12T04:16:26.584+00:00","2026-08-12T04:16:26.584+00:00","895786","false",
"6a7bf3afe1d74fd926f9","[""read(\""user:69fecbe9b41c31179e5f\"")""]","2026-08-12T04:16:48.065+00:00","2026-08-12T04:16:48.065+00:00","064327","false",
"6a7bf3ce7b87e25b9396","[""read(\""user:6a16901bbfdaf1c6d695\"")""]","2026-08-12T04:17:18.645+00:00","2026-08-12T04:17:18.645+00:00","514072","false",
"6a7bf3dc850a7b05d132","[""read(\""user:6a1535f9473d9afcdc0a\"")""]","2026-08-12T04:17:32.718+00:00","2026-08-12T04:17:32.718+00:00","710000","false",
"6a7bf4197e85401992ca","[""read(\""user:69ef2cb3e8f98c8a4189\"")""]","2026-08-12T04:18:33.661+00:00","2026-08-12T04:18:33.661+00:00","371661","false",
"6a7bf4b842202b430c29","[""read(\""user:69fecbe9b41c31179e5f\"")""]","2026-08-12T04:21:12.426+00:00","2026-08-12T04:21:12.426+00:00","540098","false",
"6a7bf4d949c48c7e740e","[""read(\""user:6a7bf2d2c46576b4ffbf\"")""]","2026-08-12T04:21:45.474+00:00","2026-08-12T04:21:45.474+00:00","322015","false",
"6a7bf5783a4cd78eeddc","[""read(\""user:6a01b1c00006aa8ae30b\"")""]","2026-08-12T04:24:24.394+00:00","2026-08-12T04:24:24.394+00:00","637979","false",
"6a7bf5893a367aec5883","[""read(\""user:69fecbe9b41c31179e5f\"")""]","2026-08-12T04:24:41.392+00:00","2026-08-12T04:24:41.392+00:00","098734","false",
"6a7bf615b78f78356156","[""read(\""user:69eaf107d8192f1c7b61\"")""]","2026-08-12T04:27:01.965+00:00","2026-08-12T04:27:01.965+00:00","523296","false",
"6a7bf65b054fbbf81fc8","[""read(\""user:69eadae26e0781e47cbe\"")""]","2026-08-12T04:28:11.234+00:00","2026-08-12T04:28:11.234+00:00","858474","false",
"6a7bf7857059a2ae74ce","[""read(\""user:6a740513110b60ed1f67\"")""]","2026-08-12T04:33:09.620+00:00","2026-08-12T04:33:09.620+00:00","202409","false",
"6a7bf7e8eba1e6ce444b","[""read(\""user:6a0a9e6dc1c89eb35c79\"")""]","2026-08-12T04:34:49.122+00:00","2026-08-12T04:34:49.122+00:00","913575","false",
"6a7bf80b7d48d3cf9657","[""read(\""user:6a142091c058fe49fbda\"")""]","2026-08-12T04:35:23.709+00:00","2026-08-12T04:35:23.709+00:00","669715","false",
"6a7bf82249ff8037dc25","[""read(\""user:6a0ae6a42b068b2d2f5a\"")""]","2026-08-12T04:35:46.473+00:00","2026-08-12T04:35:46.473+00:00","132555","false",
"6a7bf856a6eab6657df7","[""read(\""user:6a0ae6a42b068b2d2f5a\"")""]","2026-08-12T04:36:38.862+00:00","2026-08-12T04:36:38.862+00:00","294878","false",
"6a7bf95d63c65a467df1","[""read(\""user:69f99d1aa5e44991b427\"")""]","2026-08-12T04:41:01.567+00:00","2026-08-12T04:41:01.567+00:00","583768","false",
"6a7bfa938e6897d26ebd","[""read(\""user:69f80fd4bcf769ce357c\"")""]","2026-08-12T04:46:11.764+00:00","2026-08-12T04:46:11.764+00:00","396040","false",
"6a7bfc263325220fa553","[""read(\""user:69eef04828cb80fe3041\"")""]","2026-08-12T04:52:54.375+00:00","2026-08-12T04:52:54.375+00:00","923675","false",
"6a7bfcd428d4666d1cee","[""read(\""user:69eef04828cb80fe3041\"")""]","2026-08-12T04:55:48.318+00:00","2026-08-12T04:55:48.318+00:00","315184","false",
"6a7bfd4c805d491af6ac","[""read(\""user:69eaf107d8192f1c7b61\"")""]","2026-08-12T04:57:48.676+00:00","2026-08-12T04:57:48.676+00:00","577059","false",
"6a7bfd6c3d510a057268","[""read(\""user:69f80fd4bcf769ce357c\"")""]","2026-08-12T04:58:20.437+00:00","2026-08-12T04:58:20.437+00:00","296930","false",
"6a7bfdaac8b100d7d404","[""read(\""user:6a699a185f96b9f486b8\"")""]","2026-08-12T04:59:22.969+00:00","2026-08-12T04:59:22.969+00:00","336265","false",
"6a7bfdbae6c371e74fee","[""read(\""user:69f80fd4bcf769ce357c\"")""]","2026-08-12T04:59:39.097+00:00","2026-08-12T04:59:39.097+00:00","166169","false",
"6a7bfe2dc8b7919cc1e6","[""read(\""user:69fac55e000879b37311\"")""]","2026-08-12T05:01:33.983+00:00","2026-08-12T05:01:33.983+00:00","112152","false",
"6a7bfed039f45128ead0","[""read(\""user:6a0548507c2ecfdb65d5\"")""]","2026-08-12T05:04:16.444+00:00","2026-08-12T05:04:16.444+00:00","184539","false",
"6a7bfee55192af5af7bc","[""read(\""user:6a5f00455934645378b9\"")""]","2026-08-12T05:04:37.691+00:00","2026-08-12T05:04:37.691+00:00","264824","false",
"6a7bff4073bdfd19bd0c","[""read(\""user:6a055976aef78f89d592\"")""]","2026-08-12T05:06:08.637+00:00","2026-08-12T05:06:08.637+00:00","625067","false",
"6a7bffe8d8cccff7af2e","[""read(\""user:6a5f00455934645378b9\"")""]","2026-08-12T05:08:57.031+00:00","2026-08-12T05:08:57.031+00:00","158329","false",
"6a7bffea796f286bd91d","[""read(\""user:6a7436b60d5da09b9b76\"")""]","2026-08-12T05:08:58.639+00:00","2026-08-12T05:08:58.639+00:00","399570","false",
"6a7bffece9bdc9b14019","[""read(\""user:6a0548507c2ecfdb65d5\"")""]","2026-08-12T05:09:01.125+00:00","2026-08-12T05:09:01.125+00:00","316088","false",
"6a7bfffa595934b86bfa","[""read(\""user:6a02bd4f8601a4c36da7\"")""]","2026-08-12T05:09:14.516+00:00","2026-08-12T05:09:14.516+00:00","339280","false",
"6a7c0002c9301afb703f","[""read(\""user:69fc52174e16ca057271\"")""]","2026-08-12T05:09:22.987+00:00","2026-08-12T05:09:22.987+00:00","911918","false",
"6a7c002b83203d8a56f4","[""read(\""user:6a192a0e6821130119d1\"")""]","2026-08-12T05:10:03.692+00:00","2026-08-12T05:10:03.692+00:00","261345","false",
"6a7c0042d04f9f1984d2","[""read(\""user:6a014a56ce8a488d1e29\"")""]","2026-08-12T05:10:27.004+00:00","2026-08-12T05:10:27.004+00:00","341741","false",
"6a7c0062f27077206c6c","[""read(\""user:6a0548507c2ecfdb65d5\"")""]","2026-08-12T05:10:59.194+00:00","2026-08-12T05:10:59.194+00:00","961676","false",
"6a7c00901d65a94d3e4c","[""read(\""user:6a1695c52534d637d7af\"")""]","2026-08-12T05:11:44.477+00:00","2026-08-12T05:11:44.477+00:00","697928","false",
"6a7c00d2993aa9876fbe","[""read(\""user:6a5f00455934645378b9\"")""]","2026-08-12T05:12:50.779+00:00","2026-08-12T05:12:50.779+00:00","712020","false",
"6a7c00f54de6d4728fdb","[""read(\""user:6a5f00455934645378b9\"")""]","2026-08-12T05:13:25.559+00:00","2026-08-12T05:13:25.559+00:00","282100","false",
"6a7c0110eb524669bb60","[""read(\""user:6a0548507c2ecfdb65d5\"")""]","2026-08-12T05:13:53.170+00:00","2026-08-12T05:13:53.170+00:00","417852","false",
"6a7c015c3a1d142c76d1","[""read(\""user:6a0548507c2ecfdb65d5\"")""]","2026-08-12T05:15:08.403+00:00","2026-08-12T05:15:08.403+00:00","935800","false",
"6a7c0169dc7dc13e849b","[""read(\""user:6a699a185f96b9f486b8\"")""]","2026-08-12T05:15:22.126+00:00","2026-08-12T05:15:22.126+00:00","909982","false",
"6a7c01d82842e5a7f4a7","[""read(\""user:6a0548507c2ecfdb65d5\"")""]","2026-08-12T05:17:12.312+00:00","2026-08-12T05:17:12.312+00:00","004143","false",
"6a7c01f4759d8542f553","[""read(\""user:6a02bd4f8601a4c36da7\"")""]","2026-08-12T05:17:40.638+00:00","2026-08-12T05:17:40.638+00:00","899265","false",
"6a7c021a7721195f6395","[""read(\""user:6a02bd4f8601a4c36da7\"")""]","2026-08-12T05:18:18.664+00:00","2026-08-12T05:18:18.664+00:00","036444","false",
"6a7c02508d209a631888","[""read(\""user:69fc52174e16ca057271\"")""]","2026-08-12T05:19:12.737+00:00","2026-08-12T05:19:12.737+00:00","420334","false",
"6a7c02612bc7dbef7d5e","[""read(\""user:6a0830fd6c259d6d54b4\"")""]","2026-08-12T05:19:29.361+00:00","2026-08-12T05:19:29.361+00:00","824648","false",
"6a7c02908b24e689b8dc","[""read(\""user:6a0830fd6c259d6d54b4\"")""]","2026-08-12T05:20:16.715+00:00","2026-08-12T05:20:16.715+00:00","475249","false",
"6a7c0296d24ea30e4a6e","[""read(\""user:6a01b1c00006aa8ae30b\"")""]","2026-08-12T05:20:23.038+00:00","2026-08-12T05:20:23.038+00:00","711427","false",
"6a7c0299b454e2a27ee6","[""read(\""user:69f02d3cb02a7f16c328\"")""]","2026-08-12T05:20:25.883+00:00","2026-08-12T05:20:25.883+00:00","642177","false",
"6a7c02a612541d786c90","[""read(\""user:69fb0e4f001562014e99\"")""]","2026-08-12T05:20:38.317+00:00","2026-08-12T05:20:38.317+00:00","274581","false",
"6a7c02a68a3564a90f4e","[""read(\""user:6a1934dee43e845b951f\"")""]","2026-08-12T05:20:38.723+00:00","2026-08-12T05:20:38.723+00:00","918179","false",
"6a7c02fe216d18217847","[""read(\""user:69fb0e4f001562014e99\"")""]","2026-08-12T05:22:06.291+00:00","2026-08-12T05:22:06.291+00:00","280937","false",
"6a7c0323d5dd9564609e","[""read(\""user:69f1cfa72b6cb7d04ee2\"")""]","2026-08-12T05:22:44.043+00:00","2026-08-12T05:22:44.043+00:00","813100","false",
"6a7c033a42736e6f4861","[""read(\""user:6a7052e56b3cd9937dc7\"")""]","2026-08-12T05:23:06.469+00:00","2026-08-12T05:23:06.469+00:00","062747","false",
"6a7c038c05638b24f867","[""read(\""user:69f1cfa72b6cb7d04ee2\"")""]","2026-08-12T05:24:28.187+00:00","2026-08-12T05:24:28.187+00:00","225007","false",
"6a7c03ec67713b0cc64d","[""read(\""user:6a758ca8d29f3d0bb3ab\"")""]","2026-08-12T05:26:04.579+00:00","2026-08-12T05:26:04.579+00:00","900206","false",
"6a7c04600bafba5b6574","[""read(\""user:6a758ca8d29f3d0bb3ab\"")""]","2026-08-12T05:28:00.193+00:00","2026-08-12T05:28:00.193+00:00","524798","false",
"6a7c04b846930082e806","[""read(\""user:69fd6ec97ae0cdb0fc5d\"")""]","2026-08-12T05:29:28.433+00:00","2026-08-12T05:29:28.433+00:00","231429","false",
"6a7c04e43eae17178f9d","[""read(\""user:6a74627e984f9435ec56\"")""]","2026-08-12T05:30:12.442+00:00","2026-08-12T05:30:12.442+00:00","927017","false",
"6a7c057aa4c8d0fad880","[""read(\""user:6a192a0e6821130119d1\"")""]","2026-08-12T05:32:42.827+00:00","2026-08-12T05:32:42.827+00:00","512223","false",
"6a7c05d63aaecaf82ef2","[""read(\""user:6a5df6ea9108a1bbdd83\"")""]","2026-08-12T05:34:14.393+00:00","2026-08-12T05:34:14.393+00:00","659651","false",
"6a7c061ad1726fd7c024","[""read(\""user:69f1b328951ee1142d5e\"")""]","2026-08-12T05:35:23.019+00:00","2026-08-12T05:35:23.019+00:00","914720","false",
"6a7c06a2612a5dd2868d","[""read(\""user:6a0ae6a42b068b2d2f5a\"")""]","2026-08-12T05:37:38.556+00:00","2026-08-12T05:37:38.556+00:00","489337","false",
"6a7c073d1fbb6bc79112","[""read(\""user:69ef28a20022ec170741\"")""]","2026-08-12T05:40:13.290+00:00","2026-08-12T05:40:13.290+00:00","646548","false",
"6a7c075c18bb7d3578d8","[""read(\""user:69f1b328951ee1142d5e\"")""]","2026-08-12T05:40:44.261+00:00","2026-08-12T05:40:44.261+00:00","228684","false",
"6a7c0794115f040bd5aa","[""read(\""user:69ef28a20022ec170741\"")""]","2026-08-12T05:41:40.252+00:00","2026-08-12T05:41:40.252+00:00","209194","false",
"6a7c09204724d30e804d","[""read(\""user:6a0ae6a42b068b2d2f5a\"")""]","2026-08-12T05:48:16.439+00:00","2026-08-12T05:48:16.439+00:00","555010","false",
"6a7c095a4790c24e29f5","[""read(\""user:6a7c054b2535d3850c10\"")""]","2026-08-12T05:49:14.441+00:00","2026-08-12T05:49:14.441+00:00","572873","false",
"6a7c09894bc4317d14df","[""read(\""user:6a741e7f0021ab991584\"")""]","2026-08-12T05:50:01.527+00:00","2026-08-12T05:50:01.527+00:00","210700","false",
"6a7c0a72799b656a1ee4","[""read(\""user:6a1695c52534d637d7af\"")""]","2026-08-12T05:53:54.657+00:00","2026-08-12T05:53:54.657+00:00","956004","false",
"6a7c0bedba244611dc44","[""read(\""user:6a0ae6a42b068b2d2f5a\"")""]","2026-08-12T06:00:13.959+00:00","2026-08-12T06:00:13.959+00:00","647718","false",
"6a7c0ccc39100644467e","[""read(\""user:69eadae26e0781e47cbe\"")""]","2026-08-12T06:03:56.422+00:00","2026-08-12T06:03:56.422+00:00","275509","false",
"6a7c0cfe464f809fa3a9","[""read(\""user:6a06b4995f024b519fde\"")""]","2026-08-12T06:04:46.441+00:00","2026-08-12T06:04:46.441+00:00","413215","false",
"6a7c0d35374a38c3c7b0","[""read(\""user:6a74627e984f9435ec56\"")""]","2026-08-12T06:05:41.371+00:00","2026-08-12T06:05:41.371+00:00","608894","false",
"6a7c0f1ca1cfea6471af","[""read(\""user:69ec2edd58c2bace08c3\"")""]","2026-08-12T06:13:48.819+00:00","2026-08-12T06:13:48.819+00:00","781917","false",
"6a7c0f28688d7161d082","[""read(\""user:6a0ae6a42b068b2d2f5a\"")""]","2026-08-12T06:14:00.585+00:00","2026-08-12T06:14:00.585+00:00","055925","false",
"6a7c0f6ce0c7a55281a9","[""read(\""user:6a742860a88714ddc8be\"")""]","2026-08-12T06:15:09.121+00:00","2026-08-12T06:15:09.121+00:00","471404","false",
"6a7c1099202a877dc0ec","[""read(\""user:69eaddd743337f6647d8\"")""]","2026-08-12T06:20:09.279+00:00","2026-08-12T06:20:09.279+00:00","519396","false",
"6a7c10cf7ebfb0cdc6da","[""read(\""user:6a758ca8d29f3d0bb3ab\"")""]","2026-08-12T06:21:03.723+00:00","2026-08-12T06:21:03.723+00:00","876107","false",
"6a7c114b31614dd9a2c3","[""read(\""user:69fd6dc9d8d2f0b22240\"")""]","2026-08-12T06:23:07.389+00:00","2026-08-12T06:23:07.389+00:00","814978","false",
"6a7c120404830ed13bb6","[""read(\""user:69fd6dc9d8d2f0b22240\"")""]","2026-08-12T06:26:12.171+00:00","2026-08-12T06:26:12.171+00:00","584929","false",
"6a7c130cdc57cec35219","[""read(\""user:69ec2edd58c2bace08c3\"")""]","2026-08-12T06:30:37.074+00:00","2026-08-12T06:30:37.074+00:00","758016","false",
"6a7c13a0d066109c23d8","[""read(\""user:6a4b53422d23487e1924\"")""]","2026-08-12T06:33:05.028+00:00","2026-08-12T06:33:05.028+00:00","502235","false",
"6a7c14d47911031728f6","[""read(\""user:6a1695c52534d637d7af\"")""]","2026-08-12T06:38:12.669+00:00","2026-08-12T06:38:12.669+00:00","634555","false",
"6a7c14ebd658011fff91","[""read(\""user:69f186e5c928d7ce0e79\"")""]","2026-08-12T06:38:36.056+00:00","2026-08-12T06:38:36.056+00:00","037292","false",
"6a7c1545514eb64e1e00","[""read(\""user:69fde7b5bdb5eb2f7d54\"")""]","2026-08-12T06:40:05.512+00:00","2026-08-12T06:40:05.512+00:00","980486","false",
"6a7c158e5bedf7ce2732","[""read(\""user:69fc658f8b5db1d6a791\"")""]","2026-08-12T06:41:18.538+00:00","2026-08-12T06:41:18.538+00:00","382156","false",
"6a7c179e74923b1a29e4","[""read(\""user:6a0ae6a42b068b2d2f5a\"")""]","2026-08-12T06:50:06.637+00:00","2026-08-12T06:50:06.637+00:00","032864","false",
"6a7c189be6240f408d3d","[""read(\""user:6a2cc941d85be33bd582\"")""]","2026-08-12T06:54:20.102+00:00","2026-08-12T06:54:20.102+00:00","126295","false",
"6a7c19b2df5380096fe6","[""read(\""user:6a08354a9607314c4b0e\"")""]","2026-08-12T06:58:59.074+00:00","2026-08-12T06:58:59.074+00:00","142747","false",
"6a7c19f8926340cd3079","[""read(\""user:6a0c184e000a1a8678e3\"")""]","2026-08-12T07:00:08.766+00:00","2026-08-12T07:00:08.766+00:00","955906","false",
"6a7c1b369532ddcc1c9a","[""read(\""user:6a01b1c00006aa8ae30b\"")""]","2026-08-12T07:05:26.784+00:00","2026-08-12T07:05:26.784+00:00","638932","false",
"6a7c1b739c478bbec463","[""read(\""user:6a6add72001e34f5e6a7\"")""]","2026-08-12T07:06:27.802+00:00","2026-08-12T07:06:27.802+00:00","485017","false",
"6a7c1b88d1be327f0e16","[""read(\""user:6a69d995001a8ad05b3b\"")""]","2026-08-12T07:06:49.892+00:00","2026-08-12T07:06:49.892+00:00","125352","false",
"6a7c1b9e0420f6a70a19","[""read(\""user:6a7af767cf786da4c010\"")""]","2026-08-12T07:07:10.253+00:00","2026-08-12T07:07:10.253+00:00","907678","false",
"6a7c1bb035135f7abf84","[""read(\""user:6a69d995001a8ad05b3b\"")""]","2026-08-12T07:07:28.388+00:00","2026-08-12T07:07:28.388+00:00","243650","false",
"6a7c1be02212edf89b35","[""read(\""user:69eb07149c0db12f1d60\"")""]","2026-08-12T07:08:16.292+00:00","2026-08-12T07:08:16.292+00:00","535269","false",
"6a7c1c1f2d03cb5761b4","[""read(\""user:6a6af919f41add3b13f1\"")""]","2026-08-12T07:09:19.335+00:00","2026-08-12T07:09:19.335+00:00","602326","false",
"6a7c1cc4ade07c0135a6","[""read(\""user:6a16a0559ae2733a0a66\"")""]","2026-08-12T07:12:04.886+00:00","2026-08-12T07:12:04.886+00:00","868018","false",
"6a7c1cec74c12e810b3d","[""read(\""user:6a16a0559ae2733a0a66\"")""]","2026-08-12T07:12:44.672+00:00","2026-08-12T07:12:44.672+00:00","274372","false",
"6a7c1d24dc3abd649228","[""read(\""user:6a16a0559ae2733a0a66\"")""]","2026-08-12T07:13:41.076+00:00","2026-08-12T07:13:41.076+00:00","902673","false",
"6a7c1d5ee82204a28b31","[""read(\""user:6a0ae6a42b068b2d2f5a\"")""]","2026-08-12T07:14:39.121+00:00","2026-08-12T07:14:39.121+00:00","279532","false",
"6a7c1d98004affe376f5","[""read(\""user:6a0ae6a42b068b2d2f5a\"")""]","2026-08-12T07:15:36.201+00:00","2026-08-12T07:15:36.201+00:00","411235","false",
"6a7c1dd82725a19ec1f2","[""read(\""user:6a0ae6a42b068b2d2f5a\"")""]","2026-08-12T07:16:40.348+00:00","2026-08-12T07:16:40.348+00:00","066002","false",
"6a7c1e825c88da0fd597","[""read(\""user:69fc05597e9701e422f5\"")""]","2026-08-12T07:19:30.541+00:00","2026-08-12T07:19:30.541+00:00","414887","false",
"6a7c1ed0ecadd8f109d9","[""read(\""user:6a19330aee39bf944407\"")""]","2026-08-12T07:20:49.124+00:00","2026-08-12T07:20:49.124+00:00","568323","false",
"6a7c203a79aa73d324ac","[""read(\""user:6a5f00455934645378b9\"")""]","2026-08-12T07:26:50.650+00:00","2026-08-12T07:26:50.650+00:00","784528","false",
"6a7c208eabfe2a250048","[""read(\""user:69fc05597e9701e422f5\"")""]","2026-08-12T07:28:14.862+00:00","2026-08-12T07:28:14.862+00:00","104648","false",
"6a7c209d40a7b5f98f02","[""read(\""user:6a5f00455934645378b9\"")""]","2026-08-12T07:28:29.406+00:00","2026-08-12T07:28:29.406+00:00","665763","false",
"6a7c20aa2c7d5cc7cef3","[""read(\""user:6a66ecbcdcbbd4b384d1\"")""]","2026-08-12T07:28:42.357+00:00","2026-08-12T07:28:42.357+00:00","150118","false",
"6a7c20c76384a817ef9c","[""read(\""user:69fb0e4f001562014e99\"")""]","2026-08-12T07:29:11.586+00:00","2026-08-12T07:29:11.586+00:00","794410","false",
"6a7c20fd28a1f928c916","[""read(\""user:6a102ad3989895297c72\"")""]","2026-08-12T07:30:05.335+00:00","2026-08-12T07:30:05.335+00:00","919213","false",
"6a7c2114aafd71c52695","[""read(\""user:6a1e8a3b27a9efa70c4b\"")""]","2026-08-12T07:30:28.847+00:00","2026-08-12T07:30:28.847+00:00","328101","false",
"6a7c211adfb5e919ec7b","[""read(\""user:69fe9584c115dc72d304\"")""]","2026-08-12T07:30:35.058+00:00","2026-08-12T07:30:35.058+00:00","126435","false",
"6a7c2126ea43cc557c0a","[""read(\""user:6a19330aee39bf944407\"")""]","2026-08-12T07:30:47.105+00:00","2026-08-12T07:30:47.105+00:00","770831","false",
"6a7c213180e2a7b27023","[""read(\""user:69fc05597e9701e422f5\"")""]","2026-08-12T07:30:57.718+00:00","2026-08-12T07:30:57.718+00:00","230375","false",
"6a7c213b7b0f5fbfe95c","[""read(\""user:69fc05597e9701e422f5\"")""]","2026-08-12T07:31:07.650+00:00","2026-08-12T07:31:07.650+00:00","622553","false",
"6a7c2141e3c2b46ff73a","[""read(\""user:6a5f00455934645378b9\"")""]","2026-08-12T07:31:14.089+00:00","2026-08-12T07:31:14.089+00:00","964647","false",
"6a7c216e28f1b2f23ada","[""read(\""user:6a0ae6a42b068b2d2f5a\"")""]","2026-08-12T07:31:58.314+00:00","2026-08-12T07:31:58.314+00:00","965347","false",
"6a7c217f3c719f8982e3","[""read(\""user:69ff67b5002de37f2676\"")""]","2026-08-12T07:32:15.395+00:00","2026-08-12T07:32:15.395+00:00","441792","false",
"6a7c217f4baca469fc9f","[""read(\""user:6a19330aee39bf944407\"")""]","2026-08-12T07:32:15.476+00:00","2026-08-12T07:32:15.476+00:00","869200","false",
"6a7c218368714ffe97fb","[""read(\""user:69fc05597e9701e422f5\"")""]","2026-08-12T07:32:19.575+00:00","2026-08-12T07:32:19.575+00:00","076802","false",
"6a7c21bce1081fd56b5b","[""read(\""user:6a102ad3989895297c72\"")""]","2026-08-12T07:33:17.104+00:00","2026-08-12T07:33:17.104+00:00","006246","false",
"6a7c21c4ca1a4865c3da","[""read(\""user:6a0ae6a42b068b2d2f5a\"")""]","2026-08-12T07:33:24.972+00:00","2026-08-12T07:33:24.972+00:00","548958","false",
"6a7c21e9ba5a77ab2c78","[""read(\""user:69fc05597e9701e422f5\"")""]","2026-08-12T07:34:01.919+00:00","2026-08-12T07:34:01.919+00:00","288909","false",
"6a7c22070be44ab1715e","[""read(\""user:6a1fa19272b2be8773ea\"")""]","2026-08-12T07:34:31.197+00:00","2026-08-12T07:34:31.197+00:00","899703","false",
"6a7c2236afadca169871","[""read(\""user:6a5f00455934645378b9\"")""]","2026-08-12T07:35:18.872+00:00","2026-08-12T07:35:18.872+00:00","128344","false",
"6a7c2236b805bdb5c7d7","[""read(\""user:6a192f6651addd4eee89\"")""]","2026-08-12T07:35:18.915+00:00","2026-08-12T07:35:18.915+00:00","414372","false",
"6a7c223c932cb6ded7ff","[""read(\""user:6a1fa19272b2be8773ea\"")""]","2026-08-12T07:35:25.012+00:00","2026-08-12T07:35:25.012+00:00","067447","false",
"6a7c223d0efe993e68c5","[""read(\""user:6a19330aee39bf944407\"")""]","2026-08-12T07:35:25.208+00:00","2026-08-12T07:35:25.208+00:00","640050","false",
"6a7c22625a7f84aeb5e3","[""read(\""user:6a6b046b0029e43f5488\"")""]","2026-08-12T07:36:02.561+00:00","2026-08-12T07:36:02.561+00:00","069114","false",
"6a7c2267878ec43e1d20","[""read(\""user:69fb1138f3af87d97055\"")""]","2026-08-12T07:36:07.744+00:00","2026-08-12T07:36:07.744+00:00","486026","false",
"6a7c22791830c32e2439","[""read(\""user:6a044b3565c8d3e59d12\"")""]","2026-08-12T07:36:25.279+00:00","2026-08-12T07:36:25.279+00:00","573307","false",
"6a7c228a84614fc288ad","[""read(\""user:6a19e6e1c0957def6126\"")""]","2026-08-12T07:36:42.728+00:00","2026-08-12T07:36:42.728+00:00","103984","false",
"6a7c22948fc0b444f8aa","[""read(\""user:6a19330aee39bf944407\"")""]","2026-08-12T07:36:52.780+00:00","2026-08-12T07:36:52.780+00:00","877737","false",
"6a7c231432ad84b8ad64","[""read(\""user:69fc5b26c957aac99934\"")""]","2026-08-12T07:39:00.360+00:00","2026-08-12T07:39:00.360+00:00","664905","false",
"6a7c2335b4eb7613c81b","[""read(\""user:6a7bed9a87587a411dfa\"")""]","2026-08-12T07:39:33.918+00:00","2026-08-12T07:39:33.918+00:00","128957","false",
"6a7c23466f8605338f21","[""read(\""user:6a6b046b0029e43f5488\"")""]","2026-08-12T07:39:50.621+00:00","2026-08-12T07:39:50.621+00:00","029818","false",
"6a7c23a3be46f8feafe6","[""read(\""user:69eaf107d8192f1c7b61\"")""]","2026-08-12T07:41:23.925+00:00","2026-08-12T07:41:23.925+00:00","016566","false",
"6a7c23a6a593d9e580d1","[""read(\""user:6a1d2222619e2bb3bcd1\"")""]","2026-08-12T07:41:26.824+00:00","2026-08-12T07:41:26.824+00:00","375135","false",
"6a7c23b32a80f5e4d1be","[""read(\""user:6a4b7542aceeac5d8c1b\"")""]","2026-08-12T07:41:39.317+00:00","2026-08-12T07:41:39.317+00:00","963920","false",
"6a7c23cf936815ec3367","[""read(\""user:6a19330aee39bf944407\"")""]","2026-08-12T07:42:07.749+00:00","2026-08-12T07:42:07.749+00:00","734722","false",
"6a7c2400d7904c043243","[""read(\""user:6a4b7542aceeac5d8c1b\"")""]","2026-08-12T07:42:57.023+00:00","2026-08-12T07:42:57.023+00:00","582105","false",
"6a7c24baafe1fc80c1f8","[""read(\""user:69fb066c36f10e5276a2\"")""]","2026-08-12T07:46:02.863+00:00","2026-08-12T07:46:02.863+00:00","177927","false",
"6a7c252a13a94a9c3bb1","[""read(\""user:6a7c23cb002cbf94cdd7\"")""]","2026-08-12T07:47:54.236+00:00","2026-08-12T07:47:54.236+00:00","389071","false",
"6a7c2536037a2abaffbe","[""read(\""user:6a7413e8003011b99189\"")""]","2026-08-12T07:48:06.160+00:00","2026-08-12T07:48:06.160+00:00","150613","false",
"6a7c25534bfc5579145c","[""read(\""user:69eaf117ed7db18568f7\"")""]","2026-08-12T07:48:35.463+00:00","2026-08-12T07:48:35.463+00:00","038829","false",
"6a7c25d51cc989207f29","[""read(\""user:69fb08852c660eef38cc\"")""]","2026-08-12T07:50:45.269+00:00","2026-08-12T07:50:45.269+00:00","643774","false",
"6a7c264aee7a9b4161d4","[""read(\""user:6a7ac92f654ea7fa788b\"")""]","2026-08-12T07:52:43.125+00:00","2026-08-12T07:52:43.125+00:00","254311","false",
"6a7c26b00d794b1e34b8","[""read(\""user:69eb07149c0db12f1d60\"")""]","2026-08-12T07:54:24.211+00:00","2026-08-12T07:54:24.211+00:00","090174","false",
"6a7c26ff4f6bf31aec49","[""read(\""user:6a19330aee39bf944407\"")""]","2026-08-12T07:55:43.465+00:00","2026-08-12T07:55:43.465+00:00","508020","false",
"6a7c2707142e3bf31da4","[""read(\""user:6a19330aee39bf944407\"")""]","2026-08-12T07:55:51.233+00:00","2026-08-12T07:55:51.233+00:00","467287","false",
"6a7c27e20272446c1f0a","[""read(\""user:6a1d0834b4aa4956a50d\"")""]","2026-08-12T07:59:30.154+00:00","2026-08-12T07:59:30.154+00:00","216348","false",
"6a7c2855470cd1237ff3","[""read(\""user:6a1d0834b4aa4956a50d\"")""]","2026-08-12T08:01:25.455+00:00","2026-08-12T08:01:25.455+00:00","501949","false",
"6a7c2bd1adcb02b2e5cd","[""read(\""user:69fae2e47893ef90d556\"")""]","2026-08-12T08:16:17.913+00:00","2026-08-12T08:16:17.913+00:00","669879","false",
"6a7c2c5e59350cf6714c","[""read(\""user:6a0a8406964f802060be\"")""]","2026-08-12T08:18:38.526+00:00","2026-08-12T08:18:38.526+00:00","208189","false",
"6a7c2d72869a2ee4c2ad","[""read(\""user:6a0a8406964f802060be\"")""]","2026-08-12T08:23:14.698+00:00","2026-08-12T08:23:14.698+00:00","400983","false",
"6a7c2db413fd5fd0fea6","[""read(\""user:6a0a8406964f802060be\"")""]","2026-08-12T08:24:20.258+00:00","2026-08-12T08:24:20.258+00:00","841434","false",
"6a7c2f8dd012d71b61ce","[""read(\""user:69eb07149c0db12f1d60\"")""]","2026-08-12T08:32:13.996+00:00","2026-08-12T08:32:13.996+00:00","714416","false",
"6a7c2fb356dac630064c","[""read(\""user:6a7c1557e16295f7b16d\"")""]","2026-08-12T08:32:51.501+00:00","2026-08-12T08:32:51.501+00:00","329486","false",
"6a7c3003e7d6281b2d87","[""read(\""user:69f82a204d52759abde3\"")""]","2026-08-12T08:34:12.104+00:00","2026-08-12T08:34:12.104+00:00","784735","false",
"6a7c30472b6c6564ab45","[""read(\""user:6a19e6e1c0957def6126\"")""]","2026-08-12T08:35:19.322+00:00","2026-08-12T08:35:19.322+00:00","963819","false",
"6a7c30c0646bc73d76a4","[""read(\""user:6a19e6e1c0957def6126\"")""]","2026-08-12T08:37:20.557+00:00","2026-08-12T08:37:20.557+00:00","317045","false",
"6a7c31ae1ad330fd6da3","[""read(\""user:6a06b0bea8bfe4cca583\"")""]","2026-08-12T08:41:18.268+00:00","2026-08-12T08:41:18.268+00:00","340007","false",
"6a7c31b4716a87bdd05a","[""read(\""user:6a19e6e1c0957def6126\"")""]","2026-08-12T08:41:24.608+00:00","2026-08-12T08:41:24.608+00:00","503115","false",
"6a7c32feadecb9852cbf","[""read(\""user:6a19e6e1c0957def6126\"")""]","2026-08-12T08:46:54.979+00:00","2026-08-12T08:46:54.979+00:00","843299","false",
"6a7c33216d07082aa779","[""read(\""user:6a102ad3989895297c72\"")""]","2026-08-12T08:47:29.651+00:00","2026-08-12T08:47:29.651+00:00","336482","false",
"6a7c3492cdc5d359b220","[""read(\""user:69f80fd4bcf769ce357c\"")""]","2026-08-12T08:53:38.983+00:00","2026-08-12T08:53:38.983+00:00","555444","false",
"6a7c34fba672eb47501b","[""read(\""user:6a19330aee39bf944407\"")""]","2026-08-12T08:55:23.838+00:00","2026-08-12T08:55:23.838+00:00","155986","false",
"6a7c381db003e47f131c","[""read(\""user:6a6c36d1d6b5ea8cc77a\"")""]","2026-08-12T09:08:45.875+00:00","2026-08-12T09:08:45.875+00:00","706374","false",
"6a7c3b0f6115506065ff","[""read(\""user:69eaf117ed7db18568f7\"")""]","2026-08-12T09:21:19.543+00:00","2026-08-12T09:21:19.543+00:00","699184","false",
"6a7c3b7e6afe20fd3e56","[""read(\""user:69f74377bece68933528\"")""]","2026-08-12T09:23:10.584+00:00","2026-08-12T09:23:10.584+00:00","311110","false",
"6a7c3bbae42450ebcce1","[""read(\""user:6a19e6e1c0957def6126\"")""]","2026-08-12T09:24:11.094+00:00","2026-08-12T09:24:11.094+00:00","228303","false",
"6a7c3bed5ca9d60b0cac","[""read(\""user:6a7436b60d5da09b9b76\"")""]","2026-08-12T09:25:01.562+00:00","2026-08-12T09:25:01.562+00:00","019943","false",
"6a7c3c19ba4d9545c855","[""read(\""user:6a705eae5f640ed4e7a6\"")""]","2026-08-12T09:25:45.908+00:00","2026-08-12T09:25:45.908+00:00","807939","false",
"6a7c3d8218c991dd0d0a","[""read(\""user:6a69bc1e001df89a3ee8\"")""]","2026-08-12T09:31:46.300+00:00","2026-08-12T09:31:46.300+00:00","177633","false",
"6a7c3dd0290562cb06ad","[""read(\""user:69fb1138f3af87d97055\"")""]","2026-08-12T09:33:04.357+00:00","2026-08-12T09:33:04.357+00:00","268398","false",
"6a7c3ea029d4ae2c094d","[""read(\""user:6a7ad2af8786ffa93a70\"")""]","2026-08-12T09:36:32.362+00:00","2026-08-12T09:36:32.362+00:00","234542","false",
"6a7c3ecd470b4f599990","[""read(\""user:69f1b328951ee1142d5e\"")""]","2026-08-12T09:37:17.491+00:00","2026-08-12T09:37:17.491+00:00","758050","false",
"6a7c3ef46eac8271c822","[""read(\""user:6a0a873fa2294a3f2c8c\"")""]","2026-08-12T09:37:56.643+00:00","2026-08-12T09:37:56.643+00:00","989432","false",
"6a7c3f24ac38925992b0","[""read(\""user:6a69bc1e001df89a3ee8\"")""]","2026-08-12T09:38:44.910+00:00","2026-08-12T09:38:44.910+00:00","276709","false",
"6a7c3f56df2f16fa75c4","[""read(\""user:6a69bc1e001df89a3ee8\"")""]","2026-08-12T09:39:35.145+00:00","2026-08-12T09:39:35.145+00:00","468661","false",
"6a7c3fb2dc6ec1865c58","[""read(\""user:6a69bc1e001df89a3ee8\"")""]","2026-08-12T09:41:07.152+00:00","2026-08-12T09:41:07.152+00:00","996886","false",
"6a7c3fddb4dd2d519152","[""read(\""user:69f1b328951ee1142d5e\"")""]","2026-08-12T09:41:49.927+00:00","2026-08-12T09:41:49.927+00:00","508489","false",
"6a7c403019dcc4bce023","[""read(\""user:69f1b328951ee1142d5e\"")""]","2026-08-12T09:43:12.373+00:00","2026-08-12T09:43:12.373+00:00","516270","false",
"6a7c40ebc9e6727815a5","[""read(\""user:6a57618eeddc47b4e02c\"")""]","2026-08-12T09:46:20.030+00:00","2026-08-12T09:46:20.030+00:00","109879","false",
"6a7c415160ee3a3a52c0","[""read(\""user:6a0bf13202f03c7172ae\"")""]","2026-08-12T09:48:01.598+00:00","2026-08-12T09:48:01.598+00:00","881813","false",
"6a7c4210b47cb8aba177","[""read(\""user:6a57618eeddc47b4e02c\"")""]","2026-08-12T09:51:12.927+00:00","2026-08-12T09:51:12.927+00:00","563372","false",
"6a7c42294956727132db","[""read(\""user:6a59db99b5e0ea7cb754\"")""]","2026-08-12T09:51:37.573+00:00","2026-08-12T09:51:37.573+00:00","385188","false",
"6a7c43b21828b3335c81","[""read(\""user:69f040e7c1a7cf838fab\"")""]","2026-08-12T09:58:10.302+00:00","2026-08-12T09:58:10.302+00:00","307619","false",
"6a7c43fab083f7779e5f","[""read(\""user:69f042588e58833c463b\"")""]","2026-08-12T09:59:23.002+00:00","2026-08-12T09:59:23.002+00:00","273867","false",
"6a7c44014f1522303b10","[""read(\""user:6a1660d38caa2208864d\"")""]","2026-08-12T09:59:29.510+00:00","2026-08-12T09:59:29.510+00:00","813284","false",
"6a7c441829fa58bf3038","[""read(\""user:69f040e7c1a7cf838fab\"")""]","2026-08-12T09:59:52.361+00:00","2026-08-12T09:59:52.361+00:00","540684","false",
"6a7c4566b636a31a8bf3","[""read(\""user:6a1660d38caa2208864d\"")""]","2026-08-12T10:05:26.967+00:00","2026-08-12T10:05:26.967+00:00","236161","false",
"6a7c4902aa4807d84426","[""read(\""user:6a19330aee39bf944407\"")""]","2026-08-12T10:20:50.973+00:00","2026-08-12T10:20:50.973+00:00","519622","false",
"6a7c4927789570fdd190","[""read(\""user:6a06b6f800035577409b\"")""]","2026-08-12T10:21:27.685+00:00","2026-08-12T10:21:27.685+00:00","923841","false",
"6a7c49477be61231639d","[""read(\""user:69eaf107d8192f1c7b61\"")""]","2026-08-12T10:21:59.722+00:00","2026-08-12T10:21:59.722+00:00","842314","false",
"6a7c49832cafbc6f60e3","[""read(\""user:69eaf107d8192f1c7b61\"")""]","2026-08-12T10:22:59.392+00:00","2026-08-12T10:22:59.392+00:00","489417","false",
"6a7c4af3e8329222b936","[""read(\""user:69eaf107d8192f1c7b61\"")""]","2026-08-12T10:29:08.153+00:00","2026-08-12T10:29:08.153+00:00","650774","false",
"6a7c4b0948a487538398","[""read(\""user:6a19330aee39bf944407\"")""]","2026-08-12T10:29:29.590+00:00","2026-08-12T10:29:29.590+00:00","276624","false",
"6a7c4b8684d053df7d3a","[""read(\""user:69eaf117ed7db18568f7\"")""]","2026-08-12T10:31:34.757+00:00","2026-08-12T10:31:34.757+00:00","005019","false",
"6a7c4f10dc3a2e6c4e91","[""read(\""user:69eaf117ed7db18568f7\"")""]","2026-08-12T10:46:41.089+00:00","2026-08-12T10:46:41.089+00:00","310738","false",
"6a7c4f3e89a4ffebee47","[""read(\""user:69eaf107d8192f1c7b61\"")""]","2026-08-12T10:47:26.785+00:00","2026-08-12T10:47:26.785+00:00","106688","false",
"6a7c4fb66124068c593f","[""read(\""user:69eaf117ed7db18568f7\"")""]","2026-08-12T10:49:26.594+00:00","2026-08-12T10:49:26.594+00:00","668485","false",
"6a7c501cabbb3d553daf","[""read(\""user:69f053a82cc36de086ab\"")""]","2026-08-12T10:51:08.894+00:00","2026-08-12T10:51:08.894+00:00","439410","false",
"6a7c549ccb97e994a248","[""read(\""user:6a1908dc2e567af684af\"")""]","2026-08-12T11:10:21.023+00:00","2026-08-12T11:10:21.023+00:00","790737","false",
"6a7c54cb13069852d1a0","[""read(\""user:6a1908dc2e567af684af\"")""]","2026-08-12T11:11:07.273+00:00","2026-08-12T11:11:07.273+00:00","074507","false",
"6a7c559a7f06d554817d","[""read(\""user:6a0ae6a42b068b2d2f5a\"")""]","2026-08-12T11:14:34.708+00:00","2026-08-12T11:14:34.708+00:00","165680","false",
"6a7c5bcb18b03375415a","[""read(\""user:6a19e6e1c0957def6126\"")""]","2026-08-12T11:40:59.289+00:00","2026-08-12T11:40:59.289+00:00","767365","false",
"6a7c60dd43e6874c4416","[""read(\""user:6a19e6e1c0957def6126\"")""]","2026-08-12T12:02:37.419+00:00","2026-08-12T12:02:37.419+00:00","441332","false",
"6a7c669ae4b5af4c7059","[""read(\""user:6a0df8c287d7e41a3fa8\"")""]","2026-08-12T12:27:07.106+00:00","2026-08-12T12:27:07.106+00:00","058060","false",
"6a7d21e236ee7d187c49","[""read(\""user:6a102ad3989895297c72\"")""]","2026-08-13T01:46:10.368+00:00","2026-08-13T01:46:10.368+00:00","743164","false",
"6a7d29a05ba94aeb3a6f","[""read(\""user:6a102ad3989895297c72\"")""]","2026-08-13T02:19:12.515+00:00","2026-08-13T02:19:12.515+00:00","990625","false",
"6a7d2e937550a3a0d28b","[""read(\""user:6a7d2e1f3872c4ae7d1c\"")""]","2026-08-13T02:40:19.622+00:00","2026-08-13T02:40:19.622+00:00","647866","false",
"6a7d310cb683e89b3f04","[""read(\""user:69f808c3612b193c532c\"")""]","2026-08-13T02:50:52.896+00:00","2026-08-13T02:50:52.896+00:00","082381","false",
"6a7d34dd1a09527dd1e1","[""read(\""user:69eeda84d95dc9566cca\"")""]","2026-08-13T03:07:09.307+00:00","2026-08-13T03:07:09.307+00:00","938636","false",
"6a7d34f33128d0b72a30","[""read(\""user:69f2e754094b7f14fb6a\"")""]","2026-08-13T03:07:31.370+00:00","2026-08-13T03:07:31.370+00:00","521328","false",
"6a7d35c12d10ecb970d4","[""read(\""user:69eeda84d95dc9566cca\"")""]","2026-08-13T03:10:57.419+00:00","2026-08-13T03:10:57.419+00:00","379822","false",
"6a7d35de1e4068269fd8","[""read(\""user:6a01540482c93de49aa7\"")""]","2026-08-13T03:11:26.268+00:00","2026-08-13T03:11:26.268+00:00","894881","false",
"6a7d363432a56276f94b","[""read(\""user:69f2c9748534dd0fc07f\"")""]","2026-08-13T03:12:52.354+00:00","2026-08-13T03:12:52.354+00:00","476676","false",
"6a7d365bcd1f31a7cfba","[""read(\""user:69f06cf95898ad143a2d\"")""]","2026-08-13T03:13:31.988+00:00","2026-08-13T03:13:31.988+00:00","464009","false",
"6a7d36cd3180c807e32b","[""read(\""user:6a7d36083b0795ff7d5b\"")""]","2026-08-13T03:15:25.373+00:00","2026-08-13T03:15:25.373+00:00","226997","false",
"6a7d36f26868d9cefe01","[""read(\""user:6a1657220db3cd54520d\"")""]","2026-08-13T03:16:02.566+00:00","2026-08-13T03:16:02.566+00:00","618272","false",
"6a7d37034d2e6062e6d3","[""read(\""user:6a7d35fc54949c5edcd5\"")""]","2026-08-13T03:16:19.473+00:00","2026-08-13T03:16:19.473+00:00","328098","false",
"6a7d3714f24a13b3027d","[""read(\""user:69eeda84d95dc9566cca\"")""]","2026-08-13T03:16:37.153+00:00","2026-08-13T03:16:37.153+00:00","250267","false",
"6a7d37363d97e2160306","[""read(\""user:6a7d35fc54949c5edcd5\"")""]","2026-08-13T03:17:10.392+00:00","2026-08-13T03:17:10.392+00:00","000084","false",
"6a7d374d1c6cfbf1a8d5","[""read(\""user:6a0136d5586ad049cca4\"")""]","2026-08-13T03:17:33.264+00:00","2026-08-13T03:17:33.264+00:00","361168","false",
"6a7d375ee6fec05d40a9","[""read(\""user:6a01751085c3c16ebe7a\"")""]","2026-08-13T03:17:51.123+00:00","2026-08-13T03:17:51.123+00:00","788121","false",
"6a7d3763b91ef20b89e9","[""read(\""user:6a0c1fed764b2a7f8c33\"")""]","2026-08-13T03:17:55.897+00:00","2026-08-13T03:17:55.897+00:00","715058","false",
"6a7d377e757b46fb39db","[""read(\""user:6a0d42879fe915f202e5\"")""]","2026-08-13T03:18:22.627+00:00","2026-08-13T03:18:22.627+00:00","670311","false",
"6a7d3782e62281b43c0c","[""read(\""user:69f82cace1bec8803f8b\"")""]","2026-08-13T03:18:27.104+00:00","2026-08-13T03:18:27.104+00:00","019222","false",
"6a7d378bafb26896fd63","[""read(\""user:69ef30e732977360f67f\"")""]","2026-08-13T03:18:35.865+00:00","2026-08-13T03:18:35.865+00:00","022398","false",
"6a7d3796ac37b865d3c9","[""read(\""user:6a0ea3f2b8a49a9c749b\"")""]","2026-08-13T03:18:46.995+00:00","2026-08-13T03:18:46.995+00:00","930652","false",
"6a7d37a7cc458e1dbff5","[""read(\""user:6a4b7542aceeac5d8c1b\"")""]","2026-08-13T03:19:03.979+00:00","2026-08-13T03:19:03.979+00:00","192292","false",
"6a7d37ac2110137663d5","[""read(\""user:6a0ea3f2b8a49a9c749b\"")""]","2026-08-13T03:19:08.273+00:00","2026-08-13T03:19:08.273+00:00","814191","false",
"6a7d37ebc43c7497c474","[""read(\""user:69ef2bc39028ce302d5c\"")""]","2026-08-13T03:20:11.949+00:00","2026-08-13T03:20:11.949+00:00","755837","false",
"6a7d38086739bbecda89","[""read(\""user:6a014b6fbfb4a99bd71f\"")""]","2026-08-13T03:20:40.570+00:00","2026-08-13T03:20:40.570+00:00","382190","false",
"6a7d380be4c64d8d7387","[""read(\""user:6a1657220db3cd54520d\"")""]","2026-08-13T03:20:44.075+00:00","2026-08-13T03:20:44.075+00:00","079031","false",
"6a7d3828db7a223f086f","[""read(\""user:6a7d35fc54949c5edcd5\"")""]","2026-08-13T03:21:13.053+00:00","2026-08-13T03:21:13.053+00:00","156763","false",
"6a7d383dbf70ffaf6bb3","[""read(\""user:69fef611202e077b4926\"")""]","2026-08-13T03:21:33.926+00:00","2026-08-13T03:21:33.926+00:00","848678","false",
"6a7d388ced2c5b7e8088","[""read(\""user:69eeda84d95dc9566cca\"")""]","2026-08-13T03:22:53.117+00:00","2026-08-13T03:22:53.117+00:00","419669","false",
"6a7d38a39e7ebd6c45ab","[""read(\""user:6a5899912c971eb4a3fc\"")""]","2026-08-13T03:23:15.788+00:00","2026-08-13T03:23:15.788+00:00","189933","false",
"6a7d38d91c897ab3a5da","[""read(\""user:6a71985f30f64dbc12a4\"")""]","2026-08-13T03:24:09.258+00:00","2026-08-13T03:24:09.258+00:00","980410","false",
"6a7d38ebd275186438b1","[""read(\""user:6a71985f30f64dbc12a4\"")""]","2026-08-13T03:24:28.005+00:00","2026-08-13T03:24:28.005+00:00","801928","false",
"6a7d394840aee3afa21c","[""read(\""user:69f1b691096899e22a8c\"")""]","2026-08-13T03:26:00.406+00:00","2026-08-13T03:26:00.406+00:00","365699","false",
"6a7d395e72d8ac913010","[""read(\""user:6a7d388576b43a79f7be\"")""]","2026-08-13T03:26:22.606+00:00","2026-08-13T03:26:22.606+00:00","994962","false",
"6a7d396eaf94f11c289b","[""read(\""user:69fd761e316f2de68732\"")""]","2026-08-13T03:26:38.865+00:00","2026-08-13T03:26:38.865+00:00","186570","false",
"6a7d3975a849f9c42756","[""read(\""user:6a4f144e00fac5432d2e\"")""]","2026-08-13T03:26:45.828+00:00","2026-08-13T03:26:45.828+00:00","797751","false",
"6a7d39b028d59a7aa7d8","[""read(\""user:6a0ea3f2b8a49a9c749b\"")""]","2026-08-13T03:27:44.322+00:00","2026-08-13T03:27:44.322+00:00","931127","false",
"6a7d39f3e7aa3b7556d8","[""read(\""user:69ff0265cef688d533c7\"")""]","2026-08-13T03:28:52.093+00:00","2026-08-13T03:28:52.093+00:00","705029","false",
"6a7d3a65cc28226c5be1","[""read(\""user:69fd761e316f2de68732\"")""]","2026-08-13T03:30:45.983+00:00","2026-08-13T03:30:45.983+00:00","741065","false",
"6a7d3b038fca85c94d43","[""read(\""user:69fd761e316f2de68732\"")""]","2026-08-13T03:33:23.734+00:00","2026-08-13T03:33:23.734+00:00","534268","false",
"6a7d3b1e0ea48b1263f0","[""read(\""user:6a4b7542aceeac5d8c1b\"")""]","2026-08-13T03:33:50.199+00:00","2026-08-13T03:33:50.199+00:00","211494","false",
"6a7d3b7ca05e66ce6c0f","[""read(\""user:69f8df71643eba4f959e\"")""]","2026-08-13T03:35:24.797+00:00","2026-08-13T03:35:24.797+00:00","360792","false",
"6a7d40c71a9da7526340","[""read(\""user:6a5c6719d7edb6ff89ea\"")""]","2026-08-13T03:57:59.266+00:00","2026-08-13T03:57:59.266+00:00","740791","false",
"6a7d40ef89513a0fabb1","[""read(\""user:6a5c67b5754ba5691c5f\"")""]","2026-08-13T03:58:39.710+00:00","2026-08-13T03:58:39.710+00:00","487278","false",
"6a7d41473f3ecbef75b8","[""read(\""user:6a5c6719d7edb6ff89ea\"")""]","2026-08-13T04:00:07.406+00:00","2026-08-13T04:00:07.406+00:00","165952","false",
"6a7d41ab85aca0bfe906","[""read(\""user:6a5c6719d7edb6ff89ea\"")""]","2026-08-13T04:01:47.694+00:00","2026-08-13T04:01:47.694+00:00","117583","false",
"6a7d43ff878e05b010ec","[""read(\""user:69eaf117ed7db18568f7\"")""]","2026-08-13T04:11:43.699+00:00","2026-08-13T04:11:43.699+00:00","482042","false",
"6a7d45b692e574537ecc","[""read(\""user:6a7d4227addea353e008\"")""]","2026-08-13T04:19:02.740+00:00","2026-08-13T04:19:02.740+00:00","050366","false",
"6a7d4d6cab60b4cbf7cd","[""read(\""user:6a6466502f6b7d177d92\"")""]","2026-08-13T04:51:56.861+00:00","2026-08-13T04:51:56.861+00:00","456975","false",
"6a7d4effe6e08692a2db","[""read(\""user:6a56fd62ccd28cc6b531\"")""]","2026-08-13T04:58:40.091+00:00","2026-08-13T04:58:40.091+00:00","482546","false",
"6a7d4f5f823c98d7432c","[""read(\""user:6a0a873fa2294a3f2c8c\"")""]","2026-08-13T05:00:15.688+00:00","2026-08-13T05:00:15.688+00:00","280485","false",
"6a7d4fe2307d8bff21e9","[""read(\""user:6a19330aee39bf944407\"")""]","2026-08-13T05:02:26.344+00:00","2026-08-13T05:02:26.344+00:00","903577","false",
"6a7d50320f5318b7d7b2","[""read(\""user:69f1b787c1fbdc4cb215\"")""]","2026-08-13T05:03:46.405+00:00","2026-08-13T05:03:46.405+00:00","031097","false",
"6a7d5039db334427c66f","[""read(\""user:6a1ac42ca7a98f40fdbc\"")""]","2026-08-13T05:03:54.049+00:00","2026-08-13T05:03:54.049+00:00","038088","false",
"6a7d505bddd2a7291802","[""read(\""user:69ff67b5002de37f2676\"")""]","2026-08-13T05:04:28.058+00:00","2026-08-13T05:04:28.058+00:00","122774","false",
"6a7d50833c1da6403706","[""read(\""user:6a1419181a9416875897\"")""]","2026-08-13T05:05:07.479+00:00","2026-08-13T05:05:07.479+00:00","344866","false",
"6a7d50c9e4756966bfe8","[""read(\""user:69eb0655db288f004754\"")""]","2026-08-13T05:06:18.090+00:00","2026-08-13T05:06:18.090+00:00","455397","false",
"6a7d50f81dac17d31095","[""read(\""user:6a5f00455934645378b9\"")""]","2026-08-13T05:07:04.266+00:00","2026-08-13T05:07:04.266+00:00","476980","false",
"6a7d51585a061d7bff7d","[""read(\""user:6a7d4fd85972e4865fb3\"")""]","2026-08-13T05:08:40.536+00:00","2026-08-13T05:08:40.536+00:00","862050","false",
"6a7d518ad55cafb248ca","[""read(\""user:6a19330aee39bf944407\"")""]","2026-08-13T05:09:31.028+00:00","2026-08-13T05:09:31.028+00:00","597535","false",
"6a7d51ab5ccd0c22a4b2","[""read(\""user:69eb0655db288f004754\"")""]","2026-08-13T05:10:03.536+00:00","2026-08-13T05:10:03.536+00:00","449909","false",
"6a7d51d18212b6ac5540","[""read(\""user:69f82a204d52759abde3\"")""]","2026-08-13T05:10:41.682+00:00","2026-08-13T05:10:41.682+00:00","333547","false",
"6a7d52063d736ede1bc5","[""read(\""user:6a7d517c0c4d4d98df3c\"")""]","2026-08-13T05:11:34.409+00:00","2026-08-13T05:11:34.409+00:00","191296","false",
"6a7d5221ecc7489f41ea","[""read(\""user:69f1cfa72b6cb7d04ee2\"")""]","2026-08-13T05:12:02.116+00:00","2026-08-13T05:12:02.116+00:00","326793","false",
"6a7d526507801ac6b4e9","[""read(\""user:6a19330aee39bf944407\"")""]","2026-08-13T05:13:09.191+00:00","2026-08-13T05:13:09.191+00:00","955253","false",
"6a7d527222a9451e3578","[""read(\""user:69f1967dc72f13201a49\"")""]","2026-08-13T05:13:22.291+00:00","2026-08-13T05:13:22.291+00:00","816478","false",
"6a7d527d42db7b246bc0","[""read(\""user:6a7d517c0c4d4d98df3c\"")""]","2026-08-13T05:13:33.430+00:00","2026-08-13T05:13:33.430+00:00","467521","false",
"6a7d52a073657b2255f4","[""read(\""user:6a19330aee39bf944407\"")""]","2026-08-13T05:14:08.627+00:00","2026-08-13T05:14:08.627+00:00","730391","false",
"6a7d52a4596a29e7e0cd","[""read(\""user:6a3a1a9e35b89884b15d\"")""]","2026-08-13T05:14:12.519+00:00","2026-08-13T05:14:12.519+00:00","700928","false",
"6a7d52a89aebee99528f","[""read(\""user:69f865300bcf85835d1d\"")""]","2026-08-13T05:14:16.801+00:00","2026-08-13T05:14:16.801+00:00","014571","false",
"6a7d52b84a6537c6a8a4","[""read(\""user:69fad7ab79a803b5ec27\"")""]","2026-08-13T05:14:32.537+00:00","2026-08-13T05:14:32.537+00:00","302424","false",
"6a7d52ea0b5cda8fa1a3","[""read(\""user:6a7d517c0c4d4d98df3c\"")""]","2026-08-13T05:15:22.199+00:00","2026-08-13T05:15:22.199+00:00","992657","false",
"6a7d52fd2bc565ebe27b","[""read(\""user:6a3a1a9e35b89884b15d\"")""]","2026-08-13T05:15:41.328+00:00","2026-08-13T05:15:41.328+00:00","853969","false",
"6a7d53079152325cf72e","[""read(\""user:69f1cfa72b6cb7d04ee2\"")""]","2026-08-13T05:15:51.743+00:00","2026-08-13T05:15:51.743+00:00","998316","false",
"6a7d5381426e637f926c","[""read(\""user:69ff67b5002de37f2676\"")""]","2026-08-13T05:17:53.422+00:00","2026-08-13T05:17:53.422+00:00","760771","false",
"6a7d5387c8a1d1057256","[""read(\""user:6a19330aee39bf944407\"")""]","2026-08-13T05:17:59.976+00:00","2026-08-13T05:17:59.976+00:00","035667","false",
"6a7d541755d6a8204270","[""read(\""user:6a7d3c32a43b7d3c99ed\"")""]","2026-08-13T05:20:23.506+00:00","2026-08-13T05:20:23.506+00:00","055115","false",
"6a7d553de0569102ab91","[""read(\""user:69fee4c1de292f44ebe9\"")""]","2026-08-13T05:25:18.073+00:00","2026-08-13T05:25:18.073+00:00","306555","false",
"6a7d5568f000c252ef0f","[""read(\""user:6a7d5499bcdec1cf5bd3\"")""]","2026-08-13T05:26:01.136+00:00","2026-08-13T05:26:01.136+00:00","653132","false",
"6a7d55e4aa8aa7aea7f5","[""read(\""user:6a4b1e853cbbd664b375\"")""]","2026-08-13T05:28:04.884+00:00","2026-08-13T05:28:04.884+00:00","528188","false",
"6a7d563c3db4ee160234","[""read(\""user:6a4b1e853cbbd664b375\"")""]","2026-08-13T05:29:32.406+00:00","2026-08-13T05:29:32.406+00:00","791917","false",
"6a7d5760bdc51a368b5a","[""read(\""user:69fee4c1de292f44ebe9\"")""]","2026-08-13T05:34:24.931+00:00","2026-08-13T05:34:24.931+00:00","489324","false",
"6a7d57ed5a29cc9aac61","[""read(\""user:69fee4c1de292f44ebe9\"")""]","2026-08-13T05:36:45.522+00:00","2026-08-13T05:36:45.522+00:00","071188","false",
"6a7d58194d74d532fec6","[""read(\""user:6a7c0fee013573fe8fb7\"")""]","2026-08-13T05:37:29.477+00:00","2026-08-13T05:37:29.477+00:00","071892","false",
"6a7d582874782a261a73","[""read(\""user:69fb0e4f001562014e99\"")""]","2026-08-13T05:37:44.630+00:00","2026-08-13T05:37:44.630+00:00","979063","false",
"6a7d589a408ef7a57aef","[""read(\""user:69eae0ce31a141fc37cb\"")""]","2026-08-13T05:39:38.422+00:00","2026-08-13T05:39:38.422+00:00","138977","false",
"6a7d589e14d5c7136d29","[""read(\""user:6a4b53422d23487e1924\"")""]","2026-08-13T05:39:42.248+00:00","2026-08-13T05:39:42.248+00:00","958593","false",
"6a7d59032f4230d90afa","[""read(\""user:69fee4c1de292f44ebe9\"")""]","2026-08-13T05:41:23.358+00:00","2026-08-13T05:41:23.358+00:00","017835","false",
"6a7d5972b0ea8d92a49e","[""read(\""user:69fee4c1de292f44ebe9\"")""]","2026-08-13T05:43:14.931+00:00","2026-08-13T05:43:14.931+00:00","830685","false",
"6a7d5b3ec6744569f711","[""read(\""user:69fee4c1de292f44ebe9\"")""]","2026-08-13T05:50:54.972+00:00","2026-08-13T05:50:54.972+00:00","205298","false",
"6a7d5b7b93f79a632aa9","[""read(\""user:69eae0ce31a141fc37cb\"")""]","2026-08-13T05:51:55.762+00:00","2026-08-13T05:51:55.762+00:00","619699","false",
"6a7d5bce08cecb2fa2f3","[""read(\""user:69eae0ce31a141fc37cb\"")""]","2026-08-13T05:53:18.197+00:00","2026-08-13T05:53:18.197+00:00","650796","false",
"6a7d5db19200c22a8da2","[""read(\""user:6a7c0fee013573fe8fb7\"")""]","2026-08-13T06:01:21.754+00:00","2026-08-13T06:01:21.754+00:00","490647","false",
"6a7d5ee5647ee47dc6ef","[""read(\""user:6a5f4631cb25f0b3d436\"")""]","2026-08-13T06:06:29.574+00:00","2026-08-13T06:06:29.574+00:00","445327","false",
"6a7d5f6c1cd0cf793ba4","[""read(\""user:6a5f15d5ed0801344018\"")""]","2026-08-13T06:08:44.312+00:00","2026-08-13T06:08:44.312+00:00","652967","false",
"6a7d600372c9e3bad514","[""read(\""user:6a7c0fee013573fe8fb7\"")""]","2026-08-13T06:11:15.618+00:00","2026-08-13T06:11:15.618+00:00","143982","false",
"6a7d60b90f475bbd1a68","[""read(\""user:6a017c61eee359e4dc58\"")""]","2026-08-13T06:14:17.216+00:00","2026-08-13T06:14:17.216+00:00","977302","false",
"6a7d617c702b81443aff","[""read(\""user:6a0ea3f2b8a49a9c749b\"")""]","2026-08-13T06:17:32.609+00:00","2026-08-13T06:17:32.609+00:00","783159","false",
"6a7d61fa45f760a0f778","[""read(\""user:6a0ea3f2b8a49a9c749b\"")""]","2026-08-13T06:19:38.451+00:00","2026-08-13T06:19:38.451+00:00","391600","false",
"6a7d63b0c5ee281cf5d1","[""read(\""user:6a190b50c7e922f39544\"")""]","2026-08-13T06:26:56.962+00:00","2026-08-13T06:26:56.962+00:00","279090","false",
"6a7d641a1d780b6f3db1","[""read(\""user:6a190b50c7e922f39544\"")""]","2026-08-13T06:28:42.280+00:00","2026-08-13T06:28:42.280+00:00","879011","false",
"6a7d641cc64b738d34c7","[""read(\""user:69f1793c298d224ad6a7\"")""]","2026-08-13T06:28:44.980+00:00","2026-08-13T06:28:44.980+00:00","649968","false",
"6a7d641ee59f04ee7f53","[""read(\""user:69eaf117ed7db18568f7\"")""]","2026-08-13T06:28:47.103+00:00","2026-08-13T06:28:47.103+00:00","299060","false",
"6a7d64b2f0f2c91aadc8","[""read(\""user:6a463115c5b4129d84ea\"")""]","2026-08-13T06:31:15.199+00:00","2026-08-13T06:31:15.199+00:00","852753","false",
"6a7d65327542f15c62a2","[""read(\""user:6a017c61eee359e4dc58\"")""]","2026-08-13T06:33:22.851+00:00","2026-08-13T06:33:22.851+00:00","567421","false",
"6a7d657d517f67bfa290","[""read(\""user:69f1967dc72f13201a49\"")""]","2026-08-13T06:34:37.602+00:00","2026-08-13T06:34:37.602+00:00","154982","false",
"6a7d65a6b637eb36ea08","[""read(\""user:69f1967dc72f13201a49\"")""]","2026-08-13T06:35:19.005+00:00","2026-08-13T06:35:19.005+00:00","360836","false",
"6a7d65b3ce1c87a25bf0","[""read(\""user:69f1793c298d224ad6a7\"")""]","2026-08-13T06:35:32.054+00:00","2026-08-13T06:35:32.054+00:00","485948","false",
"6a7d65cfa14ffd06a0b2","[""read(\""user:69f1967dc72f13201a49\"")""]","2026-08-13T06:35:59.861+00:00","2026-08-13T06:35:59.861+00:00","580896","false",
"6a7d65eb6deaedad38d3","[""read(\""user:69f1967dc72f13201a49\"")""]","2026-08-13T06:36:27.625+00:00","2026-08-13T06:36:27.625+00:00","605281","false",
"6a7d6667497c28c329f2","[""read(\""user:6a190b50c7e922f39544\"")""]","2026-08-13T06:38:31.516+00:00","2026-08-13T06:38:31.516+00:00","582622","false",
"6a7d67cdcfea8bb7f31d","[""read(\""user:6a463115c5b4129d84ea\"")""]","2026-08-13T06:44:30.087+00:00","2026-08-13T06:44:30.087+00:00","114592","false",
"6a7d6883a63adfc61377","[""read(\""user:6a47275fec149a97c3a7\"")""]","2026-08-13T06:47:32.162+00:00","2026-08-13T06:47:32.162+00:00","232511","false",
"6a7d689a09dd443bef9b","[""read(\""user:6a6466502f6b7d177d92\"")""]","2026-08-13T06:47:54.326+00:00","2026-08-13T06:47:54.326+00:00","154387","false",
"6a7d69123f4238340e55","[""read(\""user:6a6466502f6b7d177d92\"")""]","2026-08-13T06:49:54.501+00:00","2026-08-13T06:49:54.501+00:00","873770","false",
"6a7d697f0f5d2eb59164","[""read(\""user:6a462dd9ce157f3bd1a0\"")""]","2026-08-13T06:51:43.275+00:00","2026-08-13T06:51:43.275+00:00","790676","false",
"6a7d6a19d6a83899ded4","[""read(\""user:6a695956c744fa23c071\"")""]","2026-08-13T06:54:18.115+00:00","2026-08-13T06:54:18.115+00:00","098641","false",
"6a7d6ab1773e06d3ce87","[""read(\""user:6a695956c744fa23c071\"")""]","2026-08-13T06:56:49.695+00:00","2026-08-13T06:56:49.695+00:00","768214","false",
"6a7d6b9c93315ac79a31","[""read(\""user:6a5871b20039414463d6\"")""]","2026-08-13T07:00:44.765+00:00","2026-08-13T07:00:44.765+00:00","906744","false",
"6a7d6bfec2f6afc5bf24","[""read(\""user:6a115452c346a1b69b95\"")""]","2026-08-13T07:02:22.968+00:00","2026-08-13T07:02:22.968+00:00","142248","false",
"6a7d6c23235d62263388","[""read(\""user:6a7402ead43de10b0fc2\"")""]","2026-08-13T07:02:59.327+00:00","2026-08-13T07:02:59.327+00:00","509488","false",
"6a7d6c7d89aefddadd24","[""read(\""user:69f025177d4cb7112426\"")""]","2026-08-13T07:04:29.718+00:00","2026-08-13T07:04:29.718+00:00","517580","false",
"6a7d6ce6346d52d20ee5","[""read(\""user:6a7d51b70001236ee5c3\"")""]","2026-08-13T07:06:14.387+00:00","2026-08-13T07:06:14.387+00:00","710081","false",
"6a7d6dd78a1e81f7e415","[""read(\""user:6a1535f9473d9afcdc0a\"")""]","2026-08-13T07:10:15.727+00:00","2026-08-13T07:10:15.727+00:00","102762","false",
"6a7d6eb71fac3fe91bb3","[""read(\""user:6a7d51b70001236ee5c3\"")""]","2026-08-13T07:13:59.289+00:00","2026-08-13T07:13:59.289+00:00","844725","false",
"6a7d6ee07d11def10222","[""read(\""user:69feb5657fad0e45bd5d\"")""]","2026-08-13T07:14:40.679+00:00","2026-08-13T07:14:40.679+00:00","067305","false",
"6a7d7103cb605f2d0731","[""read(\""user:6a014a56ce8a488d1e29\"")""]","2026-08-13T07:23:47.986+00:00","2026-08-13T07:23:47.986+00:00","889881","false",
"6a7d718a1f0ca574c67d","[""read(\""user:6a014a56ce8a488d1e29\"")""]","2026-08-13T07:26:02.299+00:00","2026-08-13T07:26:02.299+00:00","076492","false",
"6a7d721a00f40de02e0e","[""read(\""user:6a0d3cae99b18811b59f\"")""]","2026-08-13T07:28:26.171+00:00","2026-08-13T07:28:26.171+00:00","686200","false",
"6a7d7229cb5ac59be858","[""read(\""user:6a76ef050012d4d3ce9d\"")""]","2026-08-13T07:28:42.008+00:00","2026-08-13T07:28:42.008+00:00","801871","false",
"6a7d722e33b1174a5f6d","[""read(\""user:6a0d3cae99b18811b59f\"")""]","2026-08-13T07:28:46.438+00:00","2026-08-13T07:28:46.438+00:00","298823","false",
"6a7d72e13fc9616846a7","[""read(\""user:6a4f689e31e42deca0e7\"")""]","2026-08-13T07:31:45.429+00:00","2026-08-13T07:31:45.429+00:00","765448","false",
"6a7d7329bbdbecce2aed","[""read(\""user:6a4b53422d23487e1924\"")""]","2026-08-13T07:32:57.929+00:00","2026-08-13T07:32:57.929+00:00","186672","false",
"6a7d732bb18db43f9160","[""read(\""user:6a1927aa657634c43b32\"")""]","2026-08-13T07:32:59.875+00:00","2026-08-13T07:32:59.875+00:00","983983","false",
"6a7d7340e63960c6b95e","[""read(\""user:6a6af919f41add3b13f1\"")""]","2026-08-13T07:33:21.100+00:00","2026-08-13T07:33:21.100+00:00","580460","false",
"6a7d73e6402097f9e7fe","[""read(\""user:6a76ef050012d4d3ce9d\"")""]","2026-08-13T07:36:06.423+00:00","2026-08-13T07:36:06.423+00:00","311259","false",
"6a7d73fe024356ec80a7","[""read(\""user:6a06b6f800035577409b\"")""]","2026-08-13T07:36:30.166+00:00","2026-08-13T07:36:30.166+00:00","173551","false",
"6a7d7413c31f7eca08ac","[""read(\""user:6a76ef050012d4d3ce9d\"")""]","2026-08-13T07:36:51.949+00:00","2026-08-13T07:36:51.949+00:00","351032","false",
"6a7d742c5687160124d3","[""read(\""user:6a758ca8d29f3d0bb3ab\"")""]","2026-08-13T07:37:16.505+00:00","2026-08-13T07:37:16.505+00:00","746025","false",
"6a7d7460cb75e3408319","[""read(\""user:69f2f1c1321cb4fd6fd9\"")""]","2026-08-13T07:38:09.033+00:00","2026-08-13T07:38:09.033+00:00","688898","false",
"6a7d7473a518bf81dd36","[""read(\""user:6a06b6f800035577409b\"")""]","2026-08-13T07:38:27.837+00:00","2026-08-13T07:38:27.837+00:00","244490","false",
"6a7d74f974d141a94d6a","[""read(\""user:6a115452c346a1b69b95\"")""]","2026-08-13T07:40:41.643+00:00","2026-08-13T07:40:41.643+00:00","241390","false",
"6a7d7525a6d110d8ef9e","[""read(\""user:69fd6ec97ae0cdb0fc5d\"")""]","2026-08-13T07:41:25.855+00:00","2026-08-13T07:41:25.855+00:00","687649","false",
"6a7d75266f8e75e2599b","[""read(\""user:6a7d3c32a43b7d3c99ed\"")""]","2026-08-13T07:41:26.614+00:00","2026-08-13T07:41:26.614+00:00","545092","false",
"6a7d7528d04eddfc4901","[""read(\""user:69f07d0ab2c588acec97\"")""]","2026-08-13T07:41:29.011+00:00","2026-08-13T07:41:29.011+00:00","183504","false",
"6a7d75b1cb745fecd518","[""read(\""user:6a06b6f800035577409b\"")""]","2026-08-13T07:43:45.985+00:00","2026-08-13T07:43:45.985+00:00","577379","false",
"6a7d769769658392a76e","[""read(\""user:6a5f00455934645378b9\"")""]","2026-08-13T07:47:35.587+00:00","2026-08-13T07:47:35.587+00:00","079704","false",
"6a7d76a76a8ecf195b5a","[""read(\""user:6a07ec74b880a6128629\"")""]","2026-08-13T07:47:51.584+00:00","2026-08-13T07:47:51.584+00:00","424671","false",
"6a7d775eab6319519dc6","[""read(\""user:6a7af94493f5832e239d\"")""]","2026-08-13T07:50:54.862+00:00","2026-08-13T07:50:54.862+00:00","456983","false",
"6a7d77a54d74ad0d793c","[""read(\""user:6a5f00455934645378b9\"")""]","2026-08-13T07:52:05.489+00:00","2026-08-13T07:52:05.489+00:00","387198","false",
"6a7d78439a0ae6c3cb8e","[""read(\""user:6a5f00455934645378b9\"")""]","2026-08-13T07:54:43.786+00:00","2026-08-13T07:54:43.786+00:00","190663","false",
"6a7d78e0f33261fb89a6","[""read(\""user:6a7ada2ba4a4248ef5a5\"")""]","2026-08-13T07:57:21.149+00:00","2026-08-13T07:57:21.149+00:00","538847","false",
"6a7d79670a8df43f29ca","[""read(\""user:69b0040108f2d205a57b\"")""]","2026-08-13T07:59:35.272+00:00","2026-08-13T07:59:35.272+00:00","376598","false",
"6a7d7a94d8a02595d371","[""read(\""user:69f024856e706466b984\"")""]","2026-08-13T08:04:37.047+00:00","2026-08-13T08:04:37.047+00:00","031843","false",
"6a7d7ac5387c816e6e58","[""read(\""user:69f024856e706466b984\"")""]","2026-08-13T08:05:25.386+00:00","2026-08-13T08:05:25.386+00:00","553624","false",
"6a7d7b54dea1352a80df","[""read(\""user:6a16bd3fceba41e6f654\"")""]","2026-08-13T08:07:49.108+00:00","2026-08-13T08:07:49.108+00:00","056967","false",
"6a7d7c230107e97c99d2","[""read(\""user:6a13c0c9e2e0ccec0ff2\"")""]","2026-08-13T08:11:15.175+00:00","2026-08-13T08:11:15.175+00:00","070082","false",
"6a7d7c3d3577d4515a5d","[""read(\""user:69b0040108f2d205a57b\"")""]","2026-08-13T08:11:41.386+00:00","2026-08-13T08:11:41.386+00:00","085561","false",
"6a7d7c57dfa2971b7616","[""read(\""user:69eb07149c0db12f1d60\"")""]","2026-08-13T08:12:08.071+00:00","2026-08-13T08:12:08.071+00:00","360095","false",
"6a7d7c95dd66d819f43c","[""read(\""user:69eb07149c0db12f1d60\"")""]","2026-08-13T08:13:10.066+00:00","2026-08-13T08:13:10.066+00:00","987911","false",
"6a7d7d118e90a5f6adf8","[""read(\""user:69b0040108f2d205a57b\"")""]","2026-08-13T08:15:13.758+00:00","2026-08-13T08:15:13.758+00:00","787812","false",
"6a7d7d3d3023269cf554","[""read(\""user:6a13c0c9e2e0ccec0ff2\"")""]","2026-08-13T08:15:57.355+00:00","2026-08-13T08:15:57.355+00:00","610711","false",
"6a7d7d6a0b7f6ca224ac","[""read(\""user:6a7402ead43de10b0fc2\"")""]","2026-08-13T08:16:42.213+00:00","2026-08-13T08:16:42.213+00:00","338321","false",
"6a7d7dea6d1312c22d97","[""read(\""user:6a758ca8d29f3d0bb3ab\"")""]","2026-08-13T08:18:50.625+00:00","2026-08-13T08:18:50.625+00:00","125602","false",
"6a7d81b5e7a2f2b1273c","[""read(\""user:6a01b1c00006aa8ae30b\"")""]","2026-08-13T08:35:02.107+00:00","2026-08-13T08:35:02.107+00:00","083980","false",
"6a7d81caacfcd97bf402","[""read(\""user:6a01b1c00006aa8ae30b\"")""]","2026-08-13T08:35:22.871+00:00","2026-08-13T08:35:22.871+00:00","703694","false",
"6a7d82104e136313fff8","[""read(\""user:6a6863161180131feb3a\"")""]","2026-08-13T08:36:32.498+00:00","2026-08-13T08:36:32.498+00:00","077859","false",
"6a7d835f3d42d1b04730","[""read(\""user:6a798b5698ee50145bd8\"")""]","2026-08-13T08:42:07.429+00:00","2026-08-13T08:42:07.429+00:00","740904","false",
"6a7d8361a46d1703a486","[""read(\""user:6a1419181a9416875897\"")""]","2026-08-13T08:42:09.836+00:00","2026-08-13T08:42:09.836+00:00","630648","false",
"6a7d83a184e33abfc6d1","[""read(\""user:6a74529b0003f256597e\"")""]","2026-08-13T08:43:13.714+00:00","2026-08-13T08:43:13.714+00:00","353848","false",
"6a7d84202e805a7c9875","[""read(\""user:69fd800914ae55eeb4e3\"")""]","2026-08-13T08:45:20.373+00:00","2026-08-13T08:45:20.373+00:00","286464","false",
"6a7d860a7902f303006d","[""read(\""user:69f1cfa72b6cb7d04ee2\"")""]","2026-08-13T08:53:30.649+00:00","2026-08-13T08:53:30.649+00:00","142303","false",
"6a7d895353e71b79c4ce","[""read(\""user:6a0bf13202f03c7172ae\"")""]","2026-08-13T09:07:31.545+00:00","2026-08-13T09:07:31.545+00:00","560443","false",
"6a7d89c5dacfcad5c099","[""read(\""user:6a715ca39e6072003587\"")""]","2026-08-13T09:09:26.083+00:00","2026-08-13T09:09:26.083+00:00","033128","false",
"6a7d8a28cb306bf7db42","[""read(\""user:6a0d3cae99b18811b59f\"")""]","2026-08-13T09:11:05.127+00:00","2026-08-13T09:11:05.127+00:00","184118","false",
"6a7d8a3487902ef01ffa","[""read(\""user:6a75a55301f8912bbf1b\"")""]","2026-08-13T09:11:16.904+00:00","2026-08-13T09:11:16.904+00:00","048882","false",
"6a7d8a38a07be332be48","[""read(\""user:6a0d3cae99b18811b59f\"")""]","2026-08-13T09:11:20.818+00:00","2026-08-13T09:11:20.818+00:00","815026","false",
"6a7d8b1d976b2a3151c3","[""read(\""user:6a0bf13202f03c7172ae\"")""]","2026-08-13T09:15:09.800+00:00","2026-08-13T09:15:09.800+00:00","502961","false",
"6a7d8b81da1a0fa87159","[""read(\""user:6a0c184e000a1a8678e3\"")""]","2026-08-13T09:16:50.080+00:00","2026-08-13T09:16:50.080+00:00","944708","false",
"6a7d8baddf37b9c6b632","[""read(\""user:69ff67b5002de37f2676\"")""]","2026-08-13T09:17:34.088+00:00","2026-08-13T09:17:34.088+00:00","769614","false",
"6a7d8be0ec0dc5a5a965","[""read(\""user:69ff0265cef688d533c7\"")""]","2026-08-13T09:18:25.171+00:00","2026-08-13T09:18:25.171+00:00","763474","false",
"6a7d8c5f2f9b57d3c8f1","[""read(\""user:6a190b50c7e922f39544\"")""]","2026-08-13T09:20:31.407+00:00","2026-08-13T09:20:31.407+00:00","176989","false",
"6a7d8cebe84477eac2d3","[""read(\""user:69f865300bcf85835d1d\"")""]","2026-08-13T09:22:52.138+00:00","2026-08-13T09:22:52.138+00:00","733265","false",
"6a7d8d15497d3021b371","[""read(\""user:6a0a9e6dc1c89eb35c79\"")""]","2026-08-13T09:23:33.441+00:00","2026-08-13T09:23:33.441+00:00","212119","false",
"6a7d8d1741a6072cc988","[""read(\""user:69f025177d4cb7112426\"")""]","2026-08-13T09:23:35.411+00:00","2026-08-13T09:23:35.411+00:00","491912","false",
"6a7d8d1db0116c39a995","[""read(\""user:69f865300bcf85835d1d\"")""]","2026-08-13T09:23:41.875+00:00","2026-08-13T09:23:41.875+00:00","332712","false",
"6a7d8d67011593ab6491","[""read(\""user:6a5871b20039414463d6\"")""]","2026-08-13T09:24:55.177+00:00","2026-08-13T09:24:55.177+00:00","632755","false",
"6a7d8d856581b1e3646f","[""read(\""user:69fad3b23f59ed065d5c\"")""]","2026-08-13T09:25:25.565+00:00","2026-08-13T09:25:25.565+00:00","308340","false",
"6a7d8d9a4c9ff8a51d43","[""read(\""user:6a5f00455934645378b9\"")""]","2026-08-13T09:25:46.497+00:00","2026-08-13T09:25:46.497+00:00","367288","false",
"6a7d8dad0937a7b46890","[""read(\""user:6a350c471699cbe179a2\"")""]","2026-08-13T09:26:05.228+00:00","2026-08-13T09:26:05.228+00:00","246331","false",
"6a7d8dbc3084e84d9650","[""read(\""user:69f025177d4cb7112426\"")""]","2026-08-13T09:26:20.380+00:00","2026-08-13T09:26:20.380+00:00","705488","false",
"6a7d8dfc7b1e8ed805ed","[""read(\""user:6a70452920b89d670a8a\"")""]","2026-08-13T09:27:24.715+00:00","2026-08-13T09:27:24.715+00:00","419040","false",
"6a7d8e18afd3d1be8c02","[""read(\""user:6a0d3cae99b18811b59f\"")""]","2026-08-13T09:27:52.922+00:00","2026-08-13T09:27:52.922+00:00","920171","false",
"6a7d8e21bc3d508858ae","[""read(\""user:6a0d3cae99b18811b59f\"")""]","2026-08-13T09:28:01.958+00:00","2026-08-13T09:28:01.958+00:00","488322","false",
"6a7d8e2a95fe1470c1a1","[""read(\""user:6a7ad2af8786ffa93a70\"")""]","2026-08-13T09:28:10.818+00:00","2026-08-13T09:28:10.818+00:00","341506","false",
"6a7d8e7ec1a5a46a74be","[""read(\""user:69f025177d4cb7112426\"")""]","2026-08-13T09:29:34.934+00:00","2026-08-13T09:29:34.934+00:00","501740","false",
"6a7d8e82e26554c097ac","[""read(\""user:6a5dce40647104b74222\"")""]","2026-08-13T09:29:39.107+00:00","2026-08-13T09:29:39.107+00:00","869237","false",
"6a7d8ed9260a4947f9d3","[""read(\""user:6a5f00455934645378b9\"")""]","2026-08-13T09:31:05.801+00:00","2026-08-13T09:31:05.801+00:00","269120","false",
"6a7d8ee724aa48713edb","[""read(\""user:6a70452920b89d670a8a\"")""]","2026-08-13T09:31:19.418+00:00","2026-08-13T09:31:19.418+00:00","361100","false",
"6a7d8f1dc599f6d26359","[""read(\""user:6a5f00455934645378b9\"")""]","2026-08-13T09:32:14.013+00:00","2026-08-13T09:32:14.013+00:00","594059","false",
"6a7d8f2d48e4b85bd2f1","[""read(\""user:6a5f00455934645378b9\"")""]","2026-08-13T09:32:29.486+00:00","2026-08-13T09:32:29.486+00:00","314941","false",
"6a7d8f71900ec01a42da","[""read(\""user:69fad76467f48b6e3f26\"")""]","2026-08-13T09:33:37.798+00:00","2026-08-13T09:33:37.798+00:00","392784","false",
"6a7d8f8a2641675d2691","[""read(\""user:69f025177d4cb7112426\"")""]","2026-08-13T09:34:02.336+00:00","2026-08-13T09:34:02.336+00:00","350849","false",
"6a7d8fbd154529d633d8","[""read(\""user:6a5f00455934645378b9\"")""]","2026-08-13T09:34:53.237+00:00","2026-08-13T09:34:53.237+00:00","148237","false",
"6a7d8fdda89265d0eb04","[""read(\""user:69f025177d4cb7112426\"")""]","2026-08-13T09:35:25.833+00:00","2026-08-13T09:35:25.833+00:00","773586","false",
"6a7d8fe49581f3cec9f7","[""read(\""user:6a115452c346a1b69b95\"")""]","2026-08-13T09:35:32.776+00:00","2026-08-13T09:35:32.776+00:00","137553","false",
"6a7d8fe9aae923a58b7e","[""read(\""user:6a59d218003266fbfcca\"")""]","2026-08-13T09:35:37.849+00:00","2026-08-13T09:35:37.849+00:00","921663","false",
"6a7d8fef8d73b44d2598","[""read(\""user:69fc441da437d3031943\"")""]","2026-08-13T09:35:43.736+00:00","2026-08-13T09:35:43.736+00:00","693153","false",
"6a7d9010a8afa3c77413","[""read(\""user:6a7ad2af8786ffa93a70\"")""]","2026-08-13T09:36:16.836+00:00","2026-08-13T09:36:16.836+00:00","423956","false",
"6a7d901f985524480d2e","[""read(\""user:69fad76467f48b6e3f26\"")""]","2026-08-13T09:36:31.780+00:00","2026-08-13T09:36:31.780+00:00","579971","false",
"6a7d9028e82a3af8351c","[""read(\""user:6a758ca8d29f3d0bb3ab\"")""]","2026-08-13T09:36:41.114+00:00","2026-08-13T09:36:41.114+00:00","392419","false",
"6a7d902b4abf80c67a5d","[""read(\""user:6a5f00455934645378b9\"")""]","2026-08-13T09:36:43.459+00:00","2026-08-13T09:36:43.459+00:00","096380","false",
"6a7d903cb5edc8efbe6f","[""read(\""user:6a7ad2af8786ffa93a70\"")""]","2026-08-13T09:37:00.903+00:00","2026-08-13T09:37:00.903+00:00","336638","false",
"6a7d907548acb3cc28a9","[""read(\""user:6a5871b20039414463d6\"")""]","2026-08-13T09:37:57.475+00:00","2026-08-13T09:37:57.475+00:00","881011","false",
"6a7d90960a50bf35eb6d","[""read(\""user:6a0ae6a42b068b2d2f5a\"")""]","2026-08-13T09:38:30.189+00:00","2026-08-13T09:38:30.189+00:00","026742","false",
"6a7d90d28ffd5d02652c","[""read(\""user:69ec2edd58c2bace08c3\"")""]","2026-08-13T09:39:30.746+00:00","2026-08-13T09:39:30.746+00:00","622260","false",
"6a7d9111561f9d9ec18b","[""read(\""user:6a01b1c00006aa8ae30b\"")""]","2026-08-13T09:40:33.500+00:00","2026-08-13T09:40:33.500+00:00","827364","false",
"6a7d911fb194e8b20d61","[""read(\""user:69fc441da437d3031943\"")""]","2026-08-13T09:40:47.881+00:00","2026-08-13T09:40:47.881+00:00","355405","false",
"6a7d912cb98f028e7595","[""read(\""user:69fc441da437d3031943\"")""]","2026-08-13T09:41:00.916+00:00","2026-08-13T09:41:00.916+00:00","908040","false",
"6a7d914ca286afa04d89","[""read(\""user:6a0ae6a42b068b2d2f5a\"")""]","2026-08-13T09:41:32.809+00:00","2026-08-13T09:41:32.809+00:00","838505","false",
"6a7d91df35bec6438b8d","[""read(\""user:6a758ca8d29f3d0bb3ab\"")""]","2026-08-13T09:43:59.405+00:00","2026-08-13T09:43:59.405+00:00","389607","false",
"6a7d92df9d621f0c676b","[""read(\""user:69fd6bee137d569a966b\"")""]","2026-08-13T09:48:15.830+00:00","2026-08-13T09:48:15.830+00:00","389140","false",
"6a7d92fce30fc2ca6e93","[""read(\""user:69fd6bee137d569a966b\"")""]","2026-08-13T09:48:45.115+00:00","2026-08-13T09:48:45.115+00:00","402915","false",
"6a7d9332b52d8cd2bd58","[""read(\""user:6a13e63871674e90703b\"")""]","2026-08-13T09:49:38.885+00:00","2026-08-13T09:49:38.885+00:00","276709","false",
"6a7d9380f3336636285f","[""read(\""user:6a472d54a703a3ee3e59\"")""]","2026-08-13T09:50:57.174+00:00","2026-08-13T09:50:57.174+00:00","500879","false",
"6a7d94644e879d10dc53","[""read(\""user:69eb07149c0db12f1d60\"")""]","2026-08-13T09:54:44.491+00:00","2026-08-13T09:54:44.491+00:00","751145","false",
"6a7d94a94eba92e82852","[""read(\""user:69fb0e4f001562014e99\"")""]","2026-08-13T09:55:53.479+00:00","2026-08-13T09:55:53.479+00:00","108295","false",
"6a7d94e37acbb851d811","[""read(\""user:6a7d8dd400049aa5faa6\"")""]","2026-08-13T09:56:51.647+00:00","2026-08-13T09:56:51.647+00:00","076591","false",
"6a7d95359d942c5f9e65","[""read(\""user:6a7d8dd400049aa5faa6\"")""]","2026-08-13T09:58:13.809+00:00","2026-08-13T09:58:13.809+00:00","505313","false",
"6a7d95b3cbc0a287bbb7","[""read(\""user:6a0d3cae99b18811b59f\"")""]","2026-08-13T10:00:19.998+00:00","2026-08-13T10:00:19.998+00:00","278351","false",
"6a7d95ba77d7f61eac3a","[""read(\""user:6a0d3cae99b18811b59f\"")""]","2026-08-13T10:00:26.654+00:00","2026-08-13T10:00:26.654+00:00","806385","false",
"6a7d95cc6ed279eee6d9","[""read(\""user:6a0d3cae99b18811b59f\"")""]","2026-08-13T10:00:44.617+00:00","2026-08-13T10:00:44.617+00:00","047727","false",
"6a7d966b19233ba65f21","[""read(\""user:6a0d3cae99b18811b59f\"")""]","2026-08-13T10:03:23.268+00:00","2026-08-13T10:03:23.268+00:00","987639","false",
"6a7d967e4a46cbacfb5e","[""read(\""user:6a5f43e1c6ca8e9b1308\"")""]","2026-08-13T10:03:42.485+00:00","2026-08-13T10:03:42.485+00:00","672371","false",
"6a7d969d67461afcc3cb","[""read(\""user:6a0bf13202f03c7172ae\"")""]","2026-08-13T10:04:13.595+00:00","2026-08-13T10:04:13.595+00:00","859091","false",
"6a7d97190344fb52ab39","[""read(\""user:6a0d3cae99b18811b59f\"")""]","2026-08-13T10:06:17.170+00:00","2026-08-13T10:06:17.170+00:00","807622","false",
"6a7d9750b7140ef2c17c","[""read(\""user:6a01751085c3c16ebe7a\"")""]","2026-08-13T10:07:12.912+00:00","2026-08-13T10:07:12.912+00:00","421203","false",
"6a7d98a8e21c18b2d18c","[""read(\""user:6a68568a543bb29f46f7\"")""]","2026-08-13T10:12:57.092+00:00","2026-08-13T10:12:57.092+00:00","390389","false",
"6a7d990ddd76acc58882","[""read(\""user:69ef2cb3e8f98c8a4189\"")""]","2026-08-13T10:14:38.058+00:00","2026-08-13T10:14:38.058+00:00","172065","false",
"6a7d99c6ef5844b152c4","[""read(\""user:6a68568a543bb29f46f7\"")""]","2026-08-13T10:17:43.134+00:00","2026-08-13T10:17:43.134+00:00","265974","false",
"6a7d9ae8aea76dd6398f","[""read(\""user:69eaf107d8192f1c7b61\"")""]","2026-08-13T10:22:32.863+00:00","2026-08-13T10:22:32.863+00:00","470123","false",
"6a7d9d05bf7b927bc4c0","[""read(\""user:6a7ada2ba4a4248ef5a5\"")""]","2026-08-13T10:31:33.938+00:00","2026-08-13T10:31:33.938+00:00","165724","false",
"6a7d9d6999e3c0696901","[""read(\""user:6a05526dc9acb93250f2\"")""]","2026-08-13T10:33:13.907+00:00","2026-08-13T10:33:13.907+00:00","696479","false",
"6a7d9e3d03a76ec0e44b","[""read(\""user:6a0c15714a8d55231103\"")""]","2026-08-13T10:36:45.228+00:00","2026-08-13T10:36:45.228+00:00","898420","false",
"6a7d9fa71a2ca633ced3","[""read(\""user:6a0e858e3bde2d58e21d\"")""]","2026-08-13T10:42:47.261+00:00","2026-08-13T10:42:47.261+00:00","386541","false",
"6a7d9ffeb3615a516040","[""read(\""user:6a0e858e3bde2d58e21d\"")""]","2026-08-13T10:44:14.940+00:00","2026-08-13T10:44:14.940+00:00","591162","false",
"6a7da0b0f2e88f42e44c","[""read(\""user:6a16c868b23efc59aff8\"")""]","2026-08-13T10:47:13.156+00:00","2026-08-13T10:47:13.156+00:00","712679","false",
"6a7da1fc0e79fef569d8","[""read(\""user:6a545a214f3d59065030\"")""]","2026-08-13T10:52:44.214+00:00","2026-08-13T10:52:44.214+00:00","629048","false",
"6a7da282af219df25739","[""read(\""user:6a545a214f3d59065030\"")""]","2026-08-13T10:54:58.861+00:00","2026-08-13T10:54:58.861+00:00","981664","false",
"6a7da28f9c1e68d64eef","[""read(\""user:6a5f4631cb25f0b3d436\"")""]","2026-08-13T10:55:11.793+00:00","2026-08-13T10:55:11.793+00:00","188292","false",
"6a7da29a462b7486230c","[""read(\""user:6a5b2414e96203fb9718\"")""]","2026-08-13T10:55:22.449+00:00","2026-08-13T10:55:22.449+00:00","247126","false",
"6a7da64240b3ba60e5b4","[""read(\""user:69ff0412acae5aed095d\"")""]","2026-08-13T11:10:58.414+00:00","2026-08-13T11:10:58.414+00:00","582262","false",
"6a7da6b066c8db0925e4","[""read(\""user:6a1e5d75cc65b7359af7\"")""]","2026-08-13T11:12:48.564+00:00","2026-08-13T11:12:48.564+00:00","317689","false",
"6a7da7c7eaf0ccd6776d","[""read(\""user:6a7af767cf786da4c010\"")""]","2026-08-13T11:17:28.086+00:00","2026-08-13T11:17:28.086+00:00","578889","false",
"6a7da7c81b15eb390970","[""read(\""user:6a0e858e3bde2d58e21d\"")""]","2026-08-13T11:17:28.238+00:00","2026-08-13T11:17:28.238+00:00","989187","false",
"6a7e045e3d7cf586c83d","[""read(\""user:6a0ae6a42b068b2d2f5a\"")""]","2026-08-13T17:52:30.393+00:00","2026-08-13T17:52:30.393+00:00","728713","false",
"6a7e04be56f301321928","[""read(\""user:6a0ae6a42b068b2d2f5a\"")""]","2026-08-13T17:54:06.505+00:00","2026-08-13T17:54:06.505+00:00","638746","false",
"6a7e04f21111dc394ca4","[""read(\""user:6a0ae6a42b068b2d2f5a\"")""]","2026-08-13T17:54:58.220+00:00","2026-08-13T17:54:58.220+00:00","130170","false",
"6a7e08c414daada7376b","[""read(\""user:6a19e6e1c0957def6126\"")""]","2026-08-13T18:11:16.235+00:00","2026-08-13T18:11:16.235+00:00","080507","false",
"6a7e08e2a9c30b34bcc5","[""read(\""user:6a19e6e1c0957def6126\"")""]","2026-08-13T18:11:46.845+00:00","2026-08-13T18:11:46.845+00:00","873025","false",
"6a7e7f896cb5321e46b5","[""read(\""user:6a102ad3989895297c72\"")""]","2026-08-14T02:38:01.586+00:00","2026-08-14T02:38:01.586+00:00","848628","false",
"6a7e82bd57ee660349c4","[""read(\""user:6a5f15d5ed0801344018\"")""]","2026-08-14T02:51:41.502+00:00","2026-08-14T02:51:41.502+00:00","845495","false",
"6a7e83e604fcb38f5404","[""read(\""user:6a5f15d5ed0801344018\"")""]","2026-08-14T02:56:38.160+00:00","2026-08-14T02:56:38.160+00:00","114148","false",
"6a7e84f185f9137ebbf2","[""read(\""user:69f1904feb03f3a343e0\"")""]","2026-08-14T03:01:05.686+00:00","2026-08-14T03:01:05.686+00:00","491067","false",
"6a7e859198b098d20c81","[""read(\""user:6a6b1af241fb134b9e9b\"")""]","2026-08-14T03:03:45.773+00:00","2026-08-14T03:03:45.773+00:00","737292","false",
"6a7e85d9ec1f3ab02d95","[""read(\""user:69eeda84d95dc9566cca\"")""]","2026-08-14T03:04:58.113+00:00","2026-08-14T03:04:58.113+00:00","807372","false",
"6a7e864da685cc14bc17","[""read(\""user:6a0156320df131cb37e3\"")""]","2026-08-14T03:06:53.822+00:00","2026-08-14T03:06:53.822+00:00","366624","false",
"6a7e865d22ded1191666","[""read(\""user:69eeda84d95dc9566cca\"")""]","2026-08-14T03:07:09.289+00:00","2026-08-14T03:07:09.289+00:00","537785","false",
"6a7e86a033a54a81a1b8","[""read(\""user:69f176140ba78a85b574\"")""]","2026-08-14T03:08:16.349+00:00","2026-08-14T03:08:16.349+00:00","689020","false",
"6a7e86dd90a1708e7d17","[""read(\""user:69fb0e4f001562014e99\"")""]","2026-08-14T03:09:17.764+00:00","2026-08-14T03:09:17.764+00:00","330494","false",
"6a7e86ea0652804ef4ba","[""read(\""user:6a03f0d0001f1dabae91\"")""]","2026-08-14T03:09:30.169+00:00","2026-08-14T03:09:30.169+00:00","660806","false",
"6a7e874a19712b596ad6","[""read(\""user:69f1967dc72f13201a49\"")""]","2026-08-14T03:11:06.243+00:00","2026-08-14T03:11:06.243+00:00","456740","false",
"6a7e875859b1d38e0443","[""read(\""user:69f022b7605f1e1077b9\"")""]","2026-08-14T03:11:20.499+00:00","2026-08-14T03:11:20.499+00:00","438666","false",
"6a7e878dd43501701a81","[""read(\""user:69ef3f2a68182e8e039b\"")""]","2026-08-14T03:12:14.011+00:00","2026-08-14T03:12:14.011+00:00","324634","false",
"6a7e878e2efda5b13cd7","[""read(\""user:6a1954ffcea2144611bd\"")""]","2026-08-14T03:12:14.331+00:00","2026-08-14T03:12:14.331+00:00","017829","false",
"6a7e87b6ed78c09dedb8","[""read(\""user:6a70452920b89d670a8a\"")""]","2026-08-14T03:12:55.106+00:00","2026-08-14T03:12:55.106+00:00","561596","false",
"6a7e88955119bafbe63d","[""read(\""user:6a4b53422d23487e1924\"")""]","2026-08-14T03:16:37.472+00:00","2026-08-14T03:16:37.472+00:00","475893","false",
"6a7e88972657e3471791","[""read(\""user:69fee4c1de292f44ebe9\"")""]","2026-08-14T03:16:39.291+00:00","2026-08-14T03:16:39.291+00:00","433309","false",
"6a7e88b9b17e7b2a072f","[""read(\""user:6a1954ffcea2144611bd\"")""]","2026-08-14T03:17:13.868+00:00","2026-08-14T03:17:13.868+00:00","974694","false",
"6a7e8926ee51efd87bd2","[""read(\""user:6a014a56ce8a488d1e29\"")""]","2026-08-14T03:19:03.127+00:00","2026-08-14T03:19:03.127+00:00","927999","false",
"6a7e893608cd49716d5f","[""read(\""user:69eb077a98424aa88971\"")""]","2026-08-14T03:19:18.175+00:00","2026-08-14T03:19:18.175+00:00","185568","false",
"6a7e89489ee8f98a2b07","[""read(\""user:6a1660d38caa2208864d\"")""]","2026-08-14T03:19:36.792+00:00","2026-08-14T03:19:36.792+00:00","731249","false",
"6a7e894f2a8a35cfef3a","[""read(\""user:6a4b53422d23487e1924\"")""]","2026-08-14T03:19:43.309+00:00","2026-08-14T03:19:43.309+00:00","446045","false",
"6a7e897fbf559e47c835","[""read(\""user:6a115452c346a1b69b95\"")""]","2026-08-14T03:20:31.922+00:00","2026-08-14T03:20:31.922+00:00","320931","false",
"6a7e89821962d120259c","[""read(\""user:69f025177d4cb7112426\"")""]","2026-08-14T03:20:34.245+00:00","2026-08-14T03:20:34.245+00:00","173738","false",
"6a7e8988ed0fdf4ed0c0","[""read(\""user:6a0a8406964f802060be\"")""]","2026-08-14T03:20:41.114+00:00","2026-08-14T03:20:41.114+00:00","453939","false",
"6a7e899045ee1e7d8285","[""read(\""user:69fac55e000879b37311\"")""]","2026-08-14T03:20:48.421+00:00","2026-08-14T03:20:48.421+00:00","171271","false",
"6a7e8997af08b4a1e97b","[""read(\""user:6a0a8a6a00253b4b5e35\"")""]","2026-08-14T03:20:55.858+00:00","2026-08-14T03:20:55.858+00:00","557491","false",
"6a7e89ae6f06e5d88827","[""read(\""user:6a01b1c00006aa8ae30b\"")""]","2026-08-14T03:21:18.595+00:00","2026-08-14T03:21:18.595+00:00","592531","false",
"6a7e89cd69b569e99c08","[""read(\""user:69f987a9001c3fbe4d31\"")""]","2026-08-14T03:21:49.566+00:00","2026-08-14T03:21:49.566+00:00","767597","false",
"6a7e89f4ad6eaf2af325","[""read(\""user:6a1523a335816e2ecdf2\"")""]","2026-08-14T03:22:28.854+00:00","2026-08-14T03:22:28.854+00:00","298844","false",
"6a7e8a1e9f2aae3158af","[""read(\""user:6a01540482c93de49aa7\"")""]","2026-08-14T03:23:10.798+00:00","2026-08-14T03:23:10.798+00:00","204458","false",
"6a7e8a48a9f4c3583213","[""read(\""user:6a01540482c93de49aa7\"")""]","2026-08-14T03:23:52.895+00:00","2026-08-14T03:23:52.895+00:00","600234","false",
"6a7e8aab69929b924ec5","[""read(\""user:69eb3bfb1e90e4e6956c\"")""]","2026-08-14T03:25:31.569+00:00","2026-08-14T03:25:31.569+00:00","088797","false",
"6a7e8b0ae7306d831b0d","[""read(\""user:6a574a8533f30671358e\"")""]","2026-08-14T03:27:07.086+00:00","2026-08-14T03:27:07.086+00:00","563739","false",
"6a7e8b5e36fb4fd58d61","[""read(\""user:69fef611202e077b4926\"")""]","2026-08-14T03:28:30.367+00:00","2026-08-14T03:28:30.367+00:00","378778","false",
"6a7e8b6c3f9386491d51","[""read(\""user:6a0a8406964f802060be\"")""]","2026-08-14T03:28:44.404+00:00","2026-08-14T03:28:44.404+00:00","486470","false",
"6a7e8cac125c59c83ae1","[""read(\""user:69fc4df83e2dcdb30e11\"")""]","2026-08-14T03:34:04.214+00:00","2026-08-14T03:34:04.214+00:00","524858","false",
"6a7e8cdbdb5515792c3b","[""read(\""user:69fc4df83e2dcdb30e11\"")""]","2026-08-14T03:34:52.033+00:00","2026-08-14T03:34:52.033+00:00","318874","false",
"6a7e8d31485a114d9079","[""read(\""user:69fc4df83e2dcdb30e11\"")""]","2026-08-14T03:36:17.434+00:00","2026-08-14T03:36:17.434+00:00","168032","false",
"6a7e8d7f338daa70c16c","[""read(\""user:69fc4df83e2dcdb30e11\"")""]","2026-08-14T03:37:35.369+00:00","2026-08-14T03:37:35.369+00:00","105774","false",
"6a7e8d9b111a5278ce54","[""read(\""user:6a4b53422d23487e1924\"")""]","2026-08-14T03:38:03.206+00:00","2026-08-14T03:38:03.206+00:00","834861","false",
"6a7e8ddad689c1324b59","[""read(\""user:6a7e8c2e0039b59cd627\"")""]","2026-08-14T03:39:07.017+00:00","2026-08-14T03:39:07.017+00:00","592673","false",
"6a7e8de5262be68f7646","[""read(\""user:69f82cace1bec8803f8b\"")""]","2026-08-14T03:39:17.302+00:00","2026-08-14T03:39:17.302+00:00","991392","false",
"6a7e8dec93ee644be8a4","[""read(\""user:6a609730efcccbe96d9f\"")""]","2026-08-14T03:39:24.763+00:00","2026-08-14T03:39:24.763+00:00","973411","false",
"6a7e8e1ac1ea0320d7af","[""read(\""user:69f82cace1bec8803f8b\"")""]","2026-08-14T03:40:10.919+00:00","2026-08-14T03:40:10.919+00:00","570054","false",
"6a7e8e57769747fdd423","[""read(\""user:69f82cace1bec8803f8b\"")""]","2026-08-14T03:41:11.623+00:00","2026-08-14T03:41:11.623+00:00","865791","false",
"6a7e8e739232c76d00de","[""read(\""user:69fc036ccfc126224cac\"")""]","2026-08-14T03:41:39.839+00:00","2026-08-14T03:41:39.839+00:00","385403","false",
"6a7e8e7411e4ca586297","[""read(\""user:6a7e8c2e0039b59cd627\"")""]","2026-08-14T03:41:40.212+00:00","2026-08-14T03:41:40.212+00:00","768253","false",
"6a7e8ea4429dab80aecb","[""read(\""user:69f82cace1bec8803f8b\"")""]","2026-08-14T03:42:28.405+00:00","2026-08-14T03:42:28.405+00:00","343813","false",
"6a7e8ed4b7526ae736ca","[""read(\""user:6a472b9a7a4fff595729\"")""]","2026-08-14T03:43:16.894+00:00","2026-08-14T03:43:16.894+00:00","164933","false",
"6a7e8f6eba719b846d57","[""read(\""user:6a053e9a3fc5bcb1b064\"")""]","2026-08-14T03:45:50.904+00:00","2026-08-14T03:45:50.904+00:00","899199","false",
"6a7e8f953541c336f3ec","[""read(\""user:6a1ac42ca7a98f40fdbc\"")""]","2026-08-14T03:46:29.361+00:00","2026-08-14T03:46:29.361+00:00","532629","false",
"6a7e8f9d2ed8f5825e71","[""read(\""user:6a053e9a3fc5bcb1b064\"")""]","2026-08-14T03:46:37.337+00:00","2026-08-14T03:46:37.337+00:00","838145","false",
"6a7e8fbe18bb1cca1c4c","[""read(\""user:6a472b9a7a4fff595729\"")""]","2026-08-14T03:47:10.245+00:00","2026-08-14T03:47:10.245+00:00","881959","false",
"6a7e8ff00d639bfa2098","[""read(\""user:6a472b9a7a4fff595729\"")""]","2026-08-14T03:48:00.195+00:00","2026-08-14T03:48:00.195+00:00","819822","false",
"6a7e90044ae42ae4bc26","[""read(\""user:69f2cffc29d64240f963\"")""]","2026-08-14T03:48:20.445+00:00","2026-08-14T03:48:20.445+00:00","508959","false",
"6a7e907b9430f5622883","[""read(\""user:6a27c26699e4276dd6d5\"")""]","2026-08-14T03:50:19.741+00:00","2026-08-14T03:50:19.741+00:00","799059","false",
"6a7e90aecdf794e801f0","[""read(\""user:6a0831e393f2e6e78b12\"")""]","2026-08-14T03:51:10.991+00:00","2026-08-14T03:51:10.991+00:00","212950","false",
"6a7e90ec8f92abe81e91","[""read(\""user:6a6b036038931cfdabcc\"")""]","2026-08-14T03:52:12.740+00:00","2026-08-14T03:52:12.740+00:00","538072","false",
"6a7e9162166c7f2e4105","[""read(\""user:6a0d42879fe915f202e5\"")""]","2026-08-14T03:54:10.236+00:00","2026-08-14T03:54:10.236+00:00","292504","false",
"6a7e91a1058befbe3841","[""read(\""user:69f2e47e6ba0c260e4a8\"")""]","2026-08-14T03:55:13.168+00:00","2026-08-14T03:55:13.168+00:00","681696","false",
"6a7e91eb6d6f270aa5fa","[""read(\""user:6a0831e393f2e6e78b12\"")""]","2026-08-14T03:56:27.578+00:00","2026-08-14T03:56:27.578+00:00","056691","false",
"6a7e920d8443b9d44b9e","[""read(\""user:6a6049f3003a42220cec\"")""]","2026-08-14T03:57:01.673+00:00","2026-08-14T03:57:01.673+00:00","471155","false",
"6a7e930dd495e17f66f3","[""read(\""user:6a6b036038931cfdabcc\"")""]","2026-08-14T04:01:18.017+00:00","2026-08-14T04:01:18.017+00:00","996141","false",
"6a7e9326a1e01bd44347","[""read(\""user:6a607128127dd7fb50c2\"")""]","2026-08-14T04:01:42.813+00:00","2026-08-14T04:01:42.813+00:00","196200","false",
"6a7e933850d780cabffe","[""read(\""user:6a607128127dd7fb50c2\"")""]","2026-08-14T04:02:00.493+00:00","2026-08-14T04:02:00.493+00:00","984679","false",
"6a7e94502c42e60adbab","[""read(\""user:6a0e858e3bde2d58e21d\"")""]","2026-08-14T04:06:40.332+00:00","2026-08-14T04:06:40.332+00:00","913897","false",
"6a7e947ba316ac9216bb","[""read(\""user:6a053e9a3fc5bcb1b064\"")""]","2026-08-14T04:07:23.801+00:00","2026-08-14T04:07:23.801+00:00","757450","false",
"6a7e94f68327a26ab8b0","[""read(\""user:69f86d9d646ebb6ad9a6\"")""]","2026-08-14T04:09:26.802+00:00","2026-08-14T04:09:26.802+00:00","995133","false",
"6a7e95004932197872f9","[""read(\""user:69f86d9d646ebb6ad9a6\"")""]","2026-08-14T04:09:36.447+00:00","2026-08-14T04:09:36.447+00:00","719978","false",
"6a7e9559d00ab4cd1cf1","[""read(\""user:6a72fd6f00241912b05b\"")""]","2026-08-14T04:11:05.999+00:00","2026-08-14T04:11:05.999+00:00","911905","false",
"6a7e95d54292ab141a41","[""read(\""user:69f86d9d646ebb6ad9a6\"")""]","2026-08-14T04:13:09.423+00:00","2026-08-14T04:13:09.423+00:00","534324","false",
"6a7e96416cac31985994","[""read(\""user:69fc4df83e2dcdb30e11\"")""]","2026-08-14T04:14:57.589+00:00","2026-08-14T04:14:57.589+00:00","238398","false",
"6a7e965bbfbcfa2e8d9f","[""read(\""user:69f81533be8d8bcefb9f\"")""]","2026-08-14T04:15:23.934+00:00","2026-08-14T04:15:23.934+00:00","766351","false",
"6a7e967b9caf24f26991","[""read(\""user:6a1673f293b02aac3b96\"")""]","2026-08-14T04:15:55.778+00:00","2026-08-14T04:15:55.778+00:00","627777","false",
"6a7e96802431404f2d64","[""read(\""user:69fc4df83e2dcdb30e11\"")""]","2026-08-14T04:16:00.284+00:00","2026-08-14T04:16:00.284+00:00","537558","false",
"6a7e9682233efc277a08","[""read(\""user:6a6b036038931cfdabcc\"")""]","2026-08-14T04:16:02.280+00:00","2026-08-14T04:16:02.280+00:00","048991","false",
"6a7e96a3145d3b5140e4","[""read(\""user:6a02bd4f8601a4c36da7\"")""]","2026-08-14T04:16:35.226+00:00","2026-08-14T04:16:35.226+00:00","099279","false",
"6a7e96cfa630d9caeb86","[""read(\""user:69fc4df83e2dcdb30e11\"")""]","2026-08-14T04:17:19.820+00:00","2026-08-14T04:17:19.820+00:00","322395","false",
"6a7e97b7462bf938550f","[""read(\""user:6a02bd4f8601a4c36da7\"")""]","2026-08-14T04:21:11.428+00:00","2026-08-14T04:21:11.428+00:00","010876","false",
"6a7e97c2cce2ddda895b","[""read(\""user:6a545a214f3d59065030\"")""]","2026-08-14T04:21:22.978+00:00","2026-08-14T04:21:22.978+00:00","451966","false",
"6a7e97ce65862434a4e5","[""read(\""user:6a167a2704905452b21b\"")""]","2026-08-14T04:21:34.559+00:00","2026-08-14T04:21:34.559+00:00","104918","false",
"6a7e9816afd5dd4859da","[""read(\""user:6a0831e393f2e6e78b12\"")""]","2026-08-14T04:22:46.860+00:00","2026-08-14T04:22:46.860+00:00","710568","false",
"6a7e9a17edbc1edcdaa0","[""read(\""user:6a472b9a7a4fff595729\"")""]","2026-08-14T04:31:20.111+00:00","2026-08-14T04:31:20.111+00:00","435867","false",
"6a7e9a57e393de5d3f99","[""read(\""user:6a167a2704905452b21b\"")""]","2026-08-14T04:32:24.071+00:00","2026-08-14T04:32:24.071+00:00","510524","false",
"6a7e9a81ab484199ca06","[""read(\""user:6a167a2704905452b21b\"")""]","2026-08-14T04:33:05.843+00:00","2026-08-14T04:33:05.843+00:00","710135","false",
"6a7e9a944b45eda119d7","[""read(\""user:6a1ac42ca7a98f40fdbc\"")""]","2026-08-14T04:33:24.456+00:00","2026-08-14T04:33:24.456+00:00","537595","false",
"6a7e9b268381d2fd9655","[""read(\""user:69f042588e58833c463b\"")""]","2026-08-14T04:35:50.687+00:00","2026-08-14T04:35:50.687+00:00","210725","false",
"6a7e9b92e31fd6e40d65","[""read(\""user:6a607128127dd7fb50c2\"")""]","2026-08-14T04:37:39.072+00:00","2026-08-14T04:37:39.072+00:00","699928","false",
"6a7e9c9f8c86fe952d98","[""read(\""user:6a0831e393f2e6e78b12\"")""]","2026-08-14T04:42:07.726+00:00","2026-08-14T04:42:07.726+00:00","498969","false",
"6a7e9cd2cdedd9190f09","[""read(\""user:69eb07149c0db12f1d60\"")""]","2026-08-14T04:42:58.992+00:00","2026-08-14T04:42:58.992+00:00","363725","false",
"6a7e9e878b7c60249b3a","[""read(\""user:69fd74792cc57d1c7408\"")""]","2026-08-14T04:50:15.706+00:00","2026-08-14T04:50:15.706+00:00","767477","false",
"6a7e9f07c5c7ddbbb2bb","[""read(\""user:6a7e875c6988ea01f698\"")""]","2026-08-14T04:52:23.955+00:00","2026-08-14T04:52:23.955+00:00","934653","false",
"6a7e9f79104f7880d73b","[""read(\""user:6a13c0c9e2e0ccec0ff2\"")""]","2026-08-14T04:54:17.211+00:00","2026-08-14T04:54:17.211+00:00","766407","false",
"6a7ea01462cac7e77944","[""read(\""user:69eaf117ed7db18568f7\"")""]","2026-08-14T04:56:52.548+00:00","2026-08-14T04:56:52.548+00:00","800044","false",
"6a7ea02e0c708202e6f3","[""read(\""user:6a0a8a6a00253b4b5e35\"")""]","2026-08-14T04:57:18.269+00:00","2026-08-14T04:57:18.269+00:00","021707","false",
"6a7ea0a79c42296c8bb4","[""read(\""user:69ef2bc39028ce302d5c\"")""]","2026-08-14T04:59:19.782+00:00","2026-08-14T04:59:19.782+00:00","427631","false",
"6a7ea132d5e318939352","[""read(\""user:6a574a8533f30671358e\"")""]","2026-08-14T05:01:39.015+00:00","2026-08-14T05:01:39.015+00:00","511222","false",
"6a7ea13454784d6569a2","[""read(\""user:6a1663aadf669507fda2\"")""]","2026-08-14T05:01:40.501+00:00","2026-08-14T05:01:40.501+00:00","574185","false",
"6a7ea13721349570ff99","[""read(\""user:69eaf117ed7db18568f7\"")""]","2026-08-14T05:01:43.326+00:00","2026-08-14T05:01:43.326+00:00","185424","false",
"6a7ea14727f28333b7c9","[""read(\""user:6a5efed0e9b723a4333b\"")""]","2026-08-14T05:01:59.312+00:00","2026-08-14T05:01:59.312+00:00","485572","false",
"6a7ea15461f62edfeac1","[""read(\""user:69fd6dc9d8d2f0b22240\"")""]","2026-08-14T05:02:12.549+00:00","2026-08-14T05:02:12.549+00:00","486464","false",
"6a7ea16084cbc8f08126","[""read(\""user:69fae2e47893ef90d556\"")""]","2026-08-14T05:02:24.680+00:00","2026-08-14T05:02:24.680+00:00","990635","false",
"6a7ea1880bfcd9b8093f","[""read(\""user:69ec3258bf73462135fc\"")""]","2026-08-14T05:03:04.194+00:00","2026-08-14T05:03:04.194+00:00","455405","false",
"6a7ea18c7a44c25044d4","[""read(\""user:6a0bfe62ca5fa56e4f6f\"")""]","2026-08-14T05:03:08.699+00:00","2026-08-14T05:03:08.699+00:00","296429","false",
"6a7ea19d08d3ffab5766","[""read(\""user:6a1663aadf669507fda2\"")""]","2026-08-14T05:03:25.182+00:00","2026-08-14T05:03:25.182+00:00","367317","false",
"6a7ea23a97c21ae3e628","[""read(\""user:69f3111d7cda2fd3d6c5\"")""]","2026-08-14T05:06:02.758+00:00","2026-08-14T05:06:02.758+00:00","782668","false",
"6a7ea27f4e1926760f98","[""read(\""user:69fc17521f4b3c38d9a9\"")""]","2026-08-14T05:07:11.467+00:00","2026-08-14T05:07:11.467+00:00","191202","false",
"6a7ea29624f53ae5bbc4","[""read(\""user:6a574a8533f30671358e\"")""]","2026-08-14T05:07:34.293+00:00","2026-08-14T05:07:34.293+00:00","636368","false",
"6a7ea2a17551465a1e7a","[""read(\""user:69fac2e0eca1e87535f0\"")""]","2026-08-14T05:07:45.637+00:00","2026-08-14T05:07:45.637+00:00","554086","false",
"6a7ea2beb6f479b7ee2d","[""read(\""user:69f8df71643eba4f959e\"")""]","2026-08-14T05:08:14.887+00:00","2026-08-14T05:08:14.887+00:00","019676","false",
"6a7ea2d4ba6c913683ae","[""read(\""user:69f17ce31063bb47319e\"")""]","2026-08-14T05:08:36.929+00:00","2026-08-14T05:08:36.929+00:00","635498","false",
"6a7ea2ddec67901a7ec1","[""read(\""user:6a01751085c3c16ebe7a\"")""]","2026-08-14T05:08:46.111+00:00","2026-08-14T05:08:46.111+00:00","435279","false",
"6a7ea30149d8274c1bc5","[""read(\""user:69fae2e47893ef90d556\"")""]","2026-08-14T05:09:21.439+00:00","2026-08-14T05:09:21.439+00:00","184495","false",
"6a7ea325a7b887780da9","[""read(\""user:69ef2bc39028ce302d5c\"")""]","2026-08-14T05:09:58.000+00:00","2026-08-14T05:09:58.000+00:00","247092","false",
"6a7ea350d2ac0f4d7b8b","[""read(\""user:69ef2bc39028ce302d5c\"")""]","2026-08-14T05:10:40.999+00:00","2026-08-14T05:10:40.999+00:00","700499","false",
"6a7ea36eba7a364e10fc","[""read(\""user:6a263adb220c564846ca\"")""]","2026-08-14T05:11:10.912+00:00","2026-08-14T05:11:10.912+00:00","401630","false",
"6a7ea39be4a559c2f16a","[""read(\""user:69fd7251db1c6093daf0\"")""]","2026-08-14T05:11:56.114+00:00","2026-08-14T05:11:56.114+00:00","884870","false",
"6a7ea39f88b0f8084f78","[""read(\""user:69febed7000bec44efe8\"")""]","2026-08-14T05:11:59.711+00:00","2026-08-14T05:11:59.711+00:00","465130","false",
"6a7ea3d68f1b821f4379","[""read(\""user:6a263adb220c564846ca\"")""]","2026-08-14T05:12:54.772+00:00","2026-08-14T05:12:54.772+00:00","207368","false",
"6a7ea41551bdb308c6eb","[""read(\""user:69fec08b9b869a739b18\"")""]","2026-08-14T05:13:57.474+00:00","2026-08-14T05:13:57.474+00:00","194590","false",
"6a7ea4438ae3b870754d","[""read(\""user:6a04372a001d31783d20\"")""]","2026-08-14T05:14:43.725+00:00","2026-08-14T05:14:43.725+00:00","211266","false",
"6a7ea466c35954ea73f3","[""read(\""user:69fd7c831860abb38854\"")""]","2026-08-14T05:15:18.946+00:00","2026-08-14T05:15:18.946+00:00","217147","false",
"6a7ea4a330307497b1fe","[""read(\""user:69fd761e316f2de68732\"")""]","2026-08-14T05:16:19.358+00:00","2026-08-14T05:16:19.358+00:00","468786","false",
"6a7ea53576a4f3a851f0","[""read(\""user:69fd761e316f2de68732\"")""]","2026-08-14T05:18:45.634+00:00","2026-08-14T05:18:45.634+00:00","244522","false",
"6a7ea56191936abc2302","[""read(\""user:6a47275fec149a97c3a7\"")""]","2026-08-14T05:19:29.737+00:00","2026-08-14T05:19:29.737+00:00","474096","false",
"6a7ea5a98d6ce367e73b","[""read(\""user:69fc2c901607b46edac1\"")""]","2026-08-14T05:20:41.716+00:00","2026-08-14T05:20:41.716+00:00","983904","false",
"6a7ea5c2bf6ce0bfd443","[""read(\""user:6a7c43017d30d91fe5ad\"")""]","2026-08-14T05:21:06.934+00:00","2026-08-14T05:21:06.934+00:00","995340","false",
"6a7ea5fc498c764dc752","[""read(\""user:6a47275fec149a97c3a7\"")""]","2026-08-14T05:22:04.434+00:00","2026-08-14T05:22:04.434+00:00","809328","false",
"6a7ea651eaa716629a90","[""read(\""user:69fc05597e9701e422f5\"")""]","2026-08-14T05:23:30.103+00:00","2026-08-14T05:23:30.103+00:00","191193","false",
"6a7ea652d79452e36abe","[""read(\""user:69f17ce31063bb47319e\"")""]","2026-08-14T05:23:31.093+00:00","2026-08-14T05:23:31.093+00:00","475080","false",
"6a7ea698c4e867c510e9","[""read(\""user:69fc078100322b7b9c36\"")""]","2026-08-14T05:24:40.957+00:00","2026-08-14T05:24:40.957+00:00","909871","false",
"6a7ea6b8c1ed7360ec87","[""read(\""user:6a0bfe62ca5fa56e4f6f\"")""]","2026-08-14T05:25:12.929+00:00","2026-08-14T05:25:12.929+00:00","152969","false",
"6a7ea711c48fef39de8b","[""read(\""user:69f8df71643eba4f959e\"")""]","2026-08-14T05:26:41.953+00:00","2026-08-14T05:26:41.953+00:00","194135","false",
"6a7ea716dbc2054b946d","[""read(\""user:69fd761e316f2de68732\"")""]","2026-08-14T05:26:47.040+00:00","2026-08-14T05:26:47.040+00:00","289156","false",
"6a7ea741b3c34a9db8fb","[""read(\""user:6a02bd4f8601a4c36da7\"")""]","2026-08-14T05:27:29.875+00:00","2026-08-14T05:27:29.875+00:00","452433","false",
"6a7ea74752025e75d73a","[""read(\""user:6a76b95b9027f58161ee\"")""]","2026-08-14T05:27:35.537+00:00","2026-08-14T05:27:35.537+00:00","554512","false",
"6a7ea74da2c404a68cad","[""read(\""user:6a7d388576b43a79f7be\"")""]","2026-08-14T05:27:41.816+00:00","2026-08-14T05:27:41.816+00:00","949638","false",
"6a7ea76a3c5b038b8cda","[""read(\""user:6a47275fec149a97c3a7\"")""]","2026-08-14T05:28:10.397+00:00","2026-08-14T05:28:10.397+00:00","846198","false",
"6a7ea784c264d64beeeb","[""read(\""user:6a02bd4f8601a4c36da7\"")""]","2026-08-14T05:28:36.939+00:00","2026-08-14T05:28:36.939+00:00","303386","false",
"6a7ea853c9ce076bcdb5","[""read(\""user:69eaec4459f4d234f86a\"")""]","2026-08-14T05:32:03.966+00:00","2026-08-14T05:32:03.966+00:00","902115","false",
"6a7ea863657a72916837","[""read(\""user:6a01751085c3c16ebe7a\"")""]","2026-08-14T05:32:19.572+00:00","2026-08-14T05:32:19.572+00:00","395724","false",
"6a7ea88d4bf957c0bed8","[""read(\""user:6a5867ff4633522c3830\"")""]","2026-08-14T05:33:01.456+00:00","2026-08-14T05:33:01.456+00:00","843771","false",
"6a7ea8d0dd0ae07ab586","[""read(\""user:69fd761e316f2de68732\"")""]","2026-08-14T05:34:09.045+00:00","2026-08-14T05:34:09.045+00:00","527288","false",
"6a7ea8fa3ce84879493f","[""read(\""user:69ef2bc39028ce302d5c\"")""]","2026-08-14T05:34:50.387+00:00","2026-08-14T05:34:50.387+00:00","743487","false",
"6a7ea91c7dcdc14295fd","[""read(\""user:69ef2bc39028ce302d5c\"")""]","2026-08-14T05:35:24.652+00:00","2026-08-14T05:35:24.652+00:00","316154","false",
"6a7eaa0324db16670ac0","[""read(\""user:69ec3258bf73462135fc\"")""]","2026-08-14T05:39:15.305+00:00","2026-08-14T05:39:15.305+00:00","628899","false",
"6a7eaa3c15a897113b28","[""read(\""user:6a574a8533f30671358e\"")""]","2026-08-14T05:40:12.327+00:00","2026-08-14T05:40:12.327+00:00","832704","false",
"6a7eaa61b7b2a2828675","[""read(\""user:69f186e5c928d7ce0e79\"")""]","2026-08-14T05:40:49.904+00:00","2026-08-14T05:40:49.904+00:00","456035","false",
"6a7eab11b1c0aed40f59","[""read(\""user:69ec3258bf73462135fc\"")""]","2026-08-14T05:43:46.018+00:00","2026-08-14T05:43:46.018+00:00","018436","false",
"6a7eab1bdc26457c5d11","[""read(\""user:69ef2bc39028ce302d5c\"")""]","2026-08-14T05:43:56.065+00:00","2026-08-14T05:43:56.065+00:00","361019","false",
"6a7eabceafe24806b43a","[""read(\""user:69ec3258bf73462135fc\"")""]","2026-08-14T05:46:54.877+00:00","2026-08-14T05:46:54.877+00:00","181904","false",
"6a7eac949207c8463042","[""read(\""user:69f186e5c928d7ce0e79\"")""]","2026-08-14T05:50:12.769+00:00","2026-08-14T05:50:12.769+00:00","315051","false",
"6a7ead00a9eb6fe7e119","[""read(\""user:69fd761e316f2de68732\"")""]","2026-08-14T05:52:00.848+00:00","2026-08-14T05:52:00.848+00:00","475495","false",
"6a7ead44cfc8742dea82","[""read(\""user:6a7c43017d30d91fe5ad\"")""]","2026-08-14T05:53:09.064+00:00","2026-08-14T05:53:09.064+00:00","354899","false",
"6a7eae4e366a96cb5bd7","[""read(\""user:6a7c43017d30d91fe5ad\"")""]","2026-08-14T05:57:34.424+00:00","2026-08-14T05:57:34.424+00:00","270157","false",
"6a7eaf250d745947d6be","[""read(\""user:69f024856e706466b984\"")""]","2026-08-14T06:01:09.219+00:00","2026-08-14T06:01:09.219+00:00","367119","false",
"6a7eb00d5f9aadba0447","[""read(\""user:6a5f15d5ed0801344018\"")""]","2026-08-14T06:05:01.540+00:00","2026-08-14T06:05:01.540+00:00","152816","false",
"6a7eb07c0ae686608af0","[""read(\""user:69f2cfc3000d0d3a0716\"")""]","2026-08-14T06:06:52.199+00:00","2026-08-14T06:06:52.199+00:00","419944","false",
"6a7eb0eed3882c461838","[""read(\""user:69f2cfc3000d0d3a0716\"")""]","2026-08-14T06:08:47.029+00:00","2026-08-14T06:08:47.029+00:00","556654","false",
"6a7eb11fea03f1e8e142","[""read(\""user:6a4361227013442a4d52\"")""]","2026-08-14T06:09:36.105+00:00","2026-08-14T06:09:36.105+00:00","705894","false",
"6a7eb18cdab391a6ee12","[""read(\""user:69f2cfc3000d0d3a0716\"")""]","2026-08-14T06:11:25.058+00:00","2026-08-14T06:11:25.058+00:00","586032","false",
"6a7eb1da4eb5ab4683af","[""read(\""user:69f2cfc3000d0d3a0716\"")""]","2026-08-14T06:12:42.480+00:00","2026-08-14T06:12:42.480+00:00","805104","false",
"6a7eb28fc3e831ba0b2e","[""read(\""user:69f2cfc3000d0d3a0716\"")""]","2026-08-14T06:15:43.952+00:00","2026-08-14T06:15:43.952+00:00","671176","false",
"6a7eb412450f02fdd167","[""read(\""user:69fb0e4f001562014e99\"")""]","2026-08-14T06:22:10.442+00:00","2026-08-14T06:22:10.442+00:00","602242","false",
"6a7eb49be3346b1d136d","[""read(\""user:69f024856e706466b984\"")""]","2026-08-14T06:24:28.073+00:00","2026-08-14T06:24:28.073+00:00","931520","false",
"6a7eb59d232ddfa4213f","[""read(\""user:69fc441da437d3031943\"")""]","2026-08-14T06:28:45.298+00:00","2026-08-14T06:28:45.298+00:00","147488","false",
"6a7eb65c61f2860b80ae","[""read(\""user:6a1d0834b4aa4956a50d\"")""]","2026-08-14T06:31:56.556+00:00","2026-08-14T06:31:56.556+00:00","249352","false",
"6a7eb696a92f46fe21b0","[""read(\""user:6a5af135c6b7d10e8bd3\"")""]","2026-08-14T06:32:54.847+00:00","2026-08-14T06:32:54.847+00:00","828212","false",
"6a7eb6a18f3fd991f770","[""read(\""user:6a0d4a057f3afd722633\"")""]","2026-08-14T06:33:05.748+00:00","2026-08-14T06:33:05.748+00:00","172515","false",
"6a7eb78b70af7b48e15f","[""read(\""user:69f81533be8d8bcefb9f\"")""]","2026-08-14T06:36:59.627+00:00","2026-08-14T06:36:59.627+00:00","925061","false",
"6a7eb8c7d6fd7d469770","[""read(\""user:6a4c9eed086fdeee2f48\"")""]","2026-08-14T06:42:16.097+00:00","2026-08-14T06:42:16.097+00:00","866790","false",
"6a7eb90e42ec4869a340","[""read(\""user:6a69d995001a8ad05b3b\"")""]","2026-08-14T06:43:26.429+00:00","2026-08-14T06:43:26.429+00:00","527436","false",
"6a7eba55cd48c745b337","[""read(\""user:6a4c9eed086fdeee2f48\"")""]","2026-08-14T06:48:53.997+00:00","2026-08-14T06:48:53.997+00:00","345898","false",
"6a7ebcb90b7a11cb7cc6","[""read(\""user:6a01b1c00006aa8ae30b\"")""]","2026-08-14T06:59:05.204+00:00","2026-08-14T06:59:05.204+00:00","772447","false",
"6a7ebd13a130bb74ca92","[""read(\""user:6a1908dc2e567af684af\"")""]","2026-08-14T07:00:35.809+00:00","2026-08-14T07:00:35.809+00:00","951293","false",
"6a7ebd3c00bb4a65a2a4","[""read(\""user:6a70452920b89d670a8a\"")""]","2026-08-14T07:01:16.156+00:00","2026-08-14T07:01:16.156+00:00","668290","false",
"6a7ebf88ba83f0b8a440","[""read(\""user:6a4f144e00fac5432d2e\"")""]","2026-08-14T07:11:04.915+00:00","2026-08-14T07:11:04.915+00:00","689823","false",
"6a7ec06812c9503f9c22","[""read(\""user:6a7c43017d30d91fe5ad\"")""]","2026-08-14T07:14:48.250+00:00","2026-08-14T07:14:48.250+00:00","800463","false",
"6a7ec108a3ef850d6b26","[""read(\""user:6a744d5177f3361315ce\"")""]","2026-08-14T07:17:28.813+00:00","2026-08-14T07:17:28.813+00:00","178934","false",
"6a7ec12a3a96e5aa2b0a","[""read(\""user:6a744d5177f3361315ce\"")""]","2026-08-14T07:18:02.382+00:00","2026-08-14T07:18:02.382+00:00","991905","false",
"6a7ec15ac1e862ad0201","[""read(\""user:6a168e29f31856f36baf\"")""]","2026-08-14T07:18:50.944+00:00","2026-08-14T07:18:50.944+00:00","413476","false",
"6a7ec225ee0258bcd489","[""read(\""user:6a1fa19272b2be8773ea\"")""]","2026-08-14T07:22:14.142+00:00","2026-08-14T07:22:14.142+00:00","613832","false",
"6a7ec24117e5c3e4dddd","[""read(\""user:69c1804c14a9bcf2fbd9\"")""]","2026-08-14T07:22:41.254+00:00","2026-08-14T07:22:41.254+00:00","107343","false",
"6a7ec288169290b9c831","[""read(\""user:6a07e75c00007358a886\"")""]","2026-08-14T07:23:52.517+00:00","2026-08-14T07:23:52.517+00:00","067106","false",
"6a7ec289b866a35ec021","[""read(\""user:6a68568a543bb29f46f7\"")""]","2026-08-14T07:23:53.890+00:00","2026-08-14T07:23:53.890+00:00","659927","false",
"6a7ec31422512af79740","[""read(\""user:6a07e75c00007358a886\"")""]","2026-08-14T07:26:12.286+00:00","2026-08-14T07:26:12.286+00:00","998400","false",
"6a7ec361de2e4e3955e0","[""read(\""user:6a07e75c00007358a886\"")""]","2026-08-14T07:27:30.077+00:00","2026-08-14T07:27:30.077+00:00","263626","false",
"6a7ec37293ff000d1302","[""read(\""user:6a76ef050012d4d3ce9d\"")""]","2026-08-14T07:27:46.760+00:00","2026-08-14T07:27:46.760+00:00","030467","false",
"6a7ec384874097295adc","[""read(\""user:6a68568a543bb29f46f7\"")""]","2026-08-14T07:28:04.707+00:00","2026-08-14T07:28:04.707+00:00","553186","false",
"6a7ec38dd4f7d17cf06c","[""read(\""user:6a19e6e1c0957def6126\"")""]","2026-08-14T07:28:14.017+00:00","2026-08-14T07:28:14.017+00:00","986814","false",
"6a7ec3cd8972f5ad97e2","[""read(\""user:6a755ca326c6830133b8\"")""]","2026-08-14T07:29:17.732+00:00","2026-08-14T07:29:17.732+00:00","168922","false",
"6a7ec3f685842cbc0537","[""read(\""user:6a7ebeb5002365494e68\"")""]","2026-08-14T07:29:58.700+00:00","2026-08-14T07:29:58.700+00:00","412440","false",
"6a7ec42c2aa637da4236","[""read(\""user:6a07e75c00007358a886\"")""]","2026-08-14T07:30:52.333+00:00","2026-08-14T07:30:52.333+00:00","574037","false",
"6a7ec4bbe3733d4072dd","[""read(\""user:69fea6cd000e24137d92\"")""]","2026-08-14T07:33:16.076+00:00","2026-08-14T07:33:16.076+00:00","803591","false",
"6a7ec4da68f1116ade2c","[""read(\""user:6a19e6e1c0957def6126\"")""]","2026-08-14T07:33:46.568+00:00","2026-08-14T07:33:46.568+00:00","319222","false",
"6a7ec5a3c8ef63050a9d","[""read(\""user:69f8350bb65c54fb6700\"")""]","2026-08-14T07:37:07.988+00:00","2026-08-14T07:37:07.988+00:00","626705","false",
"6a7ec702a3203d6067d6","[""read(\""user:69f1b691096899e22a8c\"")""]","2026-08-14T07:42:58.813+00:00","2026-08-14T07:42:58.813+00:00","269462","false",
"6a7ec710ef5422dd4afa","[""read(\""user:6a746cbea386658ad601\"")""]","2026-08-14T07:43:13.132+00:00","2026-08-14T07:43:13.132+00:00","278051","false",
"6a7ec714e29b28461d66","[""read(\""user:6a746cbea386658ad601\"")""]","2026-08-14T07:43:17.075+00:00","2026-08-14T07:43:17.075+00:00","057440","false",
"6a7ec71751f20ff4ec81","[""read(\""user:6a746cbea386658ad601\"")""]","2026-08-14T07:43:19.480+00:00","2026-08-14T07:43:19.480+00:00","186173","false",
"6a7ec7256523c290e961","[""read(\""user:6a746cbea386658ad601\"")""]","2026-08-14T07:43:33.566+00:00","2026-08-14T07:43:33.566+00:00","669127","false",
"6a7ec734c9b071b2b035","[""read(\""user:6a746cbea386658ad601\"")""]","2026-08-14T07:43:48.969+00:00","2026-08-14T07:43:48.969+00:00","932205","false",
"6a7ec73931272591d05c","[""read(\""user:69fc04cd46255d74c904\"")""]","2026-08-14T07:43:53.341+00:00","2026-08-14T07:43:53.341+00:00","311698","false",
"6a7ec764eccd5151cfea","[""read(\""user:6a7ad86579f69802f3e0\"")""]","2026-08-14T07:44:37.106+00:00","2026-08-14T07:44:37.106+00:00","932475","false",
"6a7ec7cba8096b4a21ce","[""read(\""user:69eaf107d8192f1c7b61\"")""]","2026-08-14T07:46:19.836+00:00","2026-08-14T07:46:19.836+00:00","722147","false",
"6a7ec7da9e32d22fdeb2","[""read(\""user:6a0584340032e6b9bddc\"")""]","2026-08-14T07:46:34.795+00:00","2026-08-14T07:46:34.795+00:00","997295","false",
"6a7ec7fef2ec366f8e74","[""read(\""user:6a64401651c63b518918\"")""]","2026-08-14T07:47:11.141+00:00","2026-08-14T07:47:11.141+00:00","541959","false",
"6a7ec84aee9734ffc552","[""read(\""user:69eb06f25870c736dc01\"")""]","2026-08-14T07:48:27.123+00:00","2026-08-14T07:48:27.123+00:00","682822","false",
"6a7ec893c4432275f637","[""read(\""user:69f04e47026804d601cd\"")""]","2026-08-14T07:49:39.942+00:00","2026-08-14T07:49:39.942+00:00","234758","false",
"6a7ec8ca72c8876e38b9","[""read(\""user:6a1a56d9bfec44ab1657\"")""]","2026-08-14T07:50:34.605+00:00","2026-08-14T07:50:34.605+00:00","569114","false",
"6a7ec8d871d557221229","[""read(\""user:6a6b105f9e891de124c1\"")""]","2026-08-14T07:50:48.608+00:00","2026-08-14T07:50:48.608+00:00","193137","false",
"6a7ec947d776ac174cc1","[""read(\""user:69f04e47026804d601cd\"")""]","2026-08-14T07:52:40.025+00:00","2026-08-14T07:52:40.025+00:00","265560","false",
"6a7ec991e63b18c3b405","[""read(\""user:6a740d8bc1cc62eba5a2\"")""]","2026-08-14T07:53:54.094+00:00","2026-08-14T07:53:54.094+00:00","975982","false",
"6a7ec9cedd769876c22a","[""read(\""user:6a6b105f9e891de124c1\"")""]","2026-08-14T07:54:55.042+00:00","2026-08-14T07:54:55.042+00:00","794863","false",
"6a7eca9745236952d88b","[""read(\""user:6a740d8bc1cc62eba5a2\"")""]","2026-08-14T07:58:15.420+00:00","2026-08-14T07:58:15.420+00:00","443175","false",
"6a7ecacae9aeceee216b","[""read(\""user:69eaf107d8192f1c7b61\"")""]","2026-08-14T07:59:07.105+00:00","2026-08-14T07:59:07.105+00:00","342715","false",
"6a7ecb71dc4f5f5608a6","[""read(\""user:6a740d8bc1cc62eba5a2\"")""]","2026-08-14T08:01:54.052+00:00","2026-08-14T08:01:54.052+00:00","174598","false",
"6a7ecc0ea59dbd2114a2","[""read(\""user:6a740d8bc1cc62eba5a2\"")""]","2026-08-14T08:04:30.837+00:00","2026-08-14T08:04:30.837+00:00","572839","false",
"6a7ecc2ee0a37e7c0023","[""read(\""user:69eaec4459f4d234f86a\"")""]","2026-08-14T08:05:03.068+00:00","2026-08-14T08:05:03.068+00:00","979698","false",
"6a7ecc586636421c8665","[""read(\""user:69eaec4459f4d234f86a\"")""]","2026-08-14T08:05:44.572+00:00","2026-08-14T08:05:44.572+00:00","277262","false",
"6a7ecd0d4505e0dd5e60","[""read(\""user:69eaec4459f4d234f86a\"")""]","2026-08-14T08:08:45.435+00:00","2026-08-14T08:08:45.435+00:00","466205","false",
"6a7ecd2dbd7c36f9d1e3","[""read(\""user:69eaec4459f4d234f86a\"")""]","2026-08-14T08:09:17.932+00:00","2026-08-14T08:09:17.932+00:00","779640","false",
"6a7ecd76789149ab4ef4","[""read(\""user:69eaec4459f4d234f86a\"")""]","2026-08-14T08:10:30.633+00:00","2026-08-14T08:10:30.633+00:00","710608","false",
"6a7ecdc5171521a44426","[""read(\""user:69eaec4459f4d234f86a\"")""]","2026-08-14T08:11:49.236+00:00","2026-08-14T08:11:49.236+00:00","947775","false",
"6a7ece0fef857e364bc5","[""read(\""user:69eaec4459f4d234f86a\"")""]","2026-08-14T08:13:04.120+00:00","2026-08-14T08:13:04.120+00:00","856215","false",
"6a7ece980c3827515179","[""read(\""user:69eaec4459f4d234f86a\"")""]","2026-08-14T08:15:20.307+00:00","2026-08-14T08:15:20.307+00:00","676150","false",
"6a7ecf03784d6a5f63db","[""read(\""user:69eaec4459f4d234f86a\"")""]","2026-08-14T08:17:07.630+00:00","2026-08-14T08:17:07.630+00:00","455307","false",
"6a7ecf31bd4aabbb199e","[""read(\""user:69fedda3b501c9d5471d\"")""]","2026-08-14T08:17:53.924+00:00","2026-08-14T08:17:53.924+00:00","837213","false",
"6a7ecf9ac80453e062f7","[""read(\""user:69f2cfc3000d0d3a0716\"")""]","2026-08-14T08:19:38.956+00:00","2026-08-14T08:19:38.956+00:00","161637","false",
"6a7ecfea5a5334c2b35f","[""read(\""user:69eaec4459f4d234f86a\"")""]","2026-08-14T08:20:58.507+00:00","2026-08-14T08:20:58.507+00:00","282301","false",
"6a7ed02340a05d9af190","[""read(\""user:69eaec4459f4d234f86a\"")""]","2026-08-14T08:21:55.406+00:00","2026-08-14T08:21:55.406+00:00","365991","false",
"6a7ed07a40d71b0bf739","[""read(\""user:69eaec4459f4d234f86a\"")""]","2026-08-14T08:23:22.399+00:00","2026-08-14T08:23:22.399+00:00","405979","false",
"6a7ed13497e127802f22","[""read(\""user:69eaec4459f4d234f86a\"")""]","2026-08-14T08:26:28.763+00:00","2026-08-14T08:26:28.763+00:00","458441","false",
"6a7ed1a101166efb2229","[""read(\""user:69f2cfc3000d0d3a0716\"")""]","2026-08-14T08:28:17.145+00:00","2026-08-14T08:28:17.145+00:00","541448","false",
"6a7ed34d8e9b01a4761c","[""read(\""user:69f2cfc3000d0d3a0716\"")""]","2026-08-14T08:35:25.725+00:00","2026-08-14T08:35:25.725+00:00","121030","false",
"6a7ed364b33b97e727a6","[""read(\""user:69ef08cf9f60d0d7e52e\"")""]","2026-08-14T08:35:48.871+00:00","2026-08-14T08:35:48.871+00:00","095159","false",
"6a7ed39e114dbb79bcbb","[""read(\""user:69ef08cf9f60d0d7e52e\"")""]","2026-08-14T08:36:46.218+00:00","2026-08-14T08:36:46.218+00:00","414738","false",
"6a7ed3b801857b332b6a","[""read(\""user:6a758d500031c80f2002\"")""]","2026-08-14T08:37:12.166+00:00","2026-08-14T08:37:12.166+00:00","074916","false",
"6a7ed42a7d410e3d28cc","[""read(\""user:69ef08cf9f60d0d7e52e\"")""]","2026-08-14T08:39:06.667+00:00","2026-08-14T08:39:06.667+00:00","870661","false",
"6a7ed4ae89152347a5c2","[""read(\""user:69ef08cf9f60d0d7e52e\"")""]","2026-08-14T08:41:18.700+00:00","2026-08-14T08:41:18.700+00:00","728870","false",
"6a7ed4ee1b0ab0d7d379","[""read(\""user:69ef08cf9f60d0d7e52e\"")""]","2026-08-14T08:42:22.289+00:00","2026-08-14T08:42:22.289+00:00","161038","false",
"6a7ed57ef1cf65daaddd","[""read(\""user:69eaf107d8192f1c7b61\"")""]","2026-08-14T08:44:47.149+00:00","2026-08-14T08:44:47.149+00:00","091237","false",
"6a7ed59d0433a1444359","[""read(\""user:69eaf117ed7db18568f7\"")""]","2026-08-14T08:45:17.387+00:00","2026-08-14T08:45:17.387+00:00","471091","false",
"6a7ed5cccc802d1e6487","[""read(\""user:69eaf117ed7db18568f7\"")""]","2026-08-14T08:46:04.981+00:00","2026-08-14T08:46:04.981+00:00","625550","false",
"6a7ed6ef1b17dd92bddb","[""read(\""user:6a212e1b0c254d58bfdc\"")""]","2026-08-14T08:50:55.281+00:00","2026-08-14T08:50:55.281+00:00","465148","false",
"6a7ed758cdb18d7da3cc","[""read(\""user:69eaf117ed7db18568f7\"")""]","2026-08-14T08:52:40.988+00:00","2026-08-14T08:52:40.988+00:00","781587","false",
"6a7edd22d75b6996d730","[""read(\""user:6a623bfb86000dfbb662\"")""]","2026-08-14T09:17:23.031+00:00","2026-08-14T09:17:23.031+00:00","831886","false",
"6a7edd2ef15a9069f640","[""read(\""user:6a623bfb86000dfbb662\"")""]","2026-08-14T09:17:35.127+00:00","2026-08-14T09:17:35.127+00:00","729482","false",
"6a7edfbd25d1d2c9a324","[""read(\""user:6a018def617775e24c0f\"")""]","2026-08-14T09:28:29.295+00:00","2026-08-14T09:28:29.295+00:00","970184","false",
"6a7ee005c2541c845d31","[""read(\""user:6a01b1c00006aa8ae30b\"")""]","2026-08-14T09:29:41.948+00:00","2026-08-14T09:29:41.948+00:00","322059","false",
"6a7ee02998c582e32277","[""read(\""user:6a018def617775e24c0f\"")""]","2026-08-14T09:30:17.767+00:00","2026-08-14T09:30:17.767+00:00","564786","false",
"6a7ee0478b787585d2cb","[""read(\""user:69fc05597e9701e422f5\"")""]","2026-08-14T09:30:47.729+00:00","2026-08-14T09:30:47.729+00:00","191932","false",
"6a7ee0488ce5a59ea31e","[""read(\""user:6a018def617775e24c0f\"")""]","2026-08-14T09:30:48.722+00:00","2026-08-14T09:30:48.722+00:00","599619","false",
"6a7ee1383e81f459eb39","[""read(\""user:6a619eed36b5be300fab\"")""]","2026-08-14T09:34:48.398+00:00","2026-08-14T09:34:48.398+00:00","946351","false",
"6a7ee1d8bfaa59b183e9","[""read(\""user:69ef2bc39028ce302d5c\"")""]","2026-08-14T09:37:28.925+00:00","2026-08-14T09:37:28.925+00:00","386270","false",
"6a7ee259c19569c36a1a","[""read(\""user:69ef2bc39028ce302d5c\"")""]","2026-08-14T09:39:37.946+00:00","2026-08-14T09:39:37.946+00:00","321759","false",
"6a7ee27361b9b105f181","[""read(\""user:6a619eed36b5be300fab\"")""]","2026-08-14T09:40:03.545+00:00","2026-08-14T09:40:03.545+00:00","691749","false",
"6a7ee29123a316ab0fd4","[""read(\""user:6a4f524d133e9c595051\"")""]","2026-08-14T09:40:33.305+00:00","2026-08-14T09:40:33.305+00:00","831134","false",
"6a7ee2d40bf3c33b22a9","[""read(\""user:6a619eed36b5be300fab\"")""]","2026-08-14T09:41:40.189+00:00","2026-08-14T09:41:40.189+00:00","363988","false",
"6a7ee4ca9049267aec3e","[""read(\""user:6a7c43017d30d91fe5ad\"")""]","2026-08-14T09:50:02.730+00:00","2026-08-14T09:50:02.730+00:00","582595","false",
"6a7ee4d291f84f16e40c","[""read(\""user:6a619eed36b5be300fab\"")""]","2026-08-14T09:50:10.754+00:00","2026-08-14T09:50:10.754+00:00","722761","false",
"6a7ee5bea4442517c8cc","[""read(\""user:6a7c43017d30d91fe5ad\"")""]","2026-08-14T09:54:06.851+00:00","2026-08-14T09:54:06.851+00:00","536079","false",
"6a7ee67aed0a925f5e2e","[""read(\""user:6a7c43017d30d91fe5ad\"")""]","2026-08-14T09:57:15.116+00:00","2026-08-14T09:57:15.116+00:00","733638","false",
"6a7eeb38786ee34db2d9","[""read(\""user:69fad35c9e672312d1b5\"")""]","2026-08-14T10:17:28.637+00:00","2026-08-14T10:17:28.637+00:00","646000","false",
"6a7eeb47130a47c7cc51","[""read(\""user:6a72fd6f00241912b05b\"")""]","2026-08-14T10:17:43.232+00:00","2026-08-14T10:17:43.232+00:00","700631","false",
"6a7eef80ecebeb9510d4","[""read(\""user:6a13cfc49003468ee1ca\"")""]","2026-08-14T10:35:45.443+00:00","2026-08-14T10:35:45.443+00:00","139834","false",
"6a7ef01c174acf960c39","[""read(\""user:69eadae26e0781e47cbe\"")""]","2026-08-14T10:38:20.284+00:00","2026-08-14T10:38:20.284+00:00","909773","false",
"6a7ef3760eeea61e06d0","[""read(\""user:6a7ef2e8e939b8a0e4a0\"")""]","2026-08-14T10:52:38.269+00:00","2026-08-14T10:52:38.269+00:00","924796","false",
"6a7ef434a5b8f1e8ba8a","[""read(\""user:6a7ef2e8e939b8a0e4a0\"")""]","2026-08-14T10:55:49.095+00:00","2026-08-14T10:55:49.095+00:00","297880","false",
"6a7ef4a7a719166c8a28","[""read(\""user:6a7ef2e8e939b8a0e4a0\"")""]","2026-08-14T10:57:43.881+00:00","2026-08-14T10:57:43.881+00:00","015911","false",
"6a7ef5baa46689209c6c","[""read(\""user:6a02b210132776500b92\"")""]","2026-08-14T11:02:18.871+00:00","2026-08-14T11:02:18.871+00:00","550515","false",
"6a7f021f61b686de9ba2","[""read(\""user:6a7f01eb00061bfde078\"")""]","2026-08-14T11:55:11.552+00:00","2026-08-14T11:55:11.552+00:00","069158","false",
"6a7f7a4003f26db1547c","[""read(\""user:6a7f03b7860978fbea34\"")""]","2026-08-14T20:27:44.154+00:00","2026-08-14T20:27:44.154+00:00","534845","false",
"6a80102628a949225788","[""read(\""user:69eed559bd654fa6f369\"")""]","2026-08-15T07:07:18.334+00:00","2026-08-15T07:07:18.334+00:00","201947","false",
"6a80105150512740b13b","[""read(\""user:69eed559bd654fa6f369\"")""]","2026-08-15T07:08:01.493+00:00","2026-08-15T07:08:01.493+00:00","935507","false",
"6a802bf5136cd3dba4e1","[""read(\""user:6a802b9edf0e02b5c394\"")""]","2026-08-15T09:05:57.223+00:00","2026-08-15T09:05:57.223+00:00","686385","false",
"6a8034872d9681d3f9de","[""read(\""user:69f024856e706466b984\"")""]","2026-08-15T09:42:31.337+00:00","2026-08-15T09:42:31.337+00:00","378332","false",
"6a80a52607f226c68a91","[""read(\""user:6a64b6d100395560bac6\"")""]","2026-08-15T17:43:02.177+00:00","2026-08-15T17:43:02.177+00:00","071428","false",
"6a80a54e71c40ca06acf","[""read(\""user:69b0040108f2d205a57b\"")""]","2026-08-15T17:43:42.610+00:00","2026-08-15T17:43:42.610+00:00","207327","false",
"6a812de0e7060bef1666","[""read(\""user:6a5267791e7e5690d10a\"")""]","2026-08-16T03:26:25.102+00:00","2026-08-16T03:26:25.102+00:00","765521","false",
"6a81350612bc5ffb47af","[""read(\""user:6a5267791e7e5690d10a\"")""]","2026-08-16T03:56:54.222+00:00","2026-08-16T03:56:54.222+00:00","923930","false",
"6a813872ab863edac270","[""read(\""user:6a5267791e7e5690d10a\"")""]","2026-08-16T04:11:30.846+00:00","2026-08-16T04:11:30.846+00:00","939864","false",
"6a814789b05a81f211ba","[""read(\""user:69c1804c14a9bcf2fbd9\"")""]","2026-08-16T05:15:53.862+00:00","2026-08-16T05:15:53.862+00:00","184081","false",
"6a814ad889c195ac867a","[""read(\""user:6a64b6d100395560bac6\"")""]","2026-08-16T05:30:00.706+00:00","2026-08-16T05:30:00.706+00:00","061185","false",
"6a814f34b2a358dd8e9b","[""read(\""user:6a64b6d100395560bac6\"")""]","2026-08-16T05:48:36.865+00:00","2026-08-16T05:48:36.865+00:00","616239","false",
"6a8151f3c28c8df367aa","[""read(\""user:6a5267791e7e5690d10a\"")""]","2026-08-16T06:00:19.938+00:00","2026-08-16T06:00:19.938+00:00","632910","false",
"6a8152aa58db2b794e09","[""read(\""user:6a5267791e7e5690d10a\"")""]","2026-08-16T06:03:22.505+00:00","2026-08-16T06:03:22.505+00:00","773499","false",
"6a8154f6936a8f3cd31f","[""read(\""user:6a5267791e7e5690d10a\"")""]","2026-08-16T06:13:10.734+00:00","2026-08-16T06:13:10.734+00:00","446906","false",
"6a815517d96fb83718c4","[""read(\""user:69b0040108f2d205a57b\"")""]","2026-08-16T06:13:44.026+00:00","2026-08-16T06:13:44.026+00:00","003647","false",
"6a8156e005f601eb8815","[""read(\""user:6a81562c003d8341d311\"")""]","2026-08-16T06:21:20.172+00:00","2026-08-16T06:21:20.172+00:00","308157","false",
"6a8157302c82f090eaa3","[""read(\""user:69b0040108f2d205a57b\"")""]","2026-08-16T06:22:40.337+00:00","2026-08-16T06:22:40.337+00:00","115174","false",
"6a81591155e99d88bfe3","[""read(\""user:6a5267791e7e5690d10a\"")""]","2026-08-16T06:30:41.504+00:00","2026-08-16T06:30:41.504+00:00","181204","false",
"6a81593509af1f4b5592","[""read(\""user:6a5267791e7e5690d10a\"")""]","2026-08-16T06:31:17.193+00:00","2026-08-16T06:31:17.193+00:00","497643","false",
"6a815b564066d6550e9e","[""read(\""user:6a5267791e7e5690d10a\"")""]","2026-08-16T06:40:22.427+00:00","2026-08-16T06:40:22.427+00:00","513920","false",
"6a815f047ae14204df3b","[""read(\""user:6a815e96336b1a08ee7d\"")""]","2026-08-16T06:56:04.643+00:00","2026-08-16T06:56:04.643+00:00","495236","false",
"6a815f5e922ff2aeca18","[""read(\""user:6a0ae6a42b068b2d2f5a\"")""]","2026-08-16T06:57:34.744+00:00","2026-08-16T06:57:34.744+00:00","211096","false",
"6a815f95386436705703","[""read(\""user:6a0ae6a42b068b2d2f5a\"")""]","2026-08-16T06:58:29.383+00:00","2026-08-16T06:58:29.383+00:00","161260","false",
"6a81829f3ea4712330ab","[""read(\""user:6a5267791e7e5690d10a\"")""]","2026-08-16T09:27:59.403+00:00","2026-08-16T09:27:59.403+00:00","230300","false",
"6a8182f41812782bec42","[""read(\""user:6a5267791e7e5690d10a\"")""]","2026-08-16T09:29:24.327+00:00","2026-08-16T09:29:24.327+00:00","934361","false",
"6a818430bf02c99de0cc","[""read(\""user:6a0ae6a42b068b2d2f5a\"")""]","2026-08-16T09:34:40.919+00:00","2026-08-16T09:34:40.919+00:00","342885","false",
"6a818f3a70480a104dd7","[""read(\""user:6a5267791e7e5690d10a\"")""]","2026-08-16T10:21:46.608+00:00","2026-08-16T10:21:46.608+00:00","573876","false",
"6a81917c96ea340445af","[""read(\""user:6a5267791e7e5690d10a\"")""]","2026-08-16T10:31:24.763+00:00","2026-08-16T10:31:24.763+00:00","032047","false",
"6a819197da1d955a925d","[""read(\""user:6a819000e37a1d10c580\"")""]","2026-08-16T10:31:52.042+00:00","2026-08-16T10:31:52.042+00:00","277900","false",
"6a8191bbe0d1a0d1eb62","[""read(\""user:6a819000e37a1d10c580\"")""]","2026-08-16T10:32:28.070+00:00","2026-08-16T10:32:28.070+00:00","790617","false",
"6a8195ee9bfa39bd513e","[""read(\""user:6a0ae6a42b068b2d2f5a\"")""]","2026-08-16T10:50:22.829+00:00","2026-08-16T10:50:22.829+00:00","882785","false",
"6a81963d4bde19b6ee6c","[""read(\""user:6a5267791e7e5690d10a\"")""]","2026-08-16T10:51:41.462+00:00","2026-08-16T10:51:41.462+00:00","063990","false",
"6a8197b6a97cbcd8ed5f","[""read(\""user:6a5267791e7e5690d10a\"")""]","2026-08-16T10:57:58.840+00:00","2026-08-16T10:57:58.840+00:00","456281","false",
"6a819b6b471c962521ca","[""read(\""user:6a819b17537f95b3da6d\"")""]","2026-08-16T11:13:47.434+00:00","2026-08-16T11:13:47.434+00:00","409093","false",
"6a819dd4552d8ec1e5d5","[""read(\""user:6a819b17537f95b3da6d\"")""]","2026-08-16T11:24:04.488+00:00","2026-08-16T11:24:04.488+00:00","159936","false",
"6a81a18d301d8709a02f","[""read(\""user:6a816d42001804113916\"")""]","2026-08-16T11:39:57.334+00:00","2026-08-16T11:39:57.334+00:00","904181","false",
"6a81a292ca2807e6594c","[""read(\""user:6a816d42001804113916\"")""]","2026-08-16T11:44:18.962+00:00","2026-08-16T11:44:18.962+00:00","523105","false",
"6a81a39a21f820e9dc43","[""read(\""user:6a819000e37a1d10c580\"")""]","2026-08-16T11:48:42.274+00:00","2026-08-16T11:48:42.274+00:00","982959","false",
"6a81a3f80199fa0a848b","[""read(\""user:6a819000e37a1d10c580\"")""]","2026-08-16T11:50:16.156+00:00","2026-08-16T11:50:16.156+00:00","899764","false",
"6a81a40e5fa210a1516f","[""read(\""user:6a819000e37a1d10c580\"")""]","2026-08-16T11:50:38.532+00:00","2026-08-16T11:50:38.532+00:00","463430","false",
"6a81a4302db186cddd66","[""read(\""user:6a819000e37a1d10c580\"")""]","2026-08-16T11:51:12.328+00:00","2026-08-16T11:51:12.328+00:00","824841","false",
"6a81acfb8e5542608a29","[""read(\""user:6a816d42001804113916\"")""]","2026-08-16T12:28:43.712+00:00","2026-08-16T12:28:43.712+00:00","972539","false",
"6a81c7dee21b63d97fcb","[""read(\""user:6a81c6340016bcddff0b\"")""]","2026-08-16T14:23:27.096+00:00","2026-08-16T14:23:27.096+00:00","392940","false",
"6a81c88bad07ae66eb78","[""read(\""user:6a81c6340016bcddff0b\"")""]","2026-08-16T14:26:19.874+00:00","2026-08-16T14:26:19.874+00:00","782073","false",
"6a81c97fd75741357e83","[""read(\""user:6a81c6340016bcddff0b\"")""]","2026-08-16T14:30:24.010+00:00","2026-08-16T14:30:24.010+00:00","253817","false",
"6a81ca196327cc1431ab","[""read(\""user:6a81c6340016bcddff0b\"")""]","2026-08-16T14:32:57.542+00:00","2026-08-16T14:32:57.542+00:00","097782","false",
"6a81ca2d715260e04d25","[""read(\""user:6a81c6340016bcddff0b\"")""]","2026-08-16T14:33:17.595+00:00","2026-08-16T14:33:17.595+00:00","945167","false",
"6a81caa0bb2ef4116a02","[""read(\""user:6a81c6340016bcddff0b\"")""]","2026-08-16T14:35:12.917+00:00","2026-08-16T14:35:12.917+00:00","765337","false",
"6a82789ad470feb9cc52","[""read(\""user:69eadae26e0781e47cbe\"")""]","2026-08-17T02:57:31.002+00:00","2026-08-17T02:57:31.002+00:00","380075","false",
"6a827929dcf84c4120be","[""read(\""user:69f08ae419946490985b\"")""]","2026-08-17T02:59:54.044+00:00","2026-08-17T02:59:54.044+00:00","084670","false",
"6a82796e71b38189fa2d","[""read(\""user:69f08ae419946490985b\"")""]","2026-08-17T03:01:02.598+00:00","2026-08-17T03:01:02.598+00:00","738648","false",
"6a827a01b6a47afa7193","[""read(\""user:6a793f92dade498be191\"")""]","2026-08-17T03:03:29.877+00:00","2026-08-17T03:03:29.877+00:00","183894","false",
"6a827bad13c46b21d534","[""read(\""user:69fb0e4f001562014e99\"")""]","2026-08-17T03:10:37.218+00:00","2026-08-17T03:10:37.218+00:00","679446","false",
"6a827c4df2f3a10a8b45","[""read(\""user:69f06cf95898ad143a2d\"")""]","2026-08-17T03:13:18.151+00:00","2026-08-17T03:13:18.151+00:00","804947","false",
"6a827c65badf63de5ca0","[""read(\""user:69f82a204d52759abde3\"")""]","2026-08-17T03:13:42.086+00:00","2026-08-17T03:13:42.086+00:00","417387","false",
"6a827c8e68a6ff4506ba","[""read(\""user:69fac55e000879b37311\"")""]","2026-08-17T03:14:22.556+00:00","2026-08-17T03:14:22.556+00:00","779019","false",
"6a827c9373a84f1dc754","[""read(\""user:69f06cf95898ad143a2d\"")""]","2026-08-17T03:14:27.615+00:00","2026-08-17T03:14:27.615+00:00","746773","false",
"6a827ce379cb9bda14e0","[""read(\""user:69f82a204d52759abde3\"")""]","2026-08-17T03:15:47.632+00:00","2026-08-17T03:15:47.632+00:00","319627","false",
"6a827cefd4b56731181b","[""read(\""user:6a827c841372495fed44\"")""]","2026-08-17T03:16:00.005+00:00","2026-08-17T03:16:00.005+00:00","254774","false",
"6a827d23cc5e66587fbf","[""read(\""user:6a03f0d0001f1dabae91\"")""]","2026-08-17T03:16:51.976+00:00","2026-08-17T03:16:51.976+00:00","195428","false",
"6a827d41396f59a54f80","[""read(\""user:6a01751085c3c16ebe7a\"")""]","2026-08-17T03:17:21.370+00:00","2026-08-17T03:17:21.370+00:00","713176","false",
"6a827d6576673a52adf4","[""read(\""user:6a827c841372495fed44\"")""]","2026-08-17T03:17:57.619+00:00","2026-08-17T03:17:57.619+00:00","564078","false",
"6a827d6fc39bd216add4","[""read(\""user:6a7be726060ea666ca8e\"")""]","2026-08-17T03:18:07.929+00:00","2026-08-17T03:18:07.929+00:00","169992","false",
"6a827d8c6fab1dc49453","[""read(\""user:6a06b0bea8bfe4cca583\"")""]","2026-08-17T03:18:36.595+00:00","2026-08-17T03:18:36.595+00:00","580843","false",
"6a827d913d9f9e42be36","[""read(\""user:6a70452920b89d670a8a\"")""]","2026-08-17T03:18:41.383+00:00","2026-08-17T03:18:41.383+00:00","380374","false",
"6a827da1d73f02123efa","[""read(\""user:69f9629be845f13b0bbd\"")""]","2026-08-17T03:18:58.010+00:00","2026-08-17T03:18:58.010+00:00","186601","false",
"6a827dc43eb4779bc2b0","[""read(\""user:6a03f0d0001f1dabae91\"")""]","2026-08-17T03:19:32.388+00:00","2026-08-17T03:19:32.388+00:00","910987","false",
"6a827def5b877751524b","[""read(\""user:6a265b2136a612a2fd8c\"")""]","2026-08-17T03:20:15.503+00:00","2026-08-17T03:20:15.503+00:00","388578","false",
"6a827dfe5ecbbae176e3","[""read(\""user:69f2c9748534dd0fc07f\"")""]","2026-08-17T03:20:30.526+00:00","2026-08-17T03:20:30.526+00:00","179538","false",
"6a827e07ce86d9b96366","[""read(\""user:69ef1a9ade02ef9599f2\"")""]","2026-08-17T03:20:39.973+00:00","2026-08-17T03:20:39.973+00:00","111432","false",
"6a827e34da9728cf73b2","[""read(\""user:69ef1a9ade02ef9599f2\"")""]","2026-08-17T03:21:25.034+00:00","2026-08-17T03:21:25.034+00:00","329716","false",
"6a827e5920b91c4c96f2","[""read(\""user:69fee4c1de292f44ebe9\"")""]","2026-08-17T03:22:01.291+00:00","2026-08-17T03:22:01.291+00:00","971228","false",
"6a827e65215eab094716","[""read(\""user:69eadae26e0781e47cbe\"")""]","2026-08-17T03:22:13.275+00:00","2026-08-17T03:22:13.275+00:00","805157","false",
"6a827ef5f1c2ec742fed","[""read(\""user:6a03f0d0001f1dabae91\"")""]","2026-08-17T03:24:38.129+00:00","2026-08-17T03:24:38.129+00:00","294913","false",
"6a827ef768ff87405d1e","[""read(\""user:6a4f144e00fac5432d2e\"")""]","2026-08-17T03:24:39.561+00:00","2026-08-17T03:24:39.561+00:00","969089","false",
"6a827efff3081e9e53a6","[""read(\""user:6a5f00455934645378b9\"")""]","2026-08-17T03:24:48.135+00:00","2026-08-17T03:24:48.135+00:00","127820","false",
"6a827f0b9523855c2437","[""read(\""user:6a4f144e00fac5432d2e\"")""]","2026-08-17T03:24:59.755+00:00","2026-08-17T03:24:59.755+00:00","155983","false",
"6a827fb4cd6bc503a718","[""read(\""user:69fc4df83e2dcdb30e11\"")""]","2026-08-17T03:27:48.972+00:00","2026-08-17T03:27:48.972+00:00","800858","false",
"6a827ffb48f7f48affb2","[""read(\""user:6a4f144e00fac5432d2e\"")""]","2026-08-17T03:28:59.426+00:00","2026-08-17T03:28:59.426+00:00","442219","false",
"6a8280e33d63553c09f7","[""read(\""user:69f1790cde23eef6e43b\"")""]","2026-08-17T03:32:51.382+00:00","2026-08-17T03:32:51.382+00:00","996307","false",
"6a8281616c43755a5e2a","[""read(\""user:6a0804c90020c4ed0d55\"")""]","2026-08-17T03:34:57.578+00:00","2026-08-17T03:34:57.578+00:00","688487","false",
"6a8281e5eccfb11458ca","[""read(\""user:6a0804c90020c4ed0d55\"")""]","2026-08-17T03:37:10.103+00:00","2026-08-17T03:37:10.103+00:00","521164","false",
"6a8282049b618a8c3448","[""read(\""user:6a4f144e00fac5432d2e\"")""]","2026-08-17T03:37:40.772+00:00","2026-08-17T03:37:40.772+00:00","508569","false",
"6a82821b9bdddd2ea37d","[""read(\""user:6a4f144e00fac5432d2e\"")""]","2026-08-17T03:38:04.033+00:00","2026-08-17T03:38:04.033+00:00","944174","false",
"6a828282cfd7ee4d1db4","[""read(\""user:69f74377bece68933528\"")""]","2026-08-17T03:39:46.987+00:00","2026-08-17T03:39:46.987+00:00","139763","false",
"6a8282c1e61459cfa23e","[""read(\""user:69eaf107d8192f1c7b61\"")""]","2026-08-17T03:40:50.073+00:00","2026-08-17T03:40:50.073+00:00","557396","false",
"6a82832ea3c63afb3717","[""read(\""user:69f74377bece68933528\"")""]","2026-08-17T03:42:38.812+00:00","2026-08-17T03:42:38.812+00:00","665369","false",
"6a8284daac558686b363","[""read(\""user:6a01751085c3c16ebe7a\"")""]","2026-08-17T03:49:46.842+00:00","2026-08-17T03:49:46.842+00:00","472653","false",
"6a82871e939e935621ef","[""read(\""user:6a55b8d84e9091655dd2\"")""]","2026-08-17T03:59:26.739+00:00","2026-08-17T03:59:26.739+00:00","930475","false",
"6a82879b745082d8fcb7","[""read(\""user:6a55ba91b5fa187f0061\"")""]","2026-08-17T04:01:31.617+00:00","2026-08-17T04:01:31.617+00:00","820331","false",
"6a828b36b7843d3ef268","[""read(\""user:69f1967dc72f13201a49\"")""]","2026-08-17T04:16:54.906+00:00","2026-08-17T04:16:54.906+00:00","649718","false",
"6a828c597b0de14e7125","[""read(\""user:6a828b31ac8ac6d5a5dd\"")""]","2026-08-17T04:21:45.655+00:00","2026-08-17T04:21:45.655+00:00","814290","false",
"6a828e9b6c674fa41ef7","[""read(\""user:6a5267791e7e5690d10a\"")""]","2026-08-17T04:31:23.584+00:00","2026-08-17T04:31:23.584+00:00","676613","false",
"6a829060a5aeca2f055c","[""read(\""user:6a58504514353286cc69\"")""]","2026-08-17T04:38:56.819+00:00","2026-08-17T04:38:56.819+00:00","462404","false",
"6a829128d66bfc52d62a","[""read(\""user:6a043a7f063deab48088\"")""]","2026-08-17T04:42:17.018+00:00","2026-08-17T04:42:17.018+00:00","969111","false",
"6a829132351c8381029e","[""read(\""user:6a167a2704905452b21b\"")""]","2026-08-17T04:42:26.354+00:00","2026-08-17T04:42:26.354+00:00","642787","false",
"6a8291da73fd58fda7ff","[""read(\""user:6a2fb7bc4b1fec87faa7\"")""]","2026-08-17T04:45:14.626+00:00","2026-08-17T04:45:14.626+00:00","756443","false",
"6a82926178d1adf9c7cd","[""read(\""user:6a2fb7bc4b1fec87faa7\"")""]","2026-08-17T04:47:29.655+00:00","2026-08-17T04:47:29.655+00:00","746784","false",
"6a82927c3aa1db3976e4","[""read(\""user:6a2fb7bc4b1fec87faa7\"")""]","2026-08-17T04:47:56.389+00:00","2026-08-17T04:47:56.389+00:00","835689","false",
"6a8293d76f2a5edeaf51","[""read(\""user:6a7ad41e5dd5340f8a4c\"")""]","2026-08-17T04:53:43.580+00:00","2026-08-17T04:53:43.580+00:00","626847","false",
"6a82942aedb79d2265ba","[""read(\""user:69fac55e000879b37311\"")""]","2026-08-17T04:55:07.132+00:00","2026-08-17T04:55:07.132+00:00","410810","false",
"6a82943b2d9826c973a2","[""read(\""user:69fac55e000879b37311\"")""]","2026-08-17T04:55:23.325+00:00","2026-08-17T04:55:23.325+00:00","682961","false",
"6a82950dbf5fe58d9201","[""read(\""user:6a59dc8c6fce60aa62dd\"")""]","2026-08-17T04:58:53.955+00:00","2026-08-17T04:58:53.955+00:00","323356","false",
"6a82952b324abb64c191","[""read(\""user:6a0ab9cd1907dcbb4d8d\"")""]","2026-08-17T04:59:23.683+00:00","2026-08-17T04:59:23.683+00:00","695604","false",
"6a829550c0d59c981a80","[""read(\""user:6a71ae6684940260fa22\"")""]","2026-08-17T05:00:00.932+00:00","2026-08-17T05:00:00.932+00:00","209867","false",
"6a82957a9e5b15b21f54","[""read(\""user:6a043a7f063deab48088\"")""]","2026-08-17T05:00:42.818+00:00","2026-08-17T05:00:42.818+00:00","161853","false",
"6a82957f1cdfb4fefb42","[""read(\""user:6a71ae6684940260fa22\"")""]","2026-08-17T05:00:47.267+00:00","2026-08-17T05:00:47.267+00:00","229173","false",
"6a8295ba77c66235849c","[""read(\""user:6a5267791e7e5690d10a\"")""]","2026-08-17T05:01:46.673+00:00","2026-08-17T05:01:46.673+00:00","200199","false",
"6a8295f8a1df504b9f96","[""read(\""user:6a71ae6684940260fa22\"")""]","2026-08-17T05:02:48.822+00:00","2026-08-17T05:02:48.822+00:00","144101","false",
"6a829627e14d81f10c82","[""read(\""user:6a040a413c8595473514\"")""]","2026-08-17T05:03:36.116+00:00","2026-08-17T05:03:36.116+00:00","365389","false",
"6a82962a3b46f8e890d0","[""read(\""user:6a2cc941d85be33bd582\"")""]","2026-08-17T05:03:38.747+00:00","2026-08-17T05:03:38.747+00:00","723340","false",
"6a82967b71c0d4951f9b","[""read(\""user:69f2e7f2d60bb08821f6\"")""]","2026-08-17T05:04:59.653+00:00","2026-08-17T05:04:59.653+00:00","680966","false",
"6a82967e86efc9d9d9e4","[""read(\""user:6a26583c0037e64c01a2\"")""]","2026-08-17T05:05:02.731+00:00","2026-08-17T05:05:02.731+00:00","729782","false",
"6a82968924391fecbd94","[""read(\""user:6a0a89785316c62aeee4\"")""]","2026-08-17T05:05:13.376+00:00","2026-08-17T05:05:13.376+00:00","573179","false",
"6a8296d7ad3d3bb874ad","[""read(\""user:6a7ad41e5dd5340f8a4c\"")""]","2026-08-17T05:06:31.837+00:00","2026-08-17T05:06:31.837+00:00","750164","false",
"6a8296e23dbd63bbf166","[""read(\""user:69f865300bcf85835d1d\"")""]","2026-08-17T05:06:42.390+00:00","2026-08-17T05:06:42.390+00:00","036221","false",
"6a8296ebcb1dcc45a94c","[""read(\""user:6a0c2181473a4824e541\"")""]","2026-08-17T05:06:51.971+00:00","2026-08-17T05:06:51.971+00:00","571794","false",
"6a82971c14c6849d3275","[""read(\""user:69eb07149c0db12f1d60\"")""]","2026-08-17T05:07:40.225+00:00","2026-08-17T05:07:40.225+00:00","814664","false",
"6a82971c83e4a5722606","[""read(\""user:6a043a7f063deab48088\"")""]","2026-08-17T05:07:40.686+00:00","2026-08-17T05:07:40.686+00:00","682302","false",
"6a82972254b0660853d6","[""read(\""user:6a0a89785316c62aeee4\"")""]","2026-08-17T05:07:46.481+00:00","2026-08-17T05:07:46.481+00:00","510235","false",
"6a829735b0dc37e395f1","[""read(\""user:69f3238d0a2391dd5035\"")""]","2026-08-17T05:08:05.866+00:00","2026-08-17T05:08:05.866+00:00","981591","false",
"6a82973986f1e913d253","[""read(\""user:69ef1a9ade02ef9599f2\"")""]","2026-08-17T05:08:09.694+00:00","2026-08-17T05:08:09.694+00:00","553255","false",
"6a82976b6c1fb49d9c53","[""read(\""user:69f2e7f2d60bb08821f6\"")""]","2026-08-17T05:08:59.603+00:00","2026-08-17T05:08:59.603+00:00","110316","false",
"6a8297afcf41eb8dd58c","[""read(\""user:6a1d46d81fce403a731d\"")""]","2026-08-17T05:10:08.037+00:00","2026-08-17T05:10:08.037+00:00","431729","false",
"6a8297c7298e50de79d2","[""read(\""user:69f089f91d3da4f9aed0\"")""]","2026-08-17T05:10:31.308+00:00","2026-08-17T05:10:31.308+00:00","145869","false",
"6a8297eb7f1d16226c55","[""read(\""user:69fad7ab79a803b5ec27\"")""]","2026-08-17T05:11:07.660+00:00","2026-08-17T05:11:07.660+00:00","458278","false",
"6a8297fd4947026e13e7","[""read(\""user:69f2e7f2d60bb08821f6\"")""]","2026-08-17T05:11:25.431+00:00","2026-08-17T05:11:25.431+00:00","710138","false",
"6a8297fd803afdb993b6","[""read(\""user:69ef1a9ade02ef9599f2\"")""]","2026-08-17T05:11:25.655+00:00","2026-08-17T05:11:25.655+00:00","170698","false",
"6a829809ea6be75dd242","[""read(\""user:69f1b086539caaae1c7e\"")""]","2026-08-17T05:11:38.096+00:00","2026-08-17T05:11:38.096+00:00","312072","false",
"6a82981d1ebd13744f46","[""read(\""user:69fad7ab79a803b5ec27\"")""]","2026-08-17T05:11:57.259+00:00","2026-08-17T05:11:57.259+00:00","512252","false",
"6a8298217a069ed6d632","[""read(\""user:69fb0e85af7a66cd0277\"")""]","2026-08-17T05:12:01.636+00:00","2026-08-17T05:12:01.636+00:00","638523","false",
"6a82984934406535fb48","[""read(\""user:69fad7ab79a803b5ec27\"")""]","2026-08-17T05:12:41.339+00:00","2026-08-17T05:12:41.339+00:00","851754","false",
"6a829858696f5f81b8bb","[""read(\""user:69f089f91d3da4f9aed0\"")""]","2026-08-17T05:12:56.572+00:00","2026-08-17T05:12:56.572+00:00","785921","false",
"6a829860b484f4b05a31","[""read(\""user:69fad7ab79a803b5ec27\"")""]","2026-08-17T05:13:04.869+00:00","2026-08-17T05:13:04.869+00:00","951499","false",
"6a82988a8ca1a4f2fbbb","[""read(\""user:6a014a56ce8a488d1e29\"")""]","2026-08-17T05:13:46.712+00:00","2026-08-17T05:13:46.712+00:00","190633","false",
"6a8298a396f0c5b61ea2","[""read(\""user:69ef1a9ade02ef9599f2\"")""]","2026-08-17T05:14:11.751+00:00","2026-08-17T05:14:11.751+00:00","965087","false",
"6a8298b0069732dcbe82","[""read(\""user:69eee49ac95be3f7ff70\"")""]","2026-08-17T05:14:24.158+00:00","2026-08-17T05:14:24.158+00:00","729539","false",
"6a8298b79dd29dbb846d","[""read(\""user:69eedca364dda2ff70b5\"")""]","2026-08-17T05:14:31.782+00:00","2026-08-17T05:14:31.782+00:00","796518","false",
"6a8298caa22e6d756a3e","[""read(\""user:6a604f0bef6c19b852e9\"")""]","2026-08-17T05:14:50.795+00:00","2026-08-17T05:14:50.795+00:00","483578","false",
"6a8298cb91961a266bf6","[""read(\""user:69fd6ec97ae0cdb0fc5d\"")""]","2026-08-17T05:14:51.730+00:00","2026-08-17T05:14:51.730+00:00","423791","false",
"6a82993cf07c7f819d74","[""read(\""user:69ec321ccfc8c17fabdc\"")""]","2026-08-17T05:16:45.185+00:00","2026-08-17T05:16:45.185+00:00","451712","false",
"6a82996410c29ee168be","[""read(\""user:6a5dce40647104b74222\"")""]","2026-08-17T05:17:24.204+00:00","2026-08-17T05:17:24.204+00:00","647635","false",
"6a8299739b6454e927a9","[""read(\""user:6a1d4659d650e9c3dd73\"")""]","2026-08-17T05:17:39.768+00:00","2026-08-17T05:17:39.768+00:00","644462","false",
"6a8299e8979cb1fc4673","[""read(\""user:69fb0e85af7a66cd0277\"")""]","2026-08-17T05:19:36.775+00:00","2026-08-17T05:19:36.775+00:00","497213","false",
"6a8299ff078bc45583df","[""read(\""user:69f1caa6863a75f823e5\"")""]","2026-08-17T05:19:59.161+00:00","2026-08-17T05:19:59.161+00:00","710966","false",
"6a829a13bc5a3e7e9407","[""read(\""user:6a715ca39e6072003587\"")""]","2026-08-17T05:20:19.907+00:00","2026-08-17T05:20:19.907+00:00","062446","false",
"6a829a47ed37c488be9e","[""read(\""user:69f99d1aa5e44991b427\"")""]","2026-08-17T05:21:12.101+00:00","2026-08-17T05:21:12.101+00:00","982904","false",
"6a829ad55c3eeaa6e524","[""read(\""user:69f99d1aa5e44991b427\"")""]","2026-08-17T05:23:33.510+00:00","2026-08-17T05:23:33.510+00:00","344146","false",
"6a829b25010c370c251f","[""read(\""user:6a604f0bef6c19b852e9\"")""]","2026-08-17T05:24:53.133+00:00","2026-08-17T05:24:53.133+00:00","970438","false",
"6a829b2889c63b8c4385","[""read(\""user:6a59db99b5e0ea7cb754\"")""]","2026-08-17T05:24:56.705+00:00","2026-08-17T05:24:56.705+00:00","091030","false",
"6a829b3103ea359c3296","[""read(\""user:69fd7c831860abb38854\"")""]","2026-08-17T05:25:05.156+00:00","2026-08-17T05:25:05.156+00:00","001962","false",
"6a829b3388c840c71d1d","[""read(\""user:69f865300bcf85835d1d\"")""]","2026-08-17T05:25:07.704+00:00","2026-08-17T05:25:07.704+00:00","439576","false",
"6a829b4d256eb2fc8a52","[""read(\""user:6a056b236678ee4f7578\"")""]","2026-08-17T05:25:33.273+00:00","2026-08-17T05:25:33.273+00:00","371414","false",
"6a829b746f7e02276a2c","[""read(\""user:6a056b236678ee4f7578\"")""]","2026-08-17T05:26:12.598+00:00","2026-08-17T05:26:12.598+00:00","143126","false",
"6a829ba3de1be5d234b1","[""read(\""user:69eaddd743337f6647d8\"")""]","2026-08-17T05:27:00.044+00:00","2026-08-17T05:27:00.044+00:00","826398","false",
"6a829bcf1e6da98cd0c0","[""read(\""user:6a056b236678ee4f7578\"")""]","2026-08-17T05:27:43.263+00:00","2026-08-17T05:27:43.263+00:00","763546","false",
"6a829bcf307e95778d19","[""read(\""user:69fd7c831860abb38854\"")""]","2026-08-17T05:27:43.341+00:00","2026-08-17T05:27:43.341+00:00","518010","false",
"6a829bd66ba46dede99c","[""read(\""user:6a056b236678ee4f7578\"")""]","2026-08-17T05:27:50.592+00:00","2026-08-17T05:27:50.592+00:00","555108","false",
"6a829c4522ff95692a87","[""read(\""user:69f089f91d3da4f9aed0\"")""]","2026-08-17T05:29:41.273+00:00","2026-08-17T05:29:41.273+00:00","713269","false",
"6a829c586c8daf257146","[""read(\""user:69f99d1aa5e44991b427\"")""]","2026-08-17T05:30:00.571+00:00","2026-08-17T05:30:00.571+00:00","619730","false",
"6a829c6f193f7af0e390","[""read(\""user:6a604f0bef6c19b852e9\"")""]","2026-08-17T05:30:23.280+00:00","2026-08-17T05:30:23.280+00:00","915686","false",
"6a829c9ec41f0e639112","[""read(\""user:69f99d1aa5e44991b427\"")""]","2026-08-17T05:31:10.944+00:00","2026-08-17T05:31:10.944+00:00","385166","false",
"6a829ca033534fe6afbc","[""read(\""user:6a0191934b1f7c96db5a\"")""]","2026-08-17T05:31:12.342+00:00","2026-08-17T05:31:12.342+00:00","339218","false",
"6a829d12effe1e7acc25","[""read(\""user:69f089f91d3da4f9aed0\"")""]","2026-08-17T05:33:07.121+00:00","2026-08-17T05:33:07.121+00:00","030556","false",
"6a829d24ec230253e36b","[""read(\""user:6a0191934b1f7c96db5a\"")""]","2026-08-17T05:33:25.109+00:00","2026-08-17T05:33:25.109+00:00","305147","false",
"6a829d86275721253607","[""read(\""user:6a604f0bef6c19b852e9\"")""]","2026-08-17T05:35:02.339+00:00","2026-08-17T05:35:02.339+00:00","668562","false",
"6a829eaade0f5239cc21","[""read(\""user:6a70452920b89d670a8a\"")""]","2026-08-17T05:39:55.068+00:00","2026-08-17T05:39:55.068+00:00","291546","false",
"6a829eaaf1d6660d2a4a","[""read(\""user:6a70452920b89d670a8a\"")""]","2026-08-17T05:39:55.138+00:00","2026-08-17T05:39:55.138+00:00","050373","false",
"6a829ebc6be8935e1f8d","[""read(\""user:6a829e12570fdd4c5cc6\"")""]","2026-08-17T05:40:12.576+00:00","2026-08-17T05:40:12.576+00:00","637930","false",
"6a829efe19fb1f65a731","[""read(\""user:69ec321ccfc8c17fabdc\"")""]","2026-08-17T05:41:18.241+00:00","2026-08-17T05:41:18.241+00:00","295156","false",
"6a829f103c782053fdc0","[""read(\""user:6a70452920b89d670a8a\"")""]","2026-08-17T05:41:36.380+00:00","2026-08-17T05:41:36.380+00:00","494450","false",
"6a829f11ab36f6a2530c","[""read(\""user:69fd6ec97ae0cdb0fc5d\"")""]","2026-08-17T05:41:37.866+00:00","2026-08-17T05:41:37.866+00:00","763636","false",
"6a829f9ec6fb095ec1ac","[""read(\""user:6a829e12570fdd4c5cc6\"")""]","2026-08-17T05:43:58.966+00:00","2026-08-17T05:43:58.966+00:00","625539","false",
"6a829fd00060892f594a","[""read(\""user:6a829f93001f26b46956\"")""]","2026-08-17T05:44:48.143+00:00","2026-08-17T05:44:48.143+00:00","614719","false",
"6a829feccd0888a30b01","[""read(\""user:6a829f93001f26b46956\"")""]","2026-08-17T05:45:16.984+00:00","2026-08-17T05:45:16.984+00:00","639909","false",
"6a829ff2c6a8c431bba2","[""read(\""user:6a19e6e1c0957def6126\"")""]","2026-08-17T05:45:22.965+00:00","2026-08-17T05:45:22.965+00:00","693687","false",
"6a82a034e893b0787617","[""read(\""user:6a70452920b89d670a8a\"")""]","2026-08-17T05:46:29.301+00:00","2026-08-17T05:46:29.301+00:00","931191","false",
"6a82a088c476924a9734","[""read(\""user:6a82a0300028dc216bb9\"")""]","2026-08-17T05:47:52.970+00:00","2026-08-17T05:47:52.970+00:00","548305","false",
"6a82a0fe5d8f315f4897","[""read(\""user:69ec321ccfc8c17fabdc\"")""]","2026-08-17T05:49:50.524+00:00","2026-08-17T05:49:50.524+00:00","926537","false",
"6a82a0ff8f2e907fde42","[""read(\""user:69fd6ec97ae0cdb0fc5d\"")""]","2026-08-17T05:49:51.745+00:00","2026-08-17T05:49:51.745+00:00","494076","false",
"6a82a108bf1477faed7a","[""read(\""user:6a82a0300028dc216bb9\"")""]","2026-08-17T05:50:00.924+00:00","2026-08-17T05:50:00.924+00:00","760237","false",
"6a82a10f6d693c357f12","[""read(\""user:6a59db99b5e0ea7cb754\"")""]","2026-08-17T05:50:07.589+00:00","2026-08-17T05:50:07.589+00:00","120050","false",
"6a82a1130ce56741c0ca","[""read(\""user:6a044b3565c8d3e59d12\"")""]","2026-08-17T05:50:11.187+00:00","2026-08-17T05:50:11.187+00:00","516759","false",
"6a82a1f684b9c90fe946","[""read(\""user:6a82a0300028dc216bb9\"")""]","2026-08-17T05:53:58.670+00:00","2026-08-17T05:53:58.670+00:00","886951","false",
"6a82a230d9c79a490ccb","[""read(\""user:6a82a0300028dc216bb9\"")""]","2026-08-17T05:54:57.027+00:00","2026-08-17T05:54:57.027+00:00","957520","false",
"6a82a4b2850d8f000713","[""read(\""user:6a7053c90037784d095a\"")""]","2026-08-17T06:05:38.677+00:00","2026-08-17T06:05:38.677+00:00","659922","false",
"6a82a62a3e1d718fd244","[""read(\""user:6a5267791e7e5690d10a\"")""]","2026-08-17T06:11:54.382+00:00","2026-08-17T06:11:54.382+00:00","525204","false",
"6a82a6b870b4d67b3f98","[""read(\""user:6a5267791e7e5690d10a\"")""]","2026-08-17T06:14:16.597+00:00","2026-08-17T06:14:16.597+00:00","835994","false",
"6a82a6ee7ede3d89a155","[""read(\""user:6a0191934b1f7c96db5a\"")""]","2026-08-17T06:15:10.658+00:00","2026-08-17T06:15:10.658+00:00","408299","false",
"6a82a7487815054a3694","[""read(\""user:6a19e6e1c0957def6126\"")""]","2026-08-17T06:16:40.634+00:00","2026-08-17T06:16:40.634+00:00","073082","false",
"6a82a748c752539cf631","[""read(\""user:6a5267791e7e5690d10a\"")""]","2026-08-17T06:16:40.947+00:00","2026-08-17T06:16:40.947+00:00","235170","false",
"6a82a964247e48d60e46","[""read(\""user:6a19e6e1c0957def6126\"")""]","2026-08-17T06:25:40.312+00:00","2026-08-17T06:25:40.312+00:00","328200","false",
"6a82a964a9e7098fb9e6","[""read(\""user:6a5267791e7e5690d10a\"")""]","2026-08-17T06:25:41.104+00:00","2026-08-17T06:25:41.104+00:00","569642","false",
"6a82a9653b898e5bb370","[""read(\""user:6a0ae6a42b068b2d2f5a\"")""]","2026-08-17T06:25:41.383+00:00","2026-08-17T06:25:41.383+00:00","400818","false",
"6a82a98b3ffb5c6dc7a0","[""read(\""user:69fedda3b501c9d5471d\"")""]","2026-08-17T06:26:19.409+00:00","2026-08-17T06:26:19.409+00:00","545214","false",
"6a82a9e66acebae815ed","[""read(\""user:6a01a78c95b925902877\"")""]","2026-08-17T06:27:50.591+00:00","2026-08-17T06:27:50.591+00:00","180132","false",
"6a82aa2ed442c2f01fbb","[""read(\""user:69fedda3b501c9d5471d\"")""]","2026-08-17T06:29:03.025+00:00","2026-08-17T06:29:03.025+00:00","400645","false",
"6a82aa833af8ea0a6261","[""read(\""user:6a51c4760858f66ea2b1\"")""]","2026-08-17T06:30:27.403+00:00","2026-08-17T06:30:27.403+00:00","586514","false",
"6a82aa92dd5568232330","[""read(\""user:6a82aa1e2b9cec509cdf\"")""]","2026-08-17T06:30:43.060+00:00","2026-08-17T06:30:43.060+00:00","065590","false",
"6a82aacd418764326ec9","[""read(\""user:6a82aa0d319041464f97\"")""]","2026-08-17T06:31:41.406+00:00","2026-08-17T06:31:41.406+00:00","870198","false",
"6a82ab2ad9d51127ec08","[""read(\""user:6a82aa0d319041464f97\"")""]","2026-08-17T06:33:15.040+00:00","2026-08-17T06:33:15.040+00:00","215571","false",
"6a82ab7b03b51a53006e","[""read(\""user:69fedda3b501c9d5471d\"")""]","2026-08-17T06:34:35.149+00:00","2026-08-17T06:34:35.149+00:00","286724","false",
"6a82ab838dd3f25e4dc9","[""read(\""user:69f31f06e6f204a98a55\"")""]","2026-08-17T06:34:43.736+00:00","2026-08-17T06:34:43.736+00:00","548169","false",
"6a82abb524ca20ade6fd","[""read(\""user:69ff0412acae5aed095d\"")""]","2026-08-17T06:35:33.321+00:00","2026-08-17T06:35:33.321+00:00","703497","false",
"6a82abd471d7b0bccaba","[""read(\""user:6a01a78c95b925902877\"")""]","2026-08-17T06:36:04.606+00:00","2026-08-17T06:36:04.606+00:00","032721","false",
"6a82ac17548c13e34894","[""read(\""user:69f8114f827faf183192\"")""]","2026-08-17T06:37:11.546+00:00","2026-08-17T06:37:11.546+00:00","096101","false",
"6a82ac23a54ed9d21b95","[""read(\""user:6a015425b8364d0d7e01\"")""]","2026-08-17T06:37:23.862+00:00","2026-08-17T06:37:23.862+00:00","004014","false",
"6a82ac48daaacd2ac60e","[""read(\""user:69ff0412acae5aed095d\"")""]","2026-08-17T06:38:01.347+00:00","2026-08-17T06:38:01.347+00:00","937263","false",
"6a82acb67e8428ac9627","[""read(\""user:6a168714df53cca2cade\"")""]","2026-08-17T06:39:50.705+00:00","2026-08-17T06:39:50.705+00:00","219809","false",
"6a82acc37cf2daa828f6","[""read(\""user:6a01a78c95b925902877\"")""]","2026-08-17T06:40:03.689+00:00","2026-08-17T06:40:03.689+00:00","084078","false",
"6a82acdd6c33b5b26b98","[""read(\""user:69ff0412acae5aed095d\"")""]","2026-08-17T06:40:29.925+00:00","2026-08-17T06:40:29.925+00:00","269795","false",
"6a82ad0a4365aa3147e9","[""read(\""user:69f8114f827faf183192\"")""]","2026-08-17T06:41:14.600+00:00","2026-08-17T06:41:14.600+00:00","963748","false",
"6a82ad9aa3f469820022","[""read(\""user:6a82aa0d319041464f97\"")""]","2026-08-17T06:43:38.842+00:00","2026-08-17T06:43:38.842+00:00","078839","false",
"6a82af0587fc46a16347","[""read(\""user:69f31f06e6f204a98a55\"")""]","2026-08-17T06:49:41.689+00:00","2026-08-17T06:49:41.689+00:00","132434","false",
"6a82af9e8cdc7da1d67a","[""read(\""user:69f31f06e6f204a98a55\"")""]","2026-08-17T06:52:14.716+00:00","2026-08-17T06:52:14.716+00:00","127581","false",
"6a82aff27fbe6e7944a1","[""read(\""user:69ff0412acae5aed095d\"")""]","2026-08-17T06:53:38.715+00:00","2026-08-17T06:53:38.715+00:00","564473","false",
"6a82b02b5dc3dee577d7","[""read(\""user:69eadae26e0781e47cbe\"")""]","2026-08-17T06:54:35.590+00:00","2026-08-17T06:54:35.590+00:00","091223","false",
"6a82b0b465a0d9cb08c1","[""read(\""user:69ff0412acae5aed095d\"")""]","2026-08-17T06:56:53.199+00:00","2026-08-17T06:56:53.199+00:00","098066","false",
"6a82b0b754d1f62f9b2b","[""read(\""user:69f089f91d3da4f9aed0\"")""]","2026-08-17T06:56:55.835+00:00","2026-08-17T06:56:55.835+00:00","034008","false",
"6a82b0dac4f1f928482c","[""read(\""user:69eee49ac95be3f7ff70\"")""]","2026-08-17T06:57:30.993+00:00","2026-08-17T06:57:30.993+00:00","094894","false",
"6a82b0dbbf3b9c260c9f","[""read(\""user:69eee49ac95be3f7ff70\"")""]","2026-08-17T06:57:31.926+00:00","2026-08-17T06:57:31.926+00:00","897760","false",
"6a82b0dc8ec79953486e","[""read(\""user:69eee49ac95be3f7ff70\"")""]","2026-08-17T06:57:32.728+00:00","2026-08-17T06:57:32.728+00:00","346587","false",
"6a82b0e1998cd061d847","[""read(\""user:69eee49ac95be3f7ff70\"")""]","2026-08-17T06:57:37.771+00:00","2026-08-17T06:57:37.771+00:00","910779","false",
"6a82b0f541a9bc3ac530","[""read(\""user:69eadeb7593314f8f446\"")""]","2026-08-17T06:57:57.515+00:00","2026-08-17T06:57:57.515+00:00","043588","false",
"6a82b10c68c4bcc32245","[""read(\""user:69f089f91d3da4f9aed0\"")""]","2026-08-17T06:58:20.704+00:00","2026-08-17T06:58:20.704+00:00","815416","false",
"6a82b13c93bbf8431d1f","[""read(\""user:69ff0412acae5aed095d\"")""]","2026-08-17T06:59:08.801+00:00","2026-08-17T06:59:08.801+00:00","850294","false",
"6a82b14f78c55bae7607","[""read(\""user:69f025177d4cb7112426\"")""]","2026-08-17T06:59:27.675+00:00","2026-08-17T06:59:27.675+00:00","656674","false",
"6a82b187aeab95a34159","[""read(\""user:69f31f06e6f204a98a55\"")""]","2026-08-17T07:00:24.045+00:00","2026-08-17T07:00:24.045+00:00","765205","false",
"6a82b18d47ee4b3c30cd","[""read(\""user:69eadeb7593314f8f446\"")""]","2026-08-17T07:00:29.723+00:00","2026-08-17T07:00:29.723+00:00","136011","false",
"6a82b1bb58e149217123","[""read(\""user:69f31f06e6f204a98a55\"")""]","2026-08-17T07:01:15.645+00:00","2026-08-17T07:01:15.645+00:00","876266","false",
"6a82b1e54a3095ba3e6b","[""read(\""user:69f025177d4cb7112426\"")""]","2026-08-17T07:01:58.451+00:00","2026-08-17T07:01:58.451+00:00","876822","false",
"6a82b1f43682ccdb6a3c","[""read(\""user:69eee49ac95be3f7ff70\"")""]","2026-08-17T07:02:13.134+00:00","2026-08-17T07:02:13.134+00:00","798954","false",
"6a82b1f85f82b4796329","[""read(\""user:69f31f06e6f204a98a55\"")""]","2026-08-17T07:02:17.110+00:00","2026-08-17T07:02:17.110+00:00","089438","false",
"6a82b1fcbab811879f21","[""read(\""user:69fd74792cc57d1c7408\"")""]","2026-08-17T07:02:21.043+00:00","2026-08-17T07:02:21.043+00:00","892380","false",
"6a82b2011d591132c7f6","[""read(\""user:69f025177d4cb7112426\"")""]","2026-08-17T07:02:25.719+00:00","2026-08-17T07:02:25.719+00:00","408623","false",
"6a82b20dcabcdc4edf23","[""read(\""user:69eaf8fb251058ccff9b\"")""]","2026-08-17T07:02:38.079+00:00","2026-08-17T07:02:38.079+00:00","321124","false",
"6a82b2448d09c82ae220","[""read(\""user:6a0d3cae99b18811b59f\"")""]","2026-08-17T07:03:32.771+00:00","2026-08-17T07:03:32.771+00:00","814187","false",
"6a82b24a8cb856054bee","[""read(\""user:6a018def617775e24c0f\"")""]","2026-08-17T07:03:38.767+00:00","2026-08-17T07:03:38.767+00:00","071065","false",
"6a82b266bc7827a8c403","[""read(\""user:69f9629be845f13b0bbd\"")""]","2026-08-17T07:04:06.982+00:00","2026-08-17T07:04:06.982+00:00","410390","false",
"6a82b266d47520bb1524","[""read(\""user:6a0d3cae99b18811b59f\"")""]","2026-08-17T07:04:07.057+00:00","2026-08-17T07:04:07.057+00:00","402115","false",
"6a82b2962cc416c40053","[""read(\""user:6a5af135c6b7d10e8bd3\"")""]","2026-08-17T07:04:54.309+00:00","2026-08-17T07:04:54.309+00:00","906246","false",
"6a82b2bf60641e464143","[""read(\""user:69f025177d4cb7112426\"")""]","2026-08-17T07:05:35.568+00:00","2026-08-17T07:05:35.568+00:00","863225","false",
"6a82b2d07eedd28aba76","[""read(\""user:69f06cf95898ad143a2d\"")""]","2026-08-17T07:05:52.730+00:00","2026-08-17T07:05:52.730+00:00","332492","false",
"6a82b2da4a24bab79cb1","[""read(\""user:6a16646bd598fb2d35d5\"")""]","2026-08-17T07:06:02.511+00:00","2026-08-17T07:06:02.511+00:00","207669","false",
"6a82b309da9b9ba1bb76","[""read(\""user:69eee49ac95be3f7ff70\"")""]","2026-08-17T07:06:50.101+00:00","2026-08-17T07:06:50.101+00:00","486718","false",
"6a82b31715affc64eb39","[""read(\""user:6a0d3cae99b18811b59f\"")""]","2026-08-17T07:07:03.285+00:00","2026-08-17T07:07:03.285+00:00","292461","false",
"6a82b3793772ea0a9ec8","[""read(\""user:6a0d3cae99b18811b59f\"")""]","2026-08-17T07:08:41.411+00:00","2026-08-17T07:08:41.411+00:00","422594","false",
"6a82b3a157f586ed7486","[""read(\""user:6a1695c52534d637d7af\"")""]","2026-08-17T07:09:21.515+00:00","2026-08-17T07:09:21.515+00:00","457686","false",
"6a82b4a56fb132514bfa","[""read(\""user:6a0a9715780e77e5e065\"")""]","2026-08-17T07:13:41.647+00:00","2026-08-17T07:13:41.647+00:00","636769","false",
"6a82b4d6e87a4ac7bc8f","[""read(\""user:6a7d9dcc0010fcd90ec3\"")""]","2026-08-17T07:14:31.138+00:00","2026-08-17T07:14:31.138+00:00","381819","false",
"6a82b6994514296410ab","[""read(\""user:69eee49ac95be3f7ff70\"")""]","2026-08-17T07:22:01.440+00:00","2026-08-17T07:22:01.440+00:00","723055","false",
"6a82b6d21da35a7b4c1a","[""read(\""user:6a0548507c2ecfdb65d5\"")""]","2026-08-17T07:22:58.268+00:00","2026-08-17T07:22:58.268+00:00","006202","false",
"6a82b7627c99f876b084","[""read(\""user:69fb0e85af7a66cd0277\"")""]","2026-08-17T07:25:22.648+00:00","2026-08-17T07:25:22.648+00:00","458199","false",
"6a82b7629566bcf907be","[""read(\""user:69eafadd71978fd9678b\"")""]","2026-08-17T07:25:22.767+00:00","2026-08-17T07:25:22.767+00:00","504738","false",
"6a82b77ad04e8f97eaa3","[""read(\""user:69fb0e85af7a66cd0277\"")""]","2026-08-17T07:25:46.980+00:00","2026-08-17T07:25:46.980+00:00","124009","false",
"6a82b7c86aeda3d75d81","[""read(\""user:6a71985f30f64dbc12a4\"")""]","2026-08-17T07:27:04.578+00:00","2026-08-17T07:27:04.578+00:00","449344","false",
"6a82b7d963b07219d44e","[""read(\""user:69f9796ee2f8616647d3\"")""]","2026-08-17T07:27:21.557+00:00","2026-08-17T07:27:21.557+00:00","565032","false",
"6a82b80c5b7335adc0d5","[""read(\""user:6a59d779723e34c041e0\"")""]","2026-08-17T07:28:12.523+00:00","2026-08-17T07:28:12.523+00:00","165033","false",
"6a82b8574bf1ad40a307","[""read(\""user:6a08354a9607314c4b0e\"")""]","2026-08-17T07:29:27.502+00:00","2026-08-17T07:29:27.502+00:00","333023","false",
"6a82b8690dc7bbab1cb8","[""read(\""user:6a16a0559ae2733a0a66\"")""]","2026-08-17T07:29:45.268+00:00","2026-08-17T07:29:45.268+00:00","411863","false",
"6a82b911273d4a565fe7","[""read(\""user:6a1d4659d650e9c3dd73\"")""]","2026-08-17T07:32:33.406+00:00","2026-08-17T07:32:33.406+00:00","304814","false",
"6a82b91a041bd310bbcb","[""read(\""user:69f9796ee2f8616647d3\"")""]","2026-08-17T07:32:42.176+00:00","2026-08-17T07:32:42.176+00:00","588713","false",
"6a82b990f2ca27a0d5d7","[""read(\""user:69f2e754094b7f14fb6a\"")""]","2026-08-17T07:34:41.135+00:00","2026-08-17T07:34:41.135+00:00","716173","false",
"6a82b9a7cbf9bbf8763f","[""read(\""user:6a08354a9607314c4b0e\"")""]","2026-08-17T07:35:03.995+00:00","2026-08-17T07:35:03.995+00:00","298280","false",
"6a82b9cb39e06ddd6258","[""read(\""user:69f2e754094b7f14fb6a\"")""]","2026-08-17T07:35:39.377+00:00","2026-08-17T07:35:39.377+00:00","884044","false",
"6a82b9d1e0bee1d7aa0d","[""read(\""user:6a5af135c6b7d10e8bd3\"")""]","2026-08-17T07:35:46.060+00:00","2026-08-17T07:35:46.060+00:00","377146","false",
"6a82b9e8c3b69f417304","[""read(\""user:69f9796ee2f8616647d3\"")""]","2026-08-17T07:36:08.966+00:00","2026-08-17T07:36:08.966+00:00","967823","false",
"6a82b9f1a99e85104883","[""read(\""user:69fad7ab79a803b5ec27\"")""]","2026-08-17T07:36:17.837+00:00","2026-08-17T07:36:17.837+00:00","636551","false",
"6a82ba2326fa070fffb9","[""read(\""user:6a16a0559ae2733a0a66\"")""]","2026-08-17T07:37:07.291+00:00","2026-08-17T07:37:07.291+00:00","850281","false",
"6a82ba4341854c8814e4","[""read(\""user:69f025177d4cb7112426\"")""]","2026-08-17T07:37:39.417+00:00","2026-08-17T07:37:39.417+00:00","620650","false",
"6a82ba5658732e06905f","[""read(\""user:6a82b275c12f322002d3\"")""]","2026-08-17T07:37:58.519+00:00","2026-08-17T07:37:58.519+00:00","091485","false",
"6a82bad072432a414ab4","[""read(\""user:69f2e754094b7f14fb6a\"")""]","2026-08-17T07:40:00.617+00:00","2026-08-17T07:40:00.617+00:00","719295","false",
"6a82bad32f6f4f73972a","[""read(\""user:69f1791ecb9476cf514b\"")""]","2026-08-17T07:40:03.372+00:00","2026-08-17T07:40:03.372+00:00","200636","false",
"6a82bada59ece838ea32","[""read(\""user:6a5dce40647104b74222\"")""]","2026-08-17T07:40:10.540+00:00","2026-08-17T07:40:10.540+00:00","238975","false",
"6a82bae862e8baac979c","[""read(\""user:6a0ae6a42b068b2d2f5a\"")""]","2026-08-17T07:40:24.550+00:00","2026-08-17T07:40:24.550+00:00","459915","false",
"6a82bb2e22c750a597a7","[""read(\""user:69eee2c94e415688dfa2\"")""]","2026-08-17T07:41:34.287+00:00","2026-08-17T07:41:34.287+00:00","231587","false",
"6a82bb3bcfc1639db294","[""read(\""user:69eee2c94e415688dfa2\"")""]","2026-08-17T07:41:48.027+00:00","2026-08-17T07:41:48.027+00:00","361350","false",
"6a82bb54694f0d29eef8","[""read(\""user:6a1d3457504941014048\"")""]","2026-08-17T07:42:12.556+00:00","2026-08-17T07:42:12.556+00:00","760018","false",
"6a82bbc2c28a9a763b3f","[""read(\""user:69f865300bcf85835d1d\"")""]","2026-08-17T07:44:02.939+00:00","2026-08-17T07:44:02.939+00:00","438193","false",
"6a82bbd03f35d9b9ed59","[""read(\""user:6a5af135c6b7d10e8bd3\"")""]","2026-08-17T07:44:16.390+00:00","2026-08-17T07:44:16.390+00:00","252867","false",
"6a82bbdfe0a29d89a42c","[""read(\""user:69fd6ec97ae0cdb0fc5d\"")""]","2026-08-17T07:44:32.067+00:00","2026-08-17T07:44:32.067+00:00","848219","false",
"6a82bc0186d80edf7d00","[""read(\""user:6a71985f30f64dbc12a4\"")""]","2026-08-17T07:45:05.681+00:00","2026-08-17T07:45:05.681+00:00","039102","false",
"6a82bcf44da22d27330b","[""read(\""user:6a5af135c6b7d10e8bd3\"")""]","2026-08-17T07:49:08.441+00:00","2026-08-17T07:49:08.441+00:00","877585","false",
"6a82bd5f1c60cc165c26","[""read(\""user:69fd6ec97ae0cdb0fc5d\"")""]","2026-08-17T07:50:55.253+00:00","2026-08-17T07:50:55.253+00:00","558391","false",
"6a82bd6ea2cdde01b7a6","[""read(\""user:6a71985f30f64dbc12a4\"")""]","2026-08-17T07:51:10.844+00:00","2026-08-17T07:51:10.844+00:00","102891","false",
"6a82bd7042294961826c","[""read(\""user:69fad7ab79a803b5ec27\"")""]","2026-08-17T07:51:12.470+00:00","2026-08-17T07:51:12.470+00:00","178580","false",
"6a82bd9e8b32b27d8304","[""read(\""user:6a71985f30f64dbc12a4\"")""]","2026-08-17T07:51:58.710+00:00","2026-08-17T07:51:58.710+00:00","851656","false",
"6a82be5df1666bd0c6e4","[""read(\""user:69f1b328951ee1142d5e\"")""]","2026-08-17T07:55:10.225+00:00","2026-08-17T07:55:10.225+00:00","859346","false",
"6a82be6ed4fae27511ba","[""read(\""user:6a71985f30f64dbc12a4\"")""]","2026-08-17T07:55:26.998+00:00","2026-08-17T07:55:26.998+00:00","551233","false",
"6a82bf91062888a25a13","[""read(\""user:69f04e47026804d601cd\"")""]","2026-08-17T08:00:17.165+00:00","2026-08-17T08:00:17.165+00:00","568041","false",
"6a82bfc6718252b06d10","[""read(\""user:69f04e47026804d601cd\"")""]","2026-08-17T08:01:10.596+00:00","2026-08-17T08:01:10.596+00:00","843003","false",
"6a82bfd98aedd39705ae","[""read(\""user:6a1d0834b4aa4956a50d\"")""]","2026-08-17T08:01:29.703+00:00","2026-08-17T08:01:29.703+00:00","456396","false",
"6a82c015c36b0ba93884","[""read(\""user:6a0a873fa2294a3f2c8c\"")""]","2026-08-17T08:02:29.937+00:00","2026-08-17T08:02:29.937+00:00","545178","false",
"6a82c040e15ac9f97d80","[""read(\""user:69f1b4e9001404997076\"")""]","2026-08-17T08:03:13.061+00:00","2026-08-17T08:03:13.061+00:00","090444","false",
"6a82c1787d5725c935a4","[""read(\""user:69f176140ba78a85b574\"")""]","2026-08-17T08:08:24.679+00:00","2026-08-17T08:08:24.679+00:00","998960","false",
"6a82c1c53a206a218b61","[""read(\""user:6a758d500031c80f2002\"")""]","2026-08-17T08:09:41.373+00:00","2026-08-17T08:09:41.373+00:00","820788","false",
"6a82c1f87c94867e2856","[""read(\""user:6a5267791e7e5690d10a\"")""]","2026-08-17T08:10:32.642+00:00","2026-08-17T08:10:32.642+00:00","508787","false",
"6a82c22698ca93f23dfc","[""read(\""user:6a758d500031c80f2002\"")""]","2026-08-17T08:11:18.763+00:00","2026-08-17T08:11:18.763+00:00","891790","false",
"6a82c22d1d92bf8f4c7d","[""read(\""user:6a82c12a000c03cbc928\"")""]","2026-08-17T08:11:25.260+00:00","2026-08-17T08:11:25.260+00:00","655978","false",
"6a82c2ce2a2e4ccae0b4","[""read(\""user:6a82c2380014e842e937\"")""]","2026-08-17T08:14:06.320+00:00","2026-08-17T08:14:06.320+00:00","340134","false",
"6a82c3046fc625d275a0","[""read(\""user:6a28d132041c5a1fa1a2\"")""]","2026-08-17T08:15:00.606+00:00","2026-08-17T08:15:00.606+00:00","566864","false",
"6a82c4849abd402228bb","[""read(\""user:69f1b4e9001404997076\"")""]","2026-08-17T08:21:24.777+00:00","2026-08-17T08:21:24.777+00:00","107111","false",
"6a82c5008a7efb2adfe2","[""read(\""user:6a8296228ee87c281bba\"")""]","2026-08-17T08:23:28.700+00:00","2026-08-17T08:23:28.700+00:00","901773","false",
"6a82c50c701c5278e558","[""read(\""user:6a82c450a4d37423dc09\"")""]","2026-08-17T08:23:40.597+00:00","2026-08-17T08:23:40.597+00:00","522499","false",
"6a82c53e3c497e14bff2","[""read(\""user:69f1cb60002884f81083\"")""]","2026-08-17T08:24:30.394+00:00","2026-08-17T08:24:30.394+00:00","741916","false",
"6a82c553441e88804a52","[""read(\""user:69f1cb60002884f81083\"")""]","2026-08-17T08:24:51.421+00:00","2026-08-17T08:24:51.421+00:00","275869","false",
"6a82c56790220c9310b0","[""read(\""user:6a1d4659d650e9c3dd73\"")""]","2026-08-17T08:25:11.735+00:00","2026-08-17T08:25:11.735+00:00","672965","false",
"6a82c5747db6c35d11b6","[""read(\""user:6a8296228ee87c281bba\"")""]","2026-08-17T08:25:24.665+00:00","2026-08-17T08:25:24.665+00:00","354383","false",
"6a82c59ca967bd84e1bf","[""read(\""user:6a82c450a4d37423dc09\"")""]","2026-08-17T08:26:04.835+00:00","2026-08-17T08:26:04.835+00:00","657171","false",
"6a82c5e6bcf0fcd0366c","[""read(\""user:69f1b4e9001404997076\"")""]","2026-08-17T08:27:18.936+00:00","2026-08-17T08:27:18.936+00:00","974746","false",
"6a82c62951655984d4e0","[""read(\""user:69f024856e706466b984\"")""]","2026-08-17T08:28:25.502+00:00","2026-08-17T08:28:25.502+00:00","647408","false",
"6a82c63861abbee609c3","[""read(\""user:69f1cb60002884f81083\"")""]","2026-08-17T08:28:40.533+00:00","2026-08-17T08:28:40.533+00:00","597217","false",
"6a82c6ec90990eca742f","[""read(\""user:69f82a204d52759abde3\"")""]","2026-08-17T08:31:40.731+00:00","2026-08-17T08:31:40.731+00:00","755089","false",
"6a82c72bbd75ed35c61a","[""read(\""user:69f82a204d52759abde3\"")""]","2026-08-17T08:32:43.919+00:00","2026-08-17T08:32:43.919+00:00","156288","false",
"6a82c7417730e71675c1","[""read(\""user:6a03f0d0001f1dabae91\"")""]","2026-08-17T08:33:05.623+00:00","2026-08-17T08:33:05.623+00:00","918986","false",
"6a82c742d8d923e9340f","[""read(\""user:69eee2c94e415688dfa2\"")""]","2026-08-17T08:33:07.029+00:00","2026-08-17T08:33:07.029+00:00","059186","false",
"6a82c752484f4aaf8748","[""read(\""user:6a1d3457504941014048\"")""]","2026-08-17T08:33:22.431+00:00","2026-08-17T08:33:22.431+00:00","921913","false",
"6a82c7763defbd3b86cb","[""read(\""user:69f1cb60002884f81083\"")""]","2026-08-17T08:33:58.402+00:00","2026-08-17T08:33:58.402+00:00","200312","false",
"6a82c82f0b62979bba1f","[""read(\""user:6a0b4f3175c0e87c1ef8\"")""]","2026-08-17T08:37:03.176+00:00","2026-08-17T08:37:03.176+00:00","329629","false",
"6a82c84ff12351b2de15","[""read(\""user:69f1cb60002884f81083\"")""]","2026-08-17T08:37:36.125+00:00","2026-08-17T08:37:36.125+00:00","620912","false",
"6a82c8b12fd973e945c4","[""read(\""user:69f1cb60002884f81083\"")""]","2026-08-17T08:39:13.428+00:00","2026-08-17T08:39:13.428+00:00","311789","false",
"6a82c8b302cac5229dda","[""read(\""user:6a0b4f3175c0e87c1ef8\"")""]","2026-08-17T08:39:15.134+00:00","2026-08-17T08:39:15.134+00:00","248257","false",
"6a82c8c3d67d585f0a80","[""read(\""user:69f1cb60002884f81083\"")""]","2026-08-17T08:39:32.014+00:00","2026-08-17T08:39:32.014+00:00","928596","false",
"6a82c917b8e672ee4d3f","[""read(\""user:6a0b4f3175c0e87c1ef8\"")""]","2026-08-17T08:40:55.933+00:00","2026-08-17T08:40:55.933+00:00","334667","false",
"6a82c918a072327ea1d2","[""read(\""user:6a03f0d0001f1dabae91\"")""]","2026-08-17T08:40:56.811+00:00","2026-08-17T08:40:56.811+00:00","991043","false",
"6a82c93160e7ecb7319c","[""read(\""user:6a03f0d0001f1dabae91\"")""]","2026-08-17T08:41:21.527+00:00","2026-08-17T08:41:21.527+00:00","479977","false",
"6a82c9559f62ea218c36","[""read(\""user:6a82c88af220ed18fd91\"")""]","2026-08-17T08:41:57.786+00:00","2026-08-17T08:41:57.786+00:00","049600","false",
"6a82c978bc39be78ff45","[""read(\""user:6a82c88af220ed18fd91\"")""]","2026-08-17T08:42:32.914+00:00","2026-08-17T08:42:32.914+00:00","333723","false",
"6a82c9b2aaae4c54f109","[""read(\""user:6a03f0d0001f1dabae91\"")""]","2026-08-17T08:43:30.837+00:00","2026-08-17T08:43:30.837+00:00","200418","false",
"6a82c9e479d8a3d36d52","[""read(\""user:6a7ec320baefbf18f1c9\"")""]","2026-08-17T08:44:20.634+00:00","2026-08-17T08:44:20.634+00:00","315907","false",
"6a82c9ff477d4ba4a5cd","[""read(\""user:6a82c8dd699dd36b6f3a\"")""]","2026-08-17T08:44:47.429+00:00","2026-08-17T08:44:47.429+00:00","501034","false",
"6a82ca4e069733755a24","[""read(\""user:6a5267791e7e5690d10a\"")""]","2026-08-17T08:46:06.182+00:00","2026-08-17T08:46:06.182+00:00","689075","false",
"6a82cae5cf710e5663b9","[""read(\""user:6a82ca7da3a161f1094a\"")""]","2026-08-17T08:48:38.001+00:00","2026-08-17T08:48:38.001+00:00","006009","false",
"6a82cafe0f96d9cb1fe4","[""read(\""user:6a5267791e7e5690d10a\"")""]","2026-08-17T08:49:02.271+00:00","2026-08-17T08:49:02.271+00:00","910405","false",
"6a82cbb0cbd3ae5a2a47","[""read(\""user:6a82cb63c3e5df8508ba\"")""]","2026-08-17T08:52:00.969+00:00","2026-08-17T08:52:00.969+00:00","904472","false",
"6a82cc1c6b587a3cf2b5","[""read(\""user:6a82cb63c3e5df8508ba\"")""]","2026-08-17T08:53:48.580+00:00","2026-08-17T08:53:48.580+00:00","023703","false",
"6a82cc701a356ac0d868","[""read(\""user:6a82cb63c3e5df8508ba\"")""]","2026-08-17T08:55:12.261+00:00","2026-08-17T08:55:12.261+00:00","886822","false",
"6a82cc79629da8910082","[""read(\""user:6a82ca7da3a161f1094a\"")""]","2026-08-17T08:55:21.582+00:00","2026-08-17T08:55:21.582+00:00","837194","false",
"6a82d0221665810f424b","[""read(\""user:6a82cfdca4b34ec038e5\"")""]","2026-08-17T09:10:58.288+00:00","2026-08-17T09:10:58.288+00:00","593048","false",
"6a82d025e036f4626a3b","[""read(\""user:6a38fc46001e18edeb4a\"")""]","2026-08-17T09:11:02.095+00:00","2026-08-17T09:11:02.095+00:00","178869","false",
"6a82d03aec42ce344ceb","[""read(\""user:6a0fcf20887064a04307\"")""]","2026-08-17T09:11:23.101+00:00","2026-08-17T09:11:23.101+00:00","476690","false",
"6a82d093aaabca4653ca","[""read(\""user:6a0fcf20887064a04307\"")""]","2026-08-17T09:12:51.870+00:00","2026-08-17T09:12:51.870+00:00","021608","false",
"6a82d2dce7c0d36db08e","[""read(\""user:69f86d9d646ebb6ad9a6\"")""]","2026-08-17T09:22:37.098+00:00","2026-08-17T09:22:37.098+00:00","571593","false",
"6a82d310149d8336e8b0","[""read(\""user:6a69a8997ef983f6bf2e\"")""]","2026-08-17T09:23:28.228+00:00","2026-08-17T09:23:28.228+00:00","438076","false",
"6a82d3600463cb34dbe5","[""read(\""user:6a05531c4e04948dc978\"")""]","2026-08-17T09:24:48.154+00:00","2026-08-17T09:24:48.154+00:00","054665","false",
"6a82d36ba0a38c97f576","[""read(\""user:6a82c8dd699dd36b6f3a\"")""]","2026-08-17T09:24:59.796+00:00","2026-08-17T09:24:59.796+00:00","590797","false",
"6a82d37309fc34adda68","[""read(\""user:69f9796ee2f8616647d3\"")""]","2026-08-17T09:25:07.198+00:00","2026-08-17T09:25:07.198+00:00","970086","false",
"6a82d382c827e3efc147","[""read(\""user:6a01a87dd8485e18c27f\"")""]","2026-08-17T09:25:22.981+00:00","2026-08-17T09:25:22.981+00:00","514442","false",
"6a82d3b5ac135e391026","[""read(\""user:69fd6ec97ae0cdb0fc5d\"")""]","2026-08-17T09:26:13.867+00:00","2026-08-17T09:26:13.867+00:00","089932","false",
"6a82d40a8c28185adde1","[""read(\""user:6a0804c90020c4ed0d55\"")""]","2026-08-17T09:27:38.711+00:00","2026-08-17T09:27:38.711+00:00","380649","false",
"6a82d45153792b94dcc6","[""read(\""user:69fd6ec97ae0cdb0fc5d\"")""]","2026-08-17T09:28:49.499+00:00","2026-08-17T09:28:49.499+00:00","733822","false",
"6a82d463e7521ab97b44","[""read(\""user:69f9796ee2f8616647d3\"")""]","2026-08-17T09:29:08.087+00:00","2026-08-17T09:29:08.087+00:00","856186","false",
"6a82d473b7db82d47674","[""read(\""user:69f9796ee2f8616647d3\"")""]","2026-08-17T09:29:23.895+00:00","2026-08-17T09:29:23.895+00:00","839053","false",
"6a82d475e88055ff17ff","[""read(\""user:69eadae26e0781e47cbe\"")""]","2026-08-17T09:29:26.100+00:00","2026-08-17T09:29:26.100+00:00","364668","false",
"6a82d4a92f387b4d8572","[""read(\""user:6a01a87dd8485e18c27f\"")""]","2026-08-17T09:30:17.330+00:00","2026-08-17T09:30:17.330+00:00","996726","false",
"6a82d4bb6558b1cc5bdb","[""read(\""user:6a57618eeddc47b4e02c\"")""]","2026-08-17T09:30:35.555+00:00","2026-08-17T09:30:35.555+00:00","942963","false",
"6a82d4dcc3f67f3a79ea","[""read(\""user:69ec2edd58c2bace08c3\"")""]","2026-08-17T09:31:08.936+00:00","2026-08-17T09:31:08.936+00:00","443146","false",
"6a82d4fc91ccd070a37b","[""read(\""user:69fd7c831860abb38854\"")""]","2026-08-17T09:31:41.032+00:00","2026-08-17T09:31:41.032+00:00","363430","false",
"6a82d507e0b85190ff79","[""read(\""user:69fd6f83001075f82707\"")""]","2026-08-17T09:31:52.060+00:00","2026-08-17T09:31:52.060+00:00","176865","false",
"6a82d51b08b2bf180a69","[""read(\""user:6a01a87dd8485e18c27f\"")""]","2026-08-17T09:32:11.178+00:00","2026-08-17T09:32:11.178+00:00","120054","false",
"6a82d51d998f9931229c","[""read(\""user:6a7d9dcc0010fcd90ec3\"")""]","2026-08-17T09:32:13.761+00:00","2026-08-17T09:32:13.761+00:00","218606","false",
"6a82d55138b1db2d6f95","[""read(\""user:6a1d3457504941014048\"")""]","2026-08-17T09:33:05.367+00:00","2026-08-17T09:33:05.367+00:00","405346","false",
"6a82d5696ffa9fb25680","[""read(\""user:6a1d3457504941014048\"")""]","2026-08-17T09:33:29.618+00:00","2026-08-17T09:33:29.618+00:00","771488","false",
"6a82d56cd695d3f6d304","[""read(\""user:69f9796ee2f8616647d3\"")""]","2026-08-17T09:33:33.014+00:00","2026-08-17T09:33:33.014+00:00","396040","false",
"6a82d57da5c16009d966","[""read(\""user:69fd7c831860abb38854\"")""]","2026-08-17T09:33:49.815+00:00","2026-08-17T09:33:49.815+00:00","911244","false",
"6a82d59b85acf2ac18ee","[""read(\""user:6a5f1db01acc129408b6\"")""]","2026-08-17T09:34:19.679+00:00","2026-08-17T09:34:19.679+00:00","087903","false",
"6a82d5b4c439cb803753","[""read(\""user:69fd7c831860abb38854\"")""]","2026-08-17T09:34:44.930+00:00","2026-08-17T09:34:44.930+00:00","864453","false",
"6a82d5f6c692f26a2860","[""read(\""user:6a0abba2c02c10243a03\"")""]","2026-08-17T09:35:50.941+00:00","2026-08-17T09:35:50.941+00:00","732247","false",
"6a82d5f84ed831591c57","[""read(\""user:69f9796ee2f8616647d3\"")""]","2026-08-17T09:35:52.466+00:00","2026-08-17T09:35:52.466+00:00","684099","false",
"6a82d5fcd5d0cc7dd718","[""read(\""user:6a0a89785316c62aeee4\"")""]","2026-08-17T09:35:57.006+00:00","2026-08-17T09:35:57.006+00:00","482393","false",
"6a82d623e3e22504a64a","[""read(\""user:69fd7c831860abb38854\"")""]","2026-08-17T09:36:36.066+00:00","2026-08-17T09:36:36.066+00:00","221842","false",
"6a82d66916f32341b39f","[""read(\""user:6a01a87dd8485e18c27f\"")""]","2026-08-17T09:37:45.232+00:00","2026-08-17T09:37:45.232+00:00","311838","false",
"6a82d711648b4234a12a","[""read(\""user:6a4f144e00fac5432d2e\"")""]","2026-08-17T09:40:33.544+00:00","2026-08-17T09:40:33.544+00:00","883273","false",
"6a82d74e8ab58822b9d8","[""read(\""user:6a13e9a17d0720a1c903\"")""]","2026-08-17T09:41:34.702+00:00","2026-08-17T09:41:34.702+00:00","105632","false",
"6a82d7bd15862e5fd2a5","[""read(\""user:69f82a204d52759abde3\"")""]","2026-08-17T09:43:25.239+00:00","2026-08-17T09:43:25.239+00:00","695427","false",
"6a82d8b0350d6d02b1f9","[""read(\""user:69f82a204d52759abde3\"")""]","2026-08-17T09:47:28.354+00:00","2026-08-17T09:47:28.354+00:00","025783","false",
"6a82d8eb7540ef492d6b","[""read(\""user:6a7d9dcc0010fcd90ec3\"")""]","2026-08-17T09:48:27.606+00:00","2026-08-17T09:48:27.606+00:00","068140","false",
"6a82d92cecd1437b255e","[""read(\""user:69f82a204d52759abde3\"")""]","2026-08-17T09:49:33.105+00:00","2026-08-17T09:49:33.105+00:00","135245","false",
"6a82d938a332abf9e9f7","[""read(\""user:69f82a204d52759abde3\"")""]","2026-08-17T09:49:44.805+00:00","2026-08-17T09:49:44.805+00:00","257731","false",
"6a82d942dad5c59c58f9","[""read(\""user:6a01a87dd8485e18c27f\"")""]","2026-08-17T09:49:55.030+00:00","2026-08-17T09:49:55.030+00:00","530647","false",
"6a82dae96adc10a5ef94","[""read(\""user:69c1804c14a9bcf2fbd9\"")""]","2026-08-17T09:56:57.581+00:00","2026-08-17T09:56:57.581+00:00","694518","false",
"6a82db2df17ac3bd3ddb","[""read(\""user:6a1d4659d650e9c3dd73\"")""]","2026-08-17T09:58:06.136+00:00","2026-08-17T09:58:06.136+00:00","615680","false",
"6a82db6b589f48c24a32","[""read(\""user:6a01a87dd8485e18c27f\"")""]","2026-08-17T09:59:07.507+00:00","2026-08-17T09:59:07.507+00:00","438639","false",
"6a82db7b5c551c39c13e","[""read(\""user:69f74377bece68933528\"")""]","2026-08-17T09:59:23.523+00:00","2026-08-17T09:59:23.523+00:00","571565","false",
"6a82db7e59e0257ab395","[""read(\""user:6a01b1c00006aa8ae30b\"")""]","2026-08-17T09:59:26.517+00:00","2026-08-17T09:59:26.517+00:00","275608","false",
"6a82dbc14b562f6c68df","[""read(\""user:6a1d4659d650e9c3dd73\"")""]","2026-08-17T10:00:33.671+00:00","2026-08-17T10:00:33.671+00:00","218983","false",
"6a82ddd976a9258572c1","[""read(\""user:6a82d13c4b8a3df89c12\"")""]","2026-08-17T10:09:29.616+00:00","2026-08-17T10:09:29.616+00:00","786812","false",
"6a82de25e77c17ff4149","[""read(\""user:6a82d13c4b8a3df89c12\"")""]","2026-08-17T10:10:46.099+00:00","2026-08-17T10:10:46.099+00:00","816776","false",
"6a82de4aa1198cf48929","[""read(\""user:6a82d13c4b8a3df89c12\"")""]","2026-08-17T10:11:22.799+00:00","2026-08-17T10:11:22.799+00:00","480497","false",
"6a82dee2b53b0d207599","[""read(\""user:6a0ae6a42b068b2d2f5a\"")""]","2026-08-17T10:13:54.884+00:00","2026-08-17T10:13:54.884+00:00","548180","false",
"6a82df0562f613637311","[""read(\""user:69fb0e85af7a66cd0277\"")""]","2026-08-17T10:14:29.541+00:00","2026-08-17T10:14:29.541+00:00","803702","false",
"6a82df2c032acc4b46ff","[""read(\""user:6a0ae6a42b068b2d2f5a\"")""]","2026-08-17T10:15:08.145+00:00","2026-08-17T10:15:08.145+00:00","863400","false",
"6a82e00e17419f0f7a9f","[""read(\""user:6a82df6c42f0b7430cc0\"")""]","2026-08-17T10:18:54.234+00:00","2026-08-17T10:18:54.234+00:00","822443","false",
"6a82e07f0403b48df502","[""read(\""user:69fc2003a6c110a4fc73\"")""]","2026-08-17T10:20:47.160+00:00","2026-08-17T10:20:47.160+00:00","993815","false",
"6a82e13386b0f03f3089","[""read(\""user:69fc2003a6c110a4fc73\"")""]","2026-08-17T10:23:47.688+00:00","2026-08-17T10:23:47.688+00:00","832361","false",
"6a82e14443dc089b6690","[""read(\""user:69eee49ac95be3f7ff70\"")""]","2026-08-17T10:24:04.413+00:00","2026-08-17T10:24:04.413+00:00","164019","false",
"6a82e16674ec41a4e8b9","[""read(\""user:69eed559bd654fa6f369\"")""]","2026-08-17T10:24:38.618+00:00","2026-08-17T10:24:38.618+00:00","306165","false",
"6a82e1bfc158af41ecf5","[""read(\""user:69fac55e000879b37311\"")""]","2026-08-17T10:26:07.930+00:00","2026-08-17T10:26:07.930+00:00","601497","false",
"6a82e1c0c593d70e69f6","[""read(\""user:69fc658f8b5db1d6a791\"")""]","2026-08-17T10:26:08.973+00:00","2026-08-17T10:26:08.973+00:00","311739","false",
"6a82e22ce967e3dc198f","[""read(\""user:6a1d4659d650e9c3dd73\"")""]","2026-08-17T10:27:57.087+00:00","2026-08-17T10:27:57.087+00:00","141364","false",
"6a82e261b8ed371f68c7","[""read(\""user:69fb0e85af7a66cd0277\"")""]","2026-08-17T10:28:49.907+00:00","2026-08-17T10:28:49.907+00:00","900970","false",
"6a82e4400f28b6527692","[""read(\""user:69eee49ac95be3f7ff70\"")""]","2026-08-17T10:36:48.211+00:00","2026-08-17T10:36:48.211+00:00","352842","false",
"6a82e47648bb2385f18a","[""read(\""user:69eee49ac95be3f7ff70\"")""]","2026-08-17T10:37:42.437+00:00","2026-08-17T10:37:42.437+00:00","622018","false",
"6a82e48958d647776b48","[""read(\""user:69eed559bd654fa6f369\"")""]","2026-08-17T10:38:01.487+00:00","2026-08-17T10:38:01.487+00:00","545114","false",
"6a82e489e5e962183e8d","[""read(\""user:6a82e3dabaf8576c0798\"")""]","2026-08-17T10:38:02.082+00:00","2026-08-17T10:38:02.082+00:00","693448","false",
"6a82e4ad8d9562a1aacd","[""read(\""user:6a59d779723e34c041e0\"")""]","2026-08-17T10:38:37.715+00:00","2026-08-17T10:38:37.715+00:00","611191","false",
"6a82e5f02b8b2690310e","[""read(\""user:6a703e718d0e9e6b86b2\"")""]","2026-08-17T10:44:00.316+00:00","2026-08-17T10:44:00.316+00:00","778802","false",
"6a82e5fc27e1539cd9bf","[""read(\""user:69fac55e000879b37311\"")""]","2026-08-17T10:44:12.304+00:00","2026-08-17T10:44:12.304+00:00","406919","false",
"6a82e63439f7c3871910","[""read(\""user:6a59d779723e34c041e0\"")""]","2026-08-17T10:45:08.589+00:00","2026-08-17T10:45:08.589+00:00","391405","false",
"6a82e71051090a56c9fe","[""read(\""user:69f1daac856b88102653\"")""]","2026-08-17T10:48:48.461+00:00","2026-08-17T10:48:48.461+00:00","066829","false",
"6a82e86be2f96207359d","[""read(\""user:6a4361227013442a4d52\"")""]","2026-08-17T10:54:36.079+00:00","2026-08-17T10:54:36.079+00:00","416804","false",
"6a82e8efc48d762cd137","[""read(\""user:6a13e9a17d0720a1c903\"")""]","2026-08-17T10:56:47.945+00:00","2026-08-17T10:56:47.945+00:00","214754","false",
"6a82e91cbefb378a1aeb","[""read(\""user:6a4361227013442a4d52\"")""]","2026-08-17T10:57:32.911+00:00","2026-08-17T10:57:32.911+00:00","481733","false",
"6a82ea27040415f8277f","[""read(\""user:69eb339e3fb5bd4ee84a\"")""]","2026-08-17T11:01:59.152+00:00","2026-08-17T11:01:59.152+00:00","986585","false",
"6a82ea3447610015cdab","[""read(\""user:6a4361227013442a4d52\"")""]","2026-08-17T11:02:12.435+00:00","2026-08-17T11:02:12.435+00:00","122598","false",
"6a82eab09654f19514c6","[""read(\""user:6a82e96cd412a89f7473\"")""]","2026-08-17T11:04:16.761+00:00","2026-08-17T11:04:16.761+00:00","675735","false",
"6a82eccf82d1469c32a6","[""read(\""user:6a4361227013442a4d52\"")""]","2026-08-17T11:13:19.680+00:00","2026-08-17T11:13:19.680+00:00","035428","false",
"6a82f2821a6b6fce0352","[""read(\""user:6a4361227013442a4d52\"")""]","2026-08-17T11:37:38.257+00:00","2026-08-17T11:37:38.257+00:00","176599","false",
"6a82f5138e2262b175b4","[""read(\""user:6a82f4ab4610d8c9bc4f\"")""]","2026-08-17T11:48:35.855+00:00","2026-08-17T11:48:35.855+00:00","472764","false",
"6a8303b5409eb156f17b","[""read(\""user:6a83035e00088545d271\"")""]","2026-08-17T12:51:01.450+00:00","2026-08-17T12:51:01.450+00:00","341412","false",
"6a832b114753f61e72f2","[""read(\""user:6a832aa941f1318f5a73\"")""]","2026-08-17T15:38:57.474+00:00","2026-08-17T15:38:57.474+00:00","495313","false",
"6a832e49c87590d2fce3","[""read(\""user:6a832aa941f1318f5a73\"")""]","2026-08-17T15:52:42.025+00:00","2026-08-17T15:52:42.025+00:00","559558","false",
"6a832e6cb3e6cf59f27e","[""read(\""user:6a832aa941f1318f5a73\"")""]","2026-08-17T15:53:16.930+00:00","2026-08-17T15:53:16.930+00:00","317193","false",
"6a833716d1fd28be01a4","[""read(\""user:6a64b6d100395560bac6\"")""]","2026-08-17T16:30:15.015+00:00","2026-08-17T16:30:15.015+00:00","405748","false",
"6a8345a3282225d8ce97","[""read(\""user:6a4361227013442a4d52\"")""]","2026-08-17T17:32:19.318+00:00","2026-08-17T17:32:19.318+00:00","759094","false",
"6a83c9f5f045790b5acf","[""read(\""user:69eadeb7593314f8f446\"")""]","2026-08-18T02:56:54.130+00:00","2026-08-18T02:56:54.130+00:00","877903","false",
"6a83ca28c4a01d0fc806","[""read(\""user:69eadeb7593314f8f446\"")""]","2026-08-18T02:57:44.957+00:00","2026-08-18T02:57:44.957+00:00","289460","false",
"6a83ca6859f299886fed","[""read(\""user:69fb0e85af7a66cd0277\"")""]","2026-08-18T02:58:48.506+00:00","2026-08-18T02:58:48.506+00:00","302559","false",
"6a83ca7a48e335b18176","[""read(\""user:6a83ca3960ed56fc4767\"")""]","2026-08-18T02:59:06.435+00:00","2026-08-18T02:59:06.435+00:00","615768","false",
"6a83ca7d44f62cc779e4","[""read(\""user:6a83ca240e3c9d3f8c82\"")""]","2026-08-18T02:59:09.425+00:00","2026-08-18T02:59:09.425+00:00","992036","false",
"6a83caaeba9e91336e31","[""read(\""user:6a70452920b89d670a8a\"")""]","2026-08-18T02:59:58.898+00:00","2026-08-18T02:59:58.898+00:00","557798","false",
"6a83cab13aafa6238efe","[""read(\""user:6a83ca3bd7aeec80f01f\"")""]","2026-08-18T03:00:01.394+00:00","2026-08-18T03:00:01.394+00:00","737991","false",
"6a83cabb167910295662","[""read(\""user:6a83c963c3011ec4f6d2\"")""]","2026-08-18T03:00:11.289+00:00","2026-08-18T03:00:11.289+00:00","602030","false",
"6a83cabb64925a8b8822","[""read(\""user:6a83ca3e7e9f2f8bb2b1\"")""]","2026-08-18T03:00:11.557+00:00","2026-08-18T03:00:11.557+00:00","122655","false",
"6a83cac3e8376d652d93","[""read(\""user:6a83ca45d06908e4f06d\"")""]","2026-08-18T03:00:20.096+00:00","2026-08-18T03:00:20.096+00:00","858641","false",
"6a83cac8884f1f947e18","[""read(\""user:6a83ca3e7e9f2f8bb2b1\"")""]","2026-08-18T03:00:24.700+00:00","2026-08-18T03:00:24.700+00:00","248947","false",
"6a83caef0f89183cdd93","[""read(\""user:6a83ca2ab5f560b65b6a\"")""]","2026-08-18T03:01:03.208+00:00","2026-08-18T03:01:03.208+00:00","756007","false",
"6a83caf1888a80c56608","[""read(\""user:6a83c6821fd07ec57f39\"")""]","2026-08-18T03:01:05.695+00:00","2026-08-18T03:01:05.695+00:00","465310","false",
"6a83cb03e6eeb4063e15","[""read(\""user:6a70452920b89d670a8a\"")""]","2026-08-18T03:01:24.077+00:00","2026-08-18T03:01:24.077+00:00","320562","false",
"6a83cb23a1f9a2e10f23","[""read(\""user:6a83c6821fd07ec57f39\"")""]","2026-08-18T03:01:55.802+00:00","2026-08-18T03:01:55.802+00:00","222448","false",
"6a83cb5585bed81ac9f2","[""read(\""user:69eadeb7593314f8f446\"")""]","2026-08-18T03:02:45.699+00:00","2026-08-18T03:02:45.699+00:00","210789","false",
"6a83cb6a81644117044c","[""read(\""user:6a83ca2ae6155bdd72f9\"")""]","2026-08-18T03:03:06.671+00:00","2026-08-18T03:03:06.671+00:00","962886","false",
"6a83cb8854f7cf4877a4","[""read(\""user:69eadeb7593314f8f446\"")""]","2026-08-18T03:03:36.494+00:00","2026-08-18T03:03:36.494+00:00","547590","false",
"6a83cbb7c311e8638357","[""read(\""user:6a83ca45d06908e4f06d\"")""]","2026-08-18T03:04:23.936+00:00","2026-08-18T03:04:23.936+00:00","416318","false",
"6a83cbb8a692f88e6a90","[""read(\""user:6a70452920b89d670a8a\"")""]","2026-08-18T03:04:24.839+00:00","2026-08-18T03:04:24.839+00:00","358713","false",
"6a83cc14b3f3ffabb93a","[""read(\""user:6a83c9d99b2ea134d354\"")""]","2026-08-18T03:05:56.881+00:00","2026-08-18T03:05:56.881+00:00","850209","false",
"6a83cc1e9342c59c7487","[""read(\""user:6a70452920b89d670a8a\"")""]","2026-08-18T03:06:06.749+00:00","2026-08-18T03:06:06.749+00:00","027442","false",
"6a83cc3275af9dd91e7f","[""read(\""user:69eadeb7593314f8f446\"")""]","2026-08-18T03:06:26.628+00:00","2026-08-18T03:06:26.628+00:00","407820","false",
"6a83cc38c67a601a005d","[""read(\""user:6a83c8d9168ceb0d5345\"")""]","2026-08-18T03:06:32.950+00:00","2026-08-18T03:06:32.950+00:00","132291","false",
"6a83cd29756cf776c901","[""read(\""user:6a83c8d9168ceb0d5345\"")""]","2026-08-18T03:10:33.616+00:00","2026-08-18T03:10:33.616+00:00","404544","false",
"6a83cd4a6c710ffffd81","[""read(\""user:6a0c0317c0a13fb8f7af\"")""]","2026-08-18T03:11:06.583+00:00","2026-08-18T03:11:06.583+00:00","327587","false",
"6a83cd5d5dc4249ca012","[""read(\""user:69eadeb7593314f8f446\"")""]","2026-08-18T03:11:25.541+00:00","2026-08-18T03:11:25.541+00:00","321197","false",
"6a83cda8c62bb9e152b8","[""read(\""user:6a82c8dd699dd36b6f3a\"")""]","2026-08-18T03:12:40.947+00:00","2026-08-18T03:12:40.947+00:00","925881","false",
"6a83cde08ae869aae7c5","[""read(\""user:6a0c0317c0a13fb8f7af\"")""]","2026-08-18T03:13:36.708+00:00","2026-08-18T03:13:36.708+00:00","179859","false",
"6a83cde41aae281917f7","[""read(\""user:6a83cd7d84fa2019a566\"")""]","2026-08-18T03:13:40.253+00:00","2026-08-18T03:13:40.253+00:00","208040","false",
"6a83ce44cb43ef3ec1bd","[""read(\""user:6a0c0317c0a13fb8f7af\"")""]","2026-08-18T03:15:16.975+00:00","2026-08-18T03:15:16.975+00:00","612277","false",
"6a83ce6d75f7abfc708a","[""read(\""user:6a0c0317c0a13fb8f7af\"")""]","2026-08-18T03:15:57.622+00:00","2026-08-18T03:15:57.622+00:00","162445","false",
"6a83cf02cdf0a123b447","[""read(\""user:6a0830fd6c259d6d54b4\"")""]","2026-08-18T03:18:26.990+00:00","2026-08-18T03:18:26.990+00:00","807070","false",
"6a83cf9ab53954e2384c","[""read(\""user:6a142091c058fe49fbda\"")""]","2026-08-18T03:20:58.888+00:00","2026-08-18T03:20:58.888+00:00","310641","false",
"6a83cfddc40154eb073b","[""read(\""user:69fad76467f48b6e3f26\"")""]","2026-08-18T03:22:05.941+00:00","2026-08-18T03:22:05.941+00:00","232786","false",
"6a83d01ac041be28719a","[""read(\""user:69b0040108f2d205a57b\"")""]","2026-08-18T03:23:06.942+00:00","2026-08-18T03:23:06.942+00:00","038455","false",
"6a83d03711c17f7886b0","[""read(\""user:69eb077a98424aa88971\"")""]","2026-08-18T03:23:35.218+00:00","2026-08-18T03:23:35.218+00:00","932608","false",
"6a83d0454ef1f0f6e382","[""read(\""user:69eaddd743337f6647d8\"")""]","2026-08-18T03:23:49.549+00:00","2026-08-18T03:23:49.549+00:00","463204","false",
"6a83d04cb3465fa14505","[""read(\""user:69febd09890d13780ee8\"")""]","2026-08-18T03:23:56.879+00:00","2026-08-18T03:23:56.879+00:00","401854","false",
"6a83d055675e2cbb4ad4","[""read(\""user:6a1535f9473d9afcdc0a\"")""]","2026-08-18T03:24:05.562+00:00","2026-08-18T03:24:05.562+00:00","264583","false",
"6a83d07d9d704cba6eb0","[""read(\""user:69febd09890d13780ee8\"")""]","2026-08-18T03:24:45.782+00:00","2026-08-18T03:24:45.782+00:00","541769","false",
"6a83d09d3b1b231a7a95","[""read(\""user:6a83d054350b22e0c981\"")""]","2026-08-18T03:25:17.382+00:00","2026-08-18T03:25:17.382+00:00","561453","false",
"6a83d0b62939d0d6d6f9","[""read(\""user:69eadf8914d70a240f86\"")""]","2026-08-18T03:25:42.310+00:00","2026-08-18T03:25:42.310+00:00","649155","false",
"6a83d1f845ad5ff7ecd9","[""read(\""user:6a1535f9473d9afcdc0a\"")""]","2026-08-18T03:31:04.429+00:00","2026-08-18T03:31:04.429+00:00","877221","false",
"6a83d21d5f8f2f08391d","[""read(\""user:6a0c0317c0a13fb8f7af\"")""]","2026-08-18T03:31:41.529+00:00","2026-08-18T03:31:41.529+00:00","967415","false",
"6a83d239bb100069f638","[""read(\""user:69febd09890d13780ee8\"")""]","2026-08-18T03:32:09.907+00:00","2026-08-18T03:32:09.907+00:00","508799","false",
"6a83d264ba6258a8e378","[""read(\""user:6a0c0317c0a13fb8f7af\"")""]","2026-08-18T03:32:52.904+00:00","2026-08-18T03:32:52.904+00:00","044497","false",
"6a83d2932632d0893e81","[""read(\""user:69b0040108f2d205a57b\"")""]","2026-08-18T03:33:39.289+00:00","2026-08-18T03:33:39.289+00:00","817709","false",
"6a83d314dd8721c6209d","[""read(\""user:69b0040108f2d205a57b\"")""]","2026-08-18T03:35:49.048+00:00","2026-08-18T03:35:49.048+00:00","956274","false",
"6a83d331b871897a242a","[""read(\""user:6a83d054350b22e0c981\"")""]","2026-08-18T03:36:17.912+00:00","2026-08-18T03:36:17.912+00:00","343646","false",
"6a83d3e1da49299a50d1","[""read(\""user:6a83c9d99b2ea134d354\"")""]","2026-08-18T03:39:14.038+00:00","2026-08-18T03:39:14.038+00:00","884028","false",
"6a83d4325ad31e6bbf46","[""read(\""user:6a83ca3e7e9f2f8bb2b1\"")""]","2026-08-18T03:40:34.510+00:00","2026-08-18T03:40:34.510+00:00","824833","false",
"6a83d44a9b54535edf20","[""read(\""user:6a83ca45d06908e4f06d\"")""]","2026-08-18T03:40:58.770+00:00","2026-08-18T03:40:58.770+00:00","143261","false",
"6a83d44fce923ab6f2ed","[""read(\""user:6a83c9d99b2ea134d354\"")""]","2026-08-18T03:41:03.983+00:00","2026-08-18T03:41:03.983+00:00","757006","false",
"6a83d4679ac8dd2f6f4b","[""read(\""user:6a83ca45d06908e4f06d\"")""]","2026-08-18T03:41:27.775+00:00","2026-08-18T03:41:27.775+00:00","428507","false",
"6a83d4a42d8d05bfa3f1","[""read(\""user:6a83ca45d06908e4f06d\"")""]","2026-08-18T03:42:28.325+00:00","2026-08-18T03:42:28.325+00:00","577079","false",
"6a83d4c47fe2b396c541","[""read(\""user:6a83cd7d84fa2019a566\"")""]","2026-08-18T03:43:00.736+00:00","2026-08-18T03:43:00.736+00:00","496607","false",
"6a83d4d351da8f3f41dc","[""read(\""user:6a83c8d9168ceb0d5345\"")""]","2026-08-18T03:43:15.521+00:00","2026-08-18T03:43:15.521+00:00","396383","false",
"6a83d4e9942f829c8e92","[""read(\""user:6a83c963c3011ec4f6d2\"")""]","2026-08-18T03:43:37.748+00:00","2026-08-18T03:43:37.748+00:00","165896","false",
"6a83d513a6d26e9f57a9","[""read(\""user:6a83d4a7681e89d9f955\"")""]","2026-08-18T03:44:19.849+00:00","2026-08-18T03:44:19.849+00:00","977883","false",
"6a83d53fd1424b5ec9bc","[""read(\""user:6a83ca45d06908e4f06d\"")""]","2026-08-18T03:45:04.002+00:00","2026-08-18T03:45:04.002+00:00","818560","false",
"6a83d6ba4b1f5b238e0d","[""read(\""user:6a83d52b0006267815dd\"")""]","2026-08-18T03:51:22.708+00:00","2026-08-18T03:51:22.708+00:00","591364","false",
"6a83d89727da9181668f","[""read(\""user:6a83d80fb220e82a0671\"")""]","2026-08-18T03:59:19.316+00:00","2026-08-18T03:59:19.316+00:00","806443","false",
"6a83d89d9c8ec8a4a82b","[""read(\""user:6a83d7ca003928febfa6\"")""]","2026-08-18T03:59:25.785+00:00","2026-08-18T03:59:25.785+00:00","582833","false",
"6a83d8c52b4e4dd742a8","[""read(\""user:6a83ca2ab5f560b65b6a\"")""]","2026-08-18T04:00:05.316+00:00","2026-08-18T04:00:05.316+00:00","012321","false",
"6a83d94c01760368b6b7","[""read(\""user:6a83d8cd000b32cfcff8\"")""]","2026-08-18T04:02:20.142+00:00","2026-08-18T04:02:20.142+00:00","509925","false",
"6a83d9ba93f4b2e04bc9","[""read(\""user:6a83d7ca003928febfa6\"")""]","2026-08-18T04:04:10.749+00:00","2026-08-18T04:04:10.749+00:00","811647","false",
"6a83d9e8b647b8220342","[""read(\""user:6a83d9b12f617274e9a3\"")""]","2026-08-18T04:04:56.884+00:00","2026-08-18T04:04:56.884+00:00","861904","false",
"6a83dc151ae040845890","[""read(\""user:6a66ecbcdcbbd4b384d1\"")""]","2026-08-18T04:14:13.267+00:00","2026-08-18T04:14:13.267+00:00","242472","false",
"6a83dd2ac96bc3566b6e","[""read(\""user:6a19e6e1c0957def6126\"")""]","2026-08-18T04:18:50.966+00:00","2026-08-18T04:18:50.966+00:00","321655","false",
"6a83e22e93fe388d7231","[""read(\""user:6a83e17c06155450f298\"")""]","2026-08-18T04:40:14.764+00:00","2026-08-18T04:40:14.764+00:00","096690","false",
"6a83e3622fda28e0db57","[""read(\""user:6a19e6e1c0957def6126\"")""]","2026-08-18T04:45:22.395+00:00","2026-08-18T04:45:22.395+00:00","921046","false",
"6a83e52d3c9b6a14ae1b","[""read(\""user:69fac55e000879b37311\"")""]","2026-08-18T04:53:01.417+00:00","2026-08-18T04:53:01.417+00:00","231940","false",
"6a83e5668d9bb59c80b4","[""read(\""user:6a60639c424a30891990\"")""]","2026-08-18T04:53:58.722+00:00","2026-08-18T04:53:58.722+00:00","992714","false",
"6a83e5b4ec18a30d674b","[""read(\""user:6a83e539f3fe3a01c46d\"")""]","2026-08-18T04:55:17.129+00:00","2026-08-18T04:55:17.129+00:00","362220","false",
"6a83e5d750ab7e9fcd58","[""read(\""user:6a83e539f3fe3a01c46d\"")""]","2026-08-18T04:55:51.494+00:00","2026-08-18T04:55:51.494+00:00","683172","false",
"6a83e611893fd7ef68b9","[""read(\""user:69f1b787c1fbdc4cb215\"")""]","2026-08-18T04:56:49.719+00:00","2026-08-18T04:56:49.719+00:00","777260","false",
"6a83e6166b81b4ae0f08","[""read(\""user:6a83e539f3fe3a01c46d\"")""]","2026-08-18T04:56:54.656+00:00","2026-08-18T04:56:54.656+00:00","330328","false",
"6a83e61691f391a79861","[""read(\""user:6a60639c424a30891990\"")""]","2026-08-18T04:56:54.771+00:00","2026-08-18T04:56:54.771+00:00","534187","false",
"6a83e6306e6c601f82fc","[""read(\""user:6a0d4a057f3afd722633\"")""]","2026-08-18T04:57:20.623+00:00","2026-08-18T04:57:20.623+00:00","881931","false",
"6a83e63b5d4d3a596532","[""read(\""user:6a83e53626409489f072\"")""]","2026-08-18T04:57:31.554+00:00","2026-08-18T04:57:31.554+00:00","819022","false",
"6a83e68e48820cd6e990","[""read(\""user:69f1b787c1fbdc4cb215\"")""]","2026-08-18T04:58:54.440+00:00","2026-08-18T04:58:54.440+00:00","457897","false",
"6a83e6e21627a6577639","[""read(\""user:69f99d1aa5e44991b427\"")""]","2026-08-18T05:00:18.241+00:00","2026-08-18T05:00:18.241+00:00","936213","false",
"6a83e72f3cdd2d8f6459","[""read(\""user:6a83e6a2cb2d339f1009\"")""]","2026-08-18T05:01:35.414+00:00","2026-08-18T05:01:35.414+00:00","288872","false",
"6a83e741bc178ab6995b","[""read(\""user:6a83e670c9d36d5bccc0\"")""]","2026-08-18T05:01:53.911+00:00","2026-08-18T05:01:53.911+00:00","866722","false",
"6a83e7488fc85b9d3dda","[""read(\""user:6a83e5480037b7c48aaf\"")""]","2026-08-18T05:02:00.745+00:00","2026-08-18T05:02:00.745+00:00","731715","false",
"6a83e76f64cbc94a25c0","[""read(\""user:6a83e6d5000baa6d990f\"")""]","2026-08-18T05:02:39.580+00:00","2026-08-18T05:02:39.580+00:00","878051","false",
"6a83e784e0a9e78fc708","[""read(\""user:6a83e6a2cb2d339f1009\"")""]","2026-08-18T05:03:01.076+00:00","2026-08-18T05:03:01.076+00:00","850939","false",
"6a83e7a7c7834f2f0184","[""read(\""user:69f99d1aa5e44991b427\"")""]","2026-08-18T05:03:35.968+00:00","2026-08-18T05:03:35.968+00:00","104559","false",
"6a83e7a93d9ddaa98759","[""read(\""user:69ec321ccfc8c17fabdc\"")""]","2026-08-18T05:03:37.398+00:00","2026-08-18T05:03:37.398+00:00","928031","false",
"6a83e7c8d42646649d8a","[""read(\""user:6a83e5480037b7c48aaf\"")""]","2026-08-18T05:04:09.049+00:00","2026-08-18T05:04:09.049+00:00","440056","false",
"6a83e7d2ef473d19a317","[""read(\""user:6a0eaadd41281ea806f2\"")""]","2026-08-18T05:04:19.166+00:00","2026-08-18T05:04:19.166+00:00","658661","false",
"6a83e7deb3866354afac","[""read(\""user:69f1b13c9da01ee624d7\"")""]","2026-08-18T05:04:30.909+00:00","2026-08-18T05:04:30.909+00:00","874637","false",
"6a83e805d099919a1734","[""read(\""user:6a04372a001d31783d20\"")""]","2026-08-18T05:05:10.039+00:00","2026-08-18T05:05:10.039+00:00","058240","false",
"6a83e81b500706595c83","[""read(\""user:69eb109d4ed7084cc25f\"")""]","2026-08-18T05:05:31.591+00:00","2026-08-18T05:05:31.591+00:00","474917","false",
"6a83e8645d75a92123db","[""read(\""user:6a83e5480037b7c48aaf\"")""]","2026-08-18T05:06:44.574+00:00","2026-08-18T05:06:44.574+00:00","524075","false",
"6a83e86f99e960e215bb","[""read(\""user:6a758252dfde1d4d57c0\"")""]","2026-08-18T05:06:55.886+00:00","2026-08-18T05:06:55.886+00:00","880621","false",
"6a83e89a7409b0e94142","[""read(\""user:6a83e670c9d36d5bccc0\"")""]","2026-08-18T05:07:38.733+00:00","2026-08-18T05:07:38.733+00:00","571980","false",
"6a83e89b6c8077ebc81a","[""read(\""user:6a5f00455934645378b9\"")""]","2026-08-18T05:07:39.630+00:00","2026-08-18T05:07:39.630+00:00","595524","false",
"6a83e8c178aa92a27669","[""read(\""user:69f1b787c1fbdc4cb215\"")""]","2026-08-18T05:08:17.712+00:00","2026-08-18T05:08:17.712+00:00","474876","false",
"6a83e8f409305b705323","[""read(\""user:6a0a89785316c62aeee4\"")""]","2026-08-18T05:09:08.253+00:00","2026-08-18T05:09:08.253+00:00","553024","false",
"6a83e8fe54f0886f3203","[""read(\""user:69fc4df83e2dcdb30e11\"")""]","2026-08-18T05:09:18.528+00:00","2026-08-18T05:09:18.528+00:00","334783","false",
"6a83e903ba279f338cd5","[""read(\""user:69eb109d4ed7084cc25f\"")""]","2026-08-18T05:09:24.050+00:00","2026-08-18T05:09:24.050+00:00","967026","false",
"6a83e929621d17572dc2","[""read(\""user:69fc4df83e2dcdb30e11\"")""]","2026-08-18T05:10:01.585+00:00","2026-08-18T05:10:01.585+00:00","967072","false",
"6a83e968ebdf05f132bd","[""read(\""user:69fc17521f4b3c38d9a9\"")""]","2026-08-18T05:11:05.144+00:00","2026-08-18T05:11:05.144+00:00","679650","false",
"6a83e9ca0425a1556b33","[""read(\""user:6a0a89785316c62aeee4\"")""]","2026-08-18T05:12:42.223+00:00","2026-08-18T05:12:42.223+00:00","629037","false",
"6a83e9da2c7d99b5ef41","[""read(\""user:69eb109d4ed7084cc25f\"")""]","2026-08-18T05:12:58.375+00:00","2026-08-18T05:12:58.375+00:00","556453","false",
"6a83e9e3a1ec199d74b1","[""read(\""user:69eaf9754d7c086f8229\"")""]","2026-08-18T05:13:07.858+00:00","2026-08-18T05:13:07.858+00:00","070638","false",
"6a83e9e796a78521517c","[""read(\""user:6a798b5698ee50145bd8\"")""]","2026-08-18T05:13:11.799+00:00","2026-08-18T05:13:11.799+00:00","976937","false",
"6a83e9f9509e63958804","[""read(\""user:6a7c522b567f644a8865\"")""]","2026-08-18T05:13:29.569+00:00","2026-08-18T05:13:29.569+00:00","057860","false",
"6a83e9fa567e8af36eea","[""read(\""user:6a83e95f00202aded720\"")""]","2026-08-18T05:13:30.596+00:00","2026-08-18T05:13:30.596+00:00","946593","false",
"6a83ea4607bdfe41fc0a","[""read(\""user:69eb077a98424aa88971\"")""]","2026-08-18T05:14:46.223+00:00","2026-08-18T05:14:46.223+00:00","927670","false",
"6a83ea56a2a7c98b81b7","[""read(\""user:69eb109d4ed7084cc25f\"")""]","2026-08-18T05:15:02.853+00:00","2026-08-18T05:15:02.853+00:00","385523","false",
"6a83ea6a9155fc00797f","[""read(\""user:69eae241180f5da8d0be\"")""]","2026-08-18T05:15:22.773+00:00","2026-08-18T05:15:22.773+00:00","304561","false",
"6a83eab8af636d2f776f","[""read(\""user:69eb109d4ed7084cc25f\"")""]","2026-08-18T05:16:40.961+00:00","2026-08-18T05:16:40.961+00:00","372659","false",
"6a83ebcddbfe31c3ff30","[""read(\""user:69fd713d002cca52c53d\"")""]","2026-08-18T05:21:18.090+00:00","2026-08-18T05:21:18.090+00:00","816708","false",
"6a83ebe28b272ed03062","[""read(\""user:6a83eb46003a49fa64fc\"")""]","2026-08-18T05:21:38.802+00:00","2026-08-18T05:21:38.802+00:00","942982","false",
"6a83ec220d9f7a2a733b","[""read(\""user:69f3072a0c21a9ff21cd\"")""]","2026-08-18T05:22:42.241+00:00","2026-08-18T05:22:42.241+00:00","550026","false",
"6a83ec587ef77752dda4","[""read(\""user:69eaf05e2eb108a1625b\"")""]","2026-08-18T05:23:36.701+00:00","2026-08-18T05:23:36.701+00:00","075139","false",
"6a83ece4a1e5fa41941b","[""read(\""user:69eaf05e2eb108a1625b\"")""]","2026-08-18T05:25:56.860+00:00","2026-08-18T05:25:56.860+00:00","503485","false",
"6a83eced811a77332051","[""read(\""user:69eaf05e2eb108a1625b\"")""]","2026-08-18T05:26:05.716+00:00","2026-08-18T05:26:05.716+00:00","552729","false",
"6a83ede0c8856da6c057","[""read(\""user:6a83eb46003a49fa64fc\"")""]","2026-08-18T05:30:09.015+00:00","2026-08-18T05:30:09.015+00:00","882757","false",
"6a83ef6fbd002a560166","[""read(\""user:6a829f89003b8e515435\"")""]","2026-08-18T05:36:48.013+00:00","2026-08-18T05:36:48.013+00:00","491821","false",
"6a83efa94c5a58e7df68","[""read(\""user:6a83ef71a2df12eaf3e0\"")""]","2026-08-18T05:37:45.507+00:00","2026-08-18T05:37:45.507+00:00","700212","false",
"6a83f03bcb222183078b","[""read(\""user:6a83efb5002ec70c9862\"")""]","2026-08-18T05:40:11.993+00:00","2026-08-18T05:40:11.993+00:00","849022","false",
"6a83f03e7da67f99d18d","[""read(\""user:6a83efd4001348a84248\"")""]","2026-08-18T05:40:14.656+00:00","2026-08-18T05:40:14.656+00:00","200773","false",
"6a83f04d4f70c2f86b5d","[""read(\""user:6a142091c058fe49fbda\"")""]","2026-08-18T05:40:29.481+00:00","2026-08-18T05:40:29.481+00:00","958803","false",
"6a83f07b92f375a5dc4d","[""read(\""user:6a142091c058fe49fbda\"")""]","2026-08-18T05:41:15.739+00:00","2026-08-18T05:41:15.739+00:00","289673","false",
"6a83f17eea9c46fced34","[""read(\""user:69f81faeb15ec2cfc02c\"")""]","2026-08-18T05:45:35.114+00:00","2026-08-18T05:45:35.114+00:00","372933","false",
"6a83f18aec59ba7bf19d","[""read(\""user:69f81faeb15ec2cfc02c\"")""]","2026-08-18T05:45:47.122+00:00","2026-08-18T05:45:47.122+00:00","968084","false",
"6a83f1c4f244d6b7faf5","[""read(\""user:6a142091c058fe49fbda\"")""]","2026-08-18T05:46:45.137+00:00","2026-08-18T05:46:45.137+00:00","952399","false",
"6a83f2ad7447e395d22b","[""read(\""user:6a142091c058fe49fbda\"")""]","2026-08-18T05:50:37.623+00:00","2026-08-18T05:50:37.623+00:00","268343","false",
"6a83f5ec6c4fc5cb0866","[""read(\""user:69eb077a98424aa88971\"")""]","2026-08-18T06:04:28.593+00:00","2026-08-18T06:04:28.593+00:00","817621","false",
"6a83f635e194c6f99e3a","[""read(\""user:69eb077a98424aa88971\"")""]","2026-08-18T06:05:42.070+00:00","2026-08-18T06:05:42.070+00:00","474974","false",
"6a83f712edf93a0e9a73","[""read(\""user:6a5af135c6b7d10e8bd3\"")""]","2026-08-18T06:09:23.120+00:00","2026-08-18T06:09:23.120+00:00","903253","false",
"6a83f782a3cd7b1971d2","[""read(\""user:69ef1a9ade02ef9599f2\"")""]","2026-08-18T06:11:14.816+00:00","2026-08-18T06:11:14.816+00:00","675069","false",
"6a83fa2fb4770b0b62cb","[""read(\""user:6a83f8c4b0c83ef350c9\"")""]","2026-08-18T06:22:39.884+00:00","2026-08-18T06:22:39.884+00:00","463035","false",
"6a83fa97770aa7551c18","[""read(\""user:6a83fa2742d0182e2ca4\"")""]","2026-08-18T06:24:23.628+00:00","2026-08-18T06:24:23.628+00:00","299051","false",
"6a83fbef0d5834145c24","[""read(\""user:6a83fb756e4b03d58345\"")""]","2026-08-18T06:30:07.215+00:00","2026-08-18T06:30:07.215+00:00","693219","false",
"6a83fc30942774543b46","[""read(\""user:6a83fb756e4b03d58345\"")""]","2026-08-18T06:31:12.770+00:00","2026-08-18T06:31:12.770+00:00","180810","false",
"6a83fc3bd727334ef08b","[""read(\""user:6a83fb756e4b03d58345\"")""]","2026-08-18T06:31:24.051+00:00","2026-08-18T06:31:24.051+00:00","428005","false",
"6a83fcb86fa132931305","[""read(\""user:6a167eab3236a4945c29\"")""]","2026-08-18T06:33:28.610+00:00","2026-08-18T06:33:28.610+00:00","344832","false",
"6a83fd04d1c0369b7900","[""read(\""user:6a83fb756e4b03d58345\"")""]","2026-08-18T06:34:45.001+00:00","2026-08-18T06:34:45.001+00:00","604958","false",
"6a83fd9e60e56d480777","[""read(\""user:6a83fb756e4b03d58345\"")""]","2026-08-18T06:37:18.540+00:00","2026-08-18T06:37:18.540+00:00","799947","false",
"6a83fdc2724bcd93c9ea","[""read(\""user:6a83fce5bb27a57aa008\"")""]","2026-08-18T06:37:54.609+00:00","2026-08-18T06:37:54.609+00:00","631665","false",
"6a83fdc9ec06d630ba68","[""read(\""user:6a827db1001ef4ee0498\"")""]","2026-08-18T06:38:02.113+00:00","2026-08-18T06:38:02.113+00:00","228146","false",
"6a83fdd10a8c48f8da35","[""read(\""user:6a83fb756e4b03d58345\"")""]","2026-08-18T06:38:09.187+00:00","2026-08-18T06:38:09.187+00:00","859636","false",
"6a83fe02f24c60772f47","[""read(\""user:6a83e539f3fe3a01c46d\"")""]","2026-08-18T06:38:59.156+00:00","2026-08-18T06:38:59.156+00:00","020851","false",
"6a83fe40a188b3e84cb9","[""read(\""user:6a83fb756e4b03d58345\"")""]","2026-08-18T06:40:00.820+00:00","2026-08-18T06:40:00.820+00:00","141486","false",
"6a83ff9d4d2d5e592898","[""read(\""user:69fd7c831860abb38854\"")""]","2026-08-18T06:45:49.462+00:00","2026-08-18T06:45:49.462+00:00","387832","false",
"6a83ffb8d82aecf5543d","[""read(\""user:6a06b1b62b6f7003a743\"")""]","2026-08-18T06:46:17.036+00:00","2026-08-18T06:46:17.036+00:00","489501","false",
"6a83ffbec0f1c9548ade","[""read(\""user:6a715ca39e6072003587\"")""]","2026-08-18T06:46:22.936+00:00","2026-08-18T06:46:22.936+00:00","417756","false",
"6a83ffe3a45cf6fb09c5","[""read(\""user:6a715ca39e6072003587\"")""]","2026-08-18T06:46:59.816+00:00","2026-08-18T06:46:59.816+00:00","783749","false",
"6a84000a547fc2e2d31f","[""read(\""user:69fd7c831860abb38854\"")""]","2026-08-18T06:47:38.527+00:00","2026-08-18T06:47:38.527+00:00","799955","false",
"6a840032265e4610732c","[""read(\""user:69fd7c831860abb38854\"")""]","2026-08-18T06:48:18.318+00:00","2026-08-18T06:48:18.318+00:00","653735","false",
"6a8402012eb49c170925","[""read(\""user:69fd7c831860abb38854\"")""]","2026-08-18T06:56:01.346+00:00","2026-08-18T06:56:01.346+00:00","739665","false",
"6a8402777111ddd59a92","[""read(\""user:6a715ca39e6072003587\"")""]","2026-08-18T06:57:59.619+00:00","2026-08-18T06:57:59.619+00:00","172192","false",
"6a84027a153924bde35c","[""read(\""user:6a03f0d0001f1dabae91\"")""]","2026-08-18T06:58:02.229+00:00","2026-08-18T06:58:02.229+00:00","596731","false",
"6a8402ec2338bcc7bba6","[""read(\""user:69fd7c831860abb38854\"")""]","2026-08-18T06:59:56.287+00:00","2026-08-18T06:59:56.287+00:00","997288","false",
"6a840316320c0a7f8b06","[""read(\""user:6a03f0d0001f1dabae91\"")""]","2026-08-18T07:00:38.359+00:00","2026-08-18T07:00:38.359+00:00","516529","false",
"6a840340ab68745adc47","[""read(\""user:6a5af135c6b7d10e8bd3\"")""]","2026-08-18T07:01:20.843+00:00","2026-08-18T07:01:20.843+00:00","333429","false",
"6a840344931afa1df6cf","[""read(\""user:69fd7c831860abb38854\"")""]","2026-08-18T07:01:24.754+00:00","2026-08-18T07:01:24.754+00:00","790283","false",
"6a840345cd56b5bd5a01","[""read(\""user:6a715ca39e6072003587\"")""]","2026-08-18T07:01:25.995+00:00","2026-08-18T07:01:25.995+00:00","803613","false",
"6a840386d1d2f6ec4de4","[""read(\""user:6a03f0d0001f1dabae91\"")""]","2026-08-18T07:02:31.033+00:00","2026-08-18T07:02:31.033+00:00","252017","false",
"6a8403b5c3eb7dce7093","[""read(\""user:69eb077a98424aa88971\"")""]","2026-08-18T07:03:17.965+00:00","2026-08-18T07:03:17.965+00:00","582371","false",
"6a8403ca710f0da4b366","[""read(\""user:6a5af135c6b7d10e8bd3\"")""]","2026-08-18T07:03:38.603+00:00","2026-08-18T07:03:38.603+00:00","987614","false",
"6a840439822e3a277f1e","[""read(\""user:69ec32f6f2fb73954a25\"")""]","2026-08-18T07:05:29.698+00:00","2026-08-18T07:05:29.698+00:00","376603","false",
"6a840475b23a874e3d79","[""read(\""user:6a5af135c6b7d10e8bd3\"")""]","2026-08-18T07:06:29.883+00:00","2026-08-18T07:06:29.883+00:00","226277","false",
"6a840497ce15abca8168","[""read(\""user:6a8402f400112ca17666\"")""]","2026-08-18T07:07:04.000+00:00","2026-08-18T07:07:04.000+00:00","446802","false",
"6a8404d9024e84124fd2","[""read(\""user:6a5f1db01acc129408b6\"")""]","2026-08-18T07:08:09.161+00:00","2026-08-18T07:08:09.161+00:00","562372","false",
"6a840662f4106e919bf8","[""read(\""user:6a8405f9001a06256870\"")""]","2026-08-18T07:14:43.179+00:00","2026-08-18T07:14:43.179+00:00","306077","false",
"6a8407772343a90f31b6","[""read(\""user:69ef1bddd4f5e814b1f1\"")""]","2026-08-18T07:19:19.334+00:00","2026-08-18T07:19:19.334+00:00","696266","false",
"6a8407e0f0fc81bc8a56","[""read(\""user:6a0eaadd41281ea806f2\"")""]","2026-08-18T07:21:05.154+00:00","2026-08-18T07:21:05.154+00:00","919742","false",
"6a84082c71dfa62dafc0","[""read(\""user:6a0eaadd41281ea806f2\"")""]","2026-08-18T07:22:20.650+00:00","2026-08-18T07:22:20.650+00:00","204997","false",
"6a840898546e4d90d521","[""read(\""user:6a7acf283983c0443b72\"")""]","2026-08-18T07:24:08.499+00:00","2026-08-18T07:24:08.499+00:00","830421","false",
"6a8408eb5e2cc8ff939f","[""read(\""user:6a7d35fc54949c5edcd5\"")""]","2026-08-18T07:25:31.558+00:00","2026-08-18T07:25:31.558+00:00","758389","false",
"6a8408ee2bdfd337378e","[""read(\""user:69ef1bddd4f5e814b1f1\"")""]","2026-08-18T07:25:34.338+00:00","2026-08-18T07:25:34.338+00:00","691997","false",
"6a8408f12a5a55359101","[""read(\""user:6a84089700163b5ccd80\"")""]","2026-08-18T07:25:37.397+00:00","2026-08-18T07:25:37.397+00:00","062996","false",
"6a8409528de06a925591","[""read(\""user:6a7acf283983c0443b72\"")""]","2026-08-18T07:27:14.742+00:00","2026-08-18T07:27:14.742+00:00","404977","false",
"6a84098ee9fced036263","[""read(\""user:69f2e754094b7f14fb6a\"")""]","2026-08-18T07:28:15.105+00:00","2026-08-18T07:28:15.105+00:00","971869","false",
"6a840993137c360312a8","[""read(\""user:6a84090100167a02ed72\"")""]","2026-08-18T07:28:19.242+00:00","2026-08-18T07:28:19.242+00:00","427408","false",
"6a8409d96e8a98409ed6","[""read(\""user:6a7ad2af8786ffa93a70\"")""]","2026-08-18T07:29:29.610+00:00","2026-08-18T07:29:29.610+00:00","944604","false",
"6a8409e8871aa4e2c7f9","[""read(\""user:6a84095fee0c87c1811b\"")""]","2026-08-18T07:29:44.720+00:00","2026-08-18T07:29:44.720+00:00","471687","false",
"6a8409eb4397577e02b1","[""read(\""user:6a8408e4000c23d7ebcd\"")""]","2026-08-18T07:29:47.443+00:00","2026-08-18T07:29:47.443+00:00","790425","false",
"6a840a33d3817af19ccc","[""read(\""user:6a84089700163b5ccd80\"")""]","2026-08-18T07:31:00.025+00:00","2026-08-18T07:31:00.025+00:00","562743","false",
"6a840a7cef66b749e1eb","[""read(\""user:6a84090100167a02ed72\"")""]","2026-08-18T07:32:13.169+00:00","2026-08-18T07:32:13.169+00:00","148712","false",
"6a840abed36bd4dd39be","[""read(\""user:69f025177d4cb7112426\"")""]","2026-08-18T07:33:19.027+00:00","2026-08-18T07:33:19.027+00:00","826091","false",
"6a840b0a497a3ec707b0","[""read(\""user:6a84095fee0c87c1811b\"")""]","2026-08-18T07:34:34.459+00:00","2026-08-18T07:34:34.459+00:00","863875","false",
"6a840b16d94747b12690","[""read(\""user:6a0eaadd41281ea806f2\"")""]","2026-08-18T07:34:47.036+00:00","2026-08-18T07:34:47.036+00:00","336316","false",
"6a840b186ba5f131a087","[""read(\""user:69f2e754094b7f14fb6a\"")""]","2026-08-18T07:34:48.599+00:00","2026-08-18T07:34:48.599+00:00","384826","false",
"6a840b38a83e9a6e9820","[""read(\""user:6a79878c738dc10c2335\"")""]","2026-08-18T07:35:20.843+00:00","2026-08-18T07:35:20.843+00:00","026884","false",
"6a840b462dbb30c78ded","[""read(\""user:69fc036ccfc126224cac\"")""]","2026-08-18T07:35:34.346+00:00","2026-08-18T07:35:34.346+00:00","501846","false",
"6a840b71b42fc5401391","[""read(\""user:6a840b066b571526fedf\"")""]","2026-08-18T07:36:17.898+00:00","2026-08-18T07:36:17.898+00:00","538626","false",
"6a840b9ce5a6b6e3bace","[""read(\""user:69fc036ccfc126224cac\"")""]","2026-08-18T07:37:01.085+00:00","2026-08-18T07:37:01.085+00:00","833636","false",
"6a840ba9185e222de5d9","[""read(\""user:69f3111d7cda2fd3d6c5\"")""]","2026-08-18T07:37:13.249+00:00","2026-08-18T07:37:13.249+00:00","807887","false",
"6a840c19bfdc3d1aa895","[""read(\""user:6a840b8d0f9f6472dbeb\"")""]","2026-08-18T07:39:05.969+00:00","2026-08-18T07:39:05.969+00:00","830540","false",
"6a840c332a0d5e129937","[""read(\""user:6a83fa2742d0182e2ca4\"")""]","2026-08-18T07:39:31.331+00:00","2026-08-18T07:39:31.331+00:00","115809","false",
"6a840c371d3f95369ae9","[""read(\""user:6a840b066b571526fedf\"")""]","2026-08-18T07:39:35.276+00:00","2026-08-18T07:39:35.276+00:00","988407","false",
"6a840c3dace0a700d802","[""read(\""user:6a83fa2742d0182e2ca4\"")""]","2026-08-18T07:39:41.878+00:00","2026-08-18T07:39:41.878+00:00","756123","false",
"6a840c4d80c409b7f450","[""read(\""user:69f2e754094b7f14fb6a\"")""]","2026-08-18T07:39:57.685+00:00","2026-08-18T07:39:57.685+00:00","616996","false",
"6a840c93ca1e4a794644","[""read(\""user:6a840b8d0f9f6472dbeb\"")""]","2026-08-18T07:41:07.967+00:00","2026-08-18T07:41:07.967+00:00","175867","false",
"6a840c98bf3856cb3a14","[""read(\""user:6a79878c738dc10c2335\"")""]","2026-08-18T07:41:12.924+00:00","2026-08-18T07:41:12.924+00:00","968696","false",
"6a840ce189c07d064d02","[""read(\""user:6a83fa2742d0182e2ca4\"")""]","2026-08-18T07:42:25.718+00:00","2026-08-18T07:42:25.718+00:00","474333","false",
"6a840d419df77f871ba5","[""read(\""user:6a83fa2742d0182e2ca4\"")""]","2026-08-18T07:44:01.807+00:00","2026-08-18T07:44:01.807+00:00","484175","false",
"6a840d632c3315ad9664","[""read(\""user:6a840b066b571526fedf\"")""]","2026-08-18T07:44:35.397+00:00","2026-08-18T07:44:35.397+00:00","268464","false",
"6a840dc1d44cf415f6fd","[""read(\""user:6a83fa2742d0182e2ca4\"")""]","2026-08-18T07:46:10.027+00:00","2026-08-18T07:46:10.027+00:00","417214","false",
"6a840e41c0eac649a26c","[""read(\""user:6a840b066b571526fedf\"")""]","2026-08-18T07:48:17.946+00:00","2026-08-18T07:48:17.946+00:00","659665","false",
"6a840e77bfcd7b1ef076","[""read(\""user:69fd7c831860abb38854\"")""]","2026-08-18T07:49:11.936+00:00","2026-08-18T07:49:11.936+00:00","894336","false",
"6a840eaeab22476d5ae2","[""read(\""user:6a79537113408575cfa4\"")""]","2026-08-18T07:50:06.852+00:00","2026-08-18T07:50:06.852+00:00","008543","false",
"6a840ec560343015062c","[""read(\""user:6a13cc389a46f8f72932\"")""]","2026-08-18T07:50:29.539+00:00","2026-08-18T07:50:29.539+00:00","395041","false",
"6a840ed9cb8a2bd59124","[""read(\""user:69fd7c831860abb38854\"")""]","2026-08-18T07:50:49.996+00:00","2026-08-18T07:50:49.996+00:00","898817","false",
"6a840f2c449cb83fc110","[""read(\""user:69fd7c831860abb38854\"")""]","2026-08-18T07:52:12.434+00:00","2026-08-18T07:52:12.434+00:00","508930","false",
"6a840f3422384c410697","[""read(\""user:6a15558de9591f58efec\"")""]","2026-08-18T07:52:20.285+00:00","2026-08-18T07:52:20.285+00:00","463967","false",
"6a840f6564cbc76db6aa","[""read(\""user:6a4f144e00fac5432d2e\"")""]","2026-08-18T07:53:09.561+00:00","2026-08-18T07:53:09.561+00:00","358929","false",
"6a841015aaf3264d7c53","[""read(\""user:6a4f144e00fac5432d2e\"")""]","2026-08-18T07:56:05.868+00:00","2026-08-18T07:56:05.868+00:00","723438","false",
"6a8410463c8ea1e762ae","[""read(\""user:6a83efd4001348a84248\"")""]","2026-08-18T07:56:54.403+00:00","2026-08-18T07:56:54.403+00:00","677312","false",
"6a84106c55b72224bace","[""read(\""user:6a83efd4001348a84248\"")""]","2026-08-18T07:57:32.491+00:00","2026-08-18T07:57:32.491+00:00","946831","false",
"6a84107a143ec74167c1","[""read(\""user:6a83efd4001348a84248\"")""]","2026-08-18T07:57:46.219+00:00","2026-08-18T07:57:46.219+00:00","657232","false",
"6a84108963c97a4831c0","[""read(\""user:6a7d77bf761c3ae2fb2c\"")""]","2026-08-18T07:58:01.689+00:00","2026-08-18T07:58:01.689+00:00","113956","false",
"6a8410ab3d0e98161417","[""read(\""user:69f335f0f202824ad543\"")""]","2026-08-18T07:58:35.407+00:00","2026-08-18T07:58:35.407+00:00","519893","false",
"6a8410e860da30afe3af","[""read(\""user:6a7d77bf761c3ae2fb2c\"")""]","2026-08-18T07:59:36.548+00:00","2026-08-18T07:59:36.548+00:00","426308","false",
"6a8410f965ea1e233cfb","[""read(\""user:6a06d174be6e4bdbf212\"")""]","2026-08-18T07:59:53.614+00:00","2026-08-18T07:59:53.614+00:00","722340","false",
"6a84111a7067bc1960de","[""read(\""user:6a15558de9591f58efec\"")""]","2026-08-18T08:00:26.605+00:00","2026-08-18T08:00:26.605+00:00","913107","false",
"6a8411592a0b1758fb23","[""read(\""user:69f2e7eb29f955373080\"")""]","2026-08-18T08:01:29.347+00:00","2026-08-18T08:01:29.347+00:00","800429","false",
"6a84116ff02edfe9027e","[""read(\""user:6a83efd4001348a84248\"")""]","2026-08-18T08:01:52.214+00:00","2026-08-18T08:01:52.214+00:00","230212","false",
"6a8411ac4062f661c5de","[""read(\""user:6a7d77bf761c3ae2fb2c\"")""]","2026-08-18T08:02:52.412+00:00","2026-08-18T08:02:52.412+00:00","067355","false",
"6a8411b58e1b3df13338","[""read(\""user:6a8410fe002e446d93f8\"")""]","2026-08-18T08:03:02.079+00:00","2026-08-18T08:03:02.079+00:00","476870","false",
"6a8411c5bca841dea0e9","[""read(\""user:6a841060cdbb8ddbe241\"")""]","2026-08-18T08:03:17.931+00:00","2026-08-18T08:03:17.931+00:00","548960","false",
"6a84120800ea810f4cae","[""read(\""user:6a8411860006ae01df35\"")""]","2026-08-18T08:04:24.194+00:00","2026-08-18T08:04:24.194+00:00","845528","false",
"6a8412e94bc0ecdf4161","[""read(\""user:6a7d77bf761c3ae2fb2c\"")""]","2026-08-18T08:08:09.461+00:00","2026-08-18T08:08:09.461+00:00","088793","false",
"6a8412f571783f9379f1","[""read(\""user:6a841060cdbb8ddbe241\"")""]","2026-08-18T08:08:21.606+00:00","2026-08-18T08:08:21.606+00:00","382438","false",
"6a841315e1db6059f01f","[""read(\""user:6a82a8ed9fcd42ae4128\"")""]","2026-08-18T08:08:54.073+00:00","2026-08-18T08:08:54.073+00:00","877246","false",
"6a841372cd85a021f39e","[""read(\""user:6a740513110b60ed1f67\"")""]","2026-08-18T08:10:26.995+00:00","2026-08-18T08:10:26.995+00:00","090504","false",
"6a841384eb9e6845d248","[""read(\""user:6a0a89785316c62aeee4\"")""]","2026-08-18T08:10:45.125+00:00","2026-08-18T08:10:45.125+00:00","423819","false",
"6a8413a333568c3e3ded","[""read(\""user:69f2c0c69ebccbea98cc\"")""]","2026-08-18T08:11:15.363+00:00","2026-08-18T08:11:15.363+00:00","517763","false",
"6a8414c12eb4c14430f4","[""read(\""user:69f2c0c69ebccbea98cc\"")""]","2026-08-18T08:16:01.341+00:00","2026-08-18T08:16:01.341+00:00","758907","false",
"6a8414f3c0592cf03630","[""read(\""user:69f2c0c69ebccbea98cc\"")""]","2026-08-18T08:16:51.927+00:00","2026-08-18T08:16:51.927+00:00","416171","false",
"6a8415488f5aae7d3dd4","[""read(\""user:69fd7cbd99f6bbd2c334\"")""]","2026-08-18T08:18:16.743+00:00","2026-08-18T08:18:16.743+00:00","191162","false",
"6a841670663c47a1a7ff","[""read(\""user:6a7052e56b3cd9937dc7\"")""]","2026-08-18T08:23:12.568+00:00","2026-08-18T08:23:12.568+00:00","244914","false",
"6a8416812824b5d044f0","[""read(\""user:69f31463a5aee697f90c\"")""]","2026-08-18T08:23:29.311+00:00","2026-08-18T08:23:29.311+00:00","724200","false",
"6a84170597c951137fd6","[""read(\""user:6a84090100167a02ed72\"")""]","2026-08-18T08:25:41.779+00:00","2026-08-18T08:25:41.779+00:00","209148","false",
"6a8417387c9fe10f475b","[""read(\""user:6a8416d94d89e2888541\"")""]","2026-08-18T08:26:32.661+00:00","2026-08-18T08:26:32.661+00:00","141534","false",
"6a84173c2edc569f9c21","[""read(\""user:6a84090100167a02ed72\"")""]","2026-08-18T08:26:36.340+00:00","2026-08-18T08:26:36.340+00:00","469561","false",
"6a841759a8f37ecaa718","[""read(\""user:69eaddd743337f6647d8\"")""]","2026-08-18T08:27:05.871+00:00","2026-08-18T08:27:05.871+00:00","601535","false",
"6a8418aa7ede3801ca2b","[""read(\""user:6a0d4a057f3afd722633\"")""]","2026-08-18T08:32:42.672+00:00","2026-08-18T08:32:42.672+00:00","119011","false",
"6a84190c67456d90b223","[""read(\""user:6a168714df53cca2cade\"")""]","2026-08-18T08:34:20.588+00:00","2026-08-18T08:34:20.588+00:00","052989","false",
"6a8419d4811e26e9de9c","[""read(\""user:6a84196a001cdeb0093f\"")""]","2026-08-18T08:37:40.794+00:00","2026-08-18T08:37:40.794+00:00","219744","false",
"6a841a7ec2efe7ef092a","[""read(\""user:6a84196a001cdeb0093f\"")""]","2026-08-18T08:40:30.932+00:00","2026-08-18T08:40:30.932+00:00","291857","false",
"6a841dba27a523363986","[""read(\""user:6a841c613ad09a996718\"")""]","2026-08-18T08:54:18.337+00:00","2026-08-18T08:54:18.337+00:00","252214","false",
"6a841dfdb153c9c6d372","[""read(\""user:6a841c613ad09a996718\"")""]","2026-08-18T08:55:25.893+00:00","2026-08-18T08:55:25.893+00:00","231548","false",
"6a841e64e159942a9d80","[""read(\""user:6a841c613ad09a996718\"")""]","2026-08-18T08:57:09.086+00:00","2026-08-18T08:57:09.086+00:00","324296","false",
"6a841ee57ad8ea6d99ff","[""read(\""user:6a841c613ad09a996718\"")""]","2026-08-18T08:59:17.670+00:00","2026-08-18T08:59:17.670+00:00","210590","false",
"6a841fa719423888445c","[""read(\""user:6a841e88000bc9bb9ad1\"")""]","2026-08-18T09:02:31.275+00:00","2026-08-18T09:02:31.275+00:00","658449","false",
"6a84202c24c66c5a1493","[""read(\""user:6a841c613ad09a996718\"")""]","2026-08-18T09:04:44.297+00:00","2026-08-18T09:04:44.297+00:00","809324","false",
"6a84207da7b49d08e2ed","[""read(\""user:6a841c613ad09a996718\"")""]","2026-08-18T09:06:05.845+00:00","2026-08-18T09:06:05.845+00:00","496445","false",
"6a8420cd1388d3a8c650","[""read(\""user:6a841c613ad09a996718\"")""]","2026-08-18T09:07:25.226+00:00","2026-08-18T09:07:25.226+00:00","951487","false",
"6a842120257be4cfa3e3","[""read(\""user:6a7d4310b90ed03b6b99\"")""]","2026-08-18T09:08:48.294+00:00","2026-08-18T09:08:48.294+00:00","464846","false",
"6a84213113d9448dbe9d","[""read(\""user:6a7d4310b90ed03b6b99\"")""]","2026-08-18T09:09:05.239+00:00","2026-08-18T09:09:05.239+00:00","273547","false",
"6a8424d16c79e68e222f","[""read(\""user:6a0151fe003ad7da3c3d\"")""]","2026-08-18T09:24:33.640+00:00","2026-08-18T09:24:33.640+00:00","188166","false",
"6a842529a62f73f02ce1","[""read(\""user:69fea6cd000e24137d92\"")""]","2026-08-18T09:26:01.884+00:00","2026-08-18T09:26:01.884+00:00","290319","false",
"6a842534de179fc4ce36","[""read(\""user:69f1caa6863a75f823e5\"")""]","2026-08-18T09:26:13.114+00:00","2026-08-18T09:26:13.114+00:00","295422","false",
"6a8425462959a44a2742","[""read(\""user:6a5dce40647104b74222\"")""]","2026-08-18T09:26:30.359+00:00","2026-08-18T09:26:30.359+00:00","355808","false",
"6a84260ab0201f5c2134","[""read(\""user:69f1caa6863a75f823e5\"")""]","2026-08-18T09:29:47.025+00:00","2026-08-18T09:29:47.025+00:00","713886","false",
"6a842635146098bc3373","[""read(\""user:6a6b1af241fb134b9e9b\"")""]","2026-08-18T09:30:29.319+00:00","2026-08-18T09:30:29.319+00:00","397767","false",
"6a8426aae8aeb374b821","[""read(\""user:6a84261dd2d690e31d77\"")""]","2026-08-18T09:32:27.116+00:00","2026-08-18T09:32:27.116+00:00","780422","false",
"6a8426d61706cb894e14","[""read(\""user:6a758ca8d29f3d0bb3ab\"")""]","2026-08-18T09:33:10.309+00:00","2026-08-18T09:33:10.309+00:00","531460","false",
"6a84280cdd89c976b99e","[""read(\""user:6a84271f001c37c3a46e\"")""]","2026-08-18T09:38:21.094+00:00","2026-08-18T09:38:21.094+00:00","314244","false",
"6a84281f17ee08661f5b","[""read(\""user:6a84271f001c37c3a46e\"")""]","2026-08-18T09:38:39.296+00:00","2026-08-18T09:38:39.296+00:00","518895","false",
"6a84291b908b2345fa27","[""read(\""user:6a842731000d42414c8f\"")""]","2026-08-18T09:42:52.445+00:00","2026-08-18T09:42:52.445+00:00","297039","false",
"6a842926e189656d6480","[""read(\""user:6a842731000d42414c8f\"")""]","2026-08-18T09:43:03.571+00:00","2026-08-18T09:43:03.571+00:00","697931","false",
"6a8429352376bb7384a7","[""read(\""user:6a8427b0003685d15e05\"")""]","2026-08-18T09:43:17.409+00:00","2026-08-18T09:43:17.409+00:00","291255","false",
"6a84293ae78ffeb481ec","[""read(\""user:6a842731000d42414c8f\"")""]","2026-08-18T09:43:23.166+00:00","2026-08-18T09:43:23.166+00:00","247134","false",
"6a84293e4814e91625f4","[""read(\""user:6a05a55b0e814939d335\"")""]","2026-08-18T09:43:26.498+00:00","2026-08-18T09:43:26.498+00:00","005881","false",
"6a8429587817f6455d61","[""read(\""user:6a05a55b0e814939d335\"")""]","2026-08-18T09:43:52.691+00:00","2026-08-18T09:43:52.691+00:00","920321","false",
"6a84297d31562c78655d","[""read(\""user:6a8427b0003685d15e05\"")""]","2026-08-18T09:44:29.400+00:00","2026-08-18T09:44:29.400+00:00","051376","false",
"6a842986a581cfd77882","[""read(\""user:6a8427b0003685d15e05\"")""]","2026-08-18T09:44:38.947+00:00","2026-08-18T09:44:38.947+00:00","114892","false",
"6a8429cac583f2f0d0b6","[""read(\""user:69f1caa6863a75f823e5\"")""]","2026-08-18T09:45:46.991+00:00","2026-08-18T09:45:46.991+00:00","325230","false",
"6a8429ffcdf9a397d928","[""read(\""user:69f987a9001c3fbe4d31\"")""]","2026-08-18T09:46:40.105+00:00","2026-08-18T09:46:40.105+00:00","481741","false",
"6a842a390f692a36c256","[""read(\""user:6a7d4310b90ed03b6b99\"")""]","2026-08-18T09:47:37.252+00:00","2026-08-18T09:47:37.252+00:00","612431","false",
"6a842a551f8bf257df6e","[""read(\""user:69f987a9001c3fbe4d31\"")""]","2026-08-18T09:48:05.399+00:00","2026-08-18T09:48:05.399+00:00","845517","false",
"6a842a59d71fa8fc0cad","[""read(\""user:69f1caa6863a75f823e5\"")""]","2026-08-18T09:48:10.063+00:00","2026-08-18T09:48:10.063+00:00","515560","false",
"6a842afc85c8e357b49c","[""read(\""user:69f1caa6863a75f823e5\"")""]","2026-08-18T09:50:52.760+00:00","2026-08-18T09:50:52.760+00:00","795555","false",
"6a842bf0870e8897f071","[""read(\""user:6a7ec56d9e34f7659225\"")""]","2026-08-18T09:54:56.743+00:00","2026-08-18T09:54:56.743+00:00","042481","false",
"6a842c392d04df101d3e","[""read(\""user:6a842a810032ecfdedff\"")""]","2026-08-18T09:56:09.385+00:00","2026-08-18T09:56:09.385+00:00","456734","false",
"6a842ca293a38e03f7b0","[""read(\""user:69f987a9001c3fbe4d31\"")""]","2026-08-18T09:57:54.755+00:00","2026-08-18T09:57:54.755+00:00","998276","false",
"6a842d2b607e1bd5f08e","[""read(\""user:6a842c84003604b8d8ae\"")""]","2026-08-18T10:00:11.539+00:00","2026-08-18T10:00:11.539+00:00","463796","false",
"6a842d3ebefefc98f759","[""read(\""user:69ef30d0ae59eab6af82\"")""]","2026-08-18T10:00:30.942+00:00","2026-08-18T10:00:30.942+00:00","963101","false",
"6a842d5b2b0a5de61fcb","[""read(\""user:6a842ad880039a8924f8\"")""]","2026-08-18T10:00:59.331+00:00","2026-08-18T10:00:59.331+00:00","664397","false",
"6a842d5ce9b98527c2f3","[""read(\""user:6a0a89785316c62aeee4\"")""]","2026-08-18T10:01:01.113+00:00","2026-08-18T10:01:01.113+00:00","239806","false",
"6a842d5dc8e25d5ea1eb","[""read(\""user:6a7ec56d9e34f7659225\"")""]","2026-08-18T10:01:01.975+00:00","2026-08-18T10:01:01.975+00:00","650680","false",
"6a842d8c44588c775866","[""read(\""user:6a842ca0ce69ca7b9aa1\"")""]","2026-08-18T10:01:48.504+00:00","2026-08-18T10:01:48.504+00:00","546621","false",
"6a842d9dc6348ba2a3de","[""read(\""user:6a842ad880039a8924f8\"")""]","2026-08-18T10:02:06.012+00:00","2026-08-18T10:02:06.012+00:00","290939","false",
"6a842e15b012308723c0","[""read(\""user:69f065e015e40d73553e\"")""]","2026-08-18T10:04:05.865+00:00","2026-08-18T10:04:05.865+00:00","610719","false",
"6a842e1d8e26e7a57d1d","[""read(\""user:69ef30d0ae59eab6af82\"")""]","2026-08-18T10:04:13.730+00:00","2026-08-18T10:04:13.730+00:00","236319","false",
"6a842e52f30ea3103b98","[""read(\""user:6a0a89785316c62aeee4\"")""]","2026-08-18T10:05:07.148+00:00","2026-08-18T10:05:07.148+00:00","607949","false",
"6a842eba5e142c329091","[""read(\""user:6a842ad880039a8924f8\"")""]","2026-08-18T10:06:50.527+00:00","2026-08-18T10:06:50.527+00:00","970959","false",
"6a842f0d249deec8127e","[""read(\""user:69f065e015e40d73553e\"")""]","2026-08-18T10:08:13.303+00:00","2026-08-18T10:08:13.303+00:00","852206","false",
"6a842f5d26ed3103fdf0","[""read(\""user:6a0a89785316c62aeee4\"")""]","2026-08-18T10:09:33.303+00:00","2026-08-18T10:09:33.303+00:00","052488","false",
"6a842f979f642d2eb1ae","[""read(\""user:6a842ad880039a8924f8\"")""]","2026-08-18T10:10:31.798+00:00","2026-08-18T10:10:31.798+00:00","219254","false",
"6a842fe5e720dc6a4cca","[""read(\""user:6a0a89785316c62aeee4\"")""]","2026-08-18T10:11:50.101+00:00","2026-08-18T10:11:50.101+00:00","718676","false",
"6a8430c517b482b45e5a","[""read(\""user:6a842f67002e44792d98\"")""]","2026-08-18T10:15:33.237+00:00","2026-08-18T10:15:33.237+00:00","470753","false",
"6a843104824486ab744e","[""read(\""user:6a0a89785316c62aeee4\"")""]","2026-08-18T10:16:36.685+00:00","2026-08-18T10:16:36.685+00:00","597027","false",
"6a8433686dc5e31cfb0e","[""read(\""user:6a7c43017d30d91fe5ad\"")""]","2026-08-18T10:26:48.592+00:00","2026-08-18T10:26:48.592+00:00","878252","false",
"6a8433bba739caa0cd9e","[""read(\""user:6a8416d94d89e2888541\"")""]","2026-08-18T10:28:12.094+00:00","2026-08-18T10:28:12.094+00:00","595150","false",
"6a8433c4af862423b451","[""read(\""user:6a84095fee0c87c1811b\"")""]","2026-08-18T10:28:20.883+00:00","2026-08-18T10:28:20.883+00:00","180722","false",
"6a8433d7c4b175d5bf3c","[""read(\""user:6a84089700163b5ccd80\"")""]","2026-08-18T10:28:39.952+00:00","2026-08-18T10:28:39.952+00:00","650262","false",
"6a8433dd8dd4187dc7f0","[""read(\""user:6a84095fee0c87c1811b\"")""]","2026-08-18T10:28:45.732+00:00","2026-08-18T10:28:45.732+00:00","152887","false",
"6a84343c11f01e2aded7","[""read(\""user:69b0040108f2d205a57b\"")""]","2026-08-18T10:30:20.227+00:00","2026-08-18T10:30:20.227+00:00","309523","false",
"6a8435bcd041c59ecb0b","[""read(\""user:69eb077a98424aa88971\"")""]","2026-08-18T10:36:45.015+00:00","2026-08-18T10:36:45.015+00:00","845655","false",
"6a84367bd7adf6c420f2","[""read(\""user:6a0804c90020c4ed0d55\"")""]","2026-08-18T10:39:56.041+00:00","2026-08-18T10:39:56.041+00:00","692028","false",
"6a84371cb247dd7b2818","[""read(\""user:69f99d1aa5e44991b427\"")""]","2026-08-18T10:42:36.866+00:00","2026-08-18T10:42:36.866+00:00","799026","false",
"6a8437209ebb8688c9ef","[""read(\""user:6a0804c90020c4ed0d55\"")""]","2026-08-18T10:42:40.787+00:00","2026-08-18T10:42:40.787+00:00","000291","false",
"6a8437c39c445f08ab47","[""read(\""user:69f99d1aa5e44991b427\"")""]","2026-08-18T10:45:23.801+00:00","2026-08-18T10:45:23.801+00:00","674313","false",
"6a84380c3b8d67a6112b","[""read(\""user:6a560477dd95324fe9ad\"")""]","2026-08-18T10:46:36.600+00:00","2026-08-18T10:46:36.600+00:00","413162","false",
"6a84386e8135ff8d1287","[""read(\""user:6a8438137bb390f8fe98\"")""]","2026-08-18T10:48:14.665+00:00","2026-08-18T10:48:14.665+00:00","113400","false",
"6a84389675bac4fb0a7a","[""read(\""user:69f99d1aa5e44991b427\"")""]","2026-08-18T10:48:54.700+00:00","2026-08-18T10:48:54.700+00:00","746743","false",
"6a8438cf580080628d40","[""read(\""user:6a843863f3841f6b2e4e\"")""]","2026-08-18T10:49:51.540+00:00","2026-08-18T10:49:51.540+00:00","988574","false",
"6a8438dec26b29f4ad9e","[""read(\""user:6a8438137bb390f8fe98\"")""]","2026-08-18T10:50:06.996+00:00","2026-08-18T10:50:06.996+00:00","667886","false",
"6a8439af3c8d2c7daab7","[""read(\""user:69f024856e706466b984\"")""]","2026-08-18T10:53:35.439+00:00","2026-08-18T10:53:35.439+00:00","591645","false",
"6a843a25c2a0dbd2cfca","[""read(\""user:6a843948ae38da741d92\"")""]","2026-08-18T10:55:33.985+00:00","2026-08-18T10:55:33.985+00:00","235907","false",
"6a843a36a7285f38bfb0","[""read(\""user:6a8439a7d9849738161d\"")""]","2026-08-18T10:55:50.863+00:00","2026-08-18T10:55:50.863+00:00","413114","false",
"6a843aad8ed52eee56db","[""read(\""user:6a843a75296b42ae40a3\"")""]","2026-08-18T10:57:49.768+00:00","2026-08-18T10:57:49.768+00:00","376569","false",
"6a843b262a453bf60fcb","[""read(\""user:6a82e96cd412a89f7473\"")""]","2026-08-18T10:59:50.355+00:00","2026-08-18T10:59:50.355+00:00","816453","false",
"6a843b496e725132f379","[""read(\""user:6a843aa81e6212d61df9\"")""]","2026-08-18T11:00:25.624+00:00","2026-08-18T11:00:25.624+00:00","648381","false",
"6a843b719cfa0db71e4b","[""read(\""user:69f1cfa72b6cb7d04ee2\"")""]","2026-08-18T11:01:05.868+00:00","2026-08-18T11:01:05.868+00:00","182798","false",
"6a843b722c58877aaa85","[""read(\""user:6a82e96cd412a89f7473\"")""]","2026-08-18T11:01:06.387+00:00","2026-08-18T11:01:06.387+00:00","590772","false",
"6a843b728b1837e9cbcc","[""read(\""user:6a843a8f34939ecbe2e8\"")""]","2026-08-18T11:01:07.095+00:00","2026-08-18T11:01:07.095+00:00","700275","false",
"6a843be625a64c8fb499","[""read(\""user:69b0040108f2d205a57b\"")""]","2026-08-18T11:03:02.331+00:00","2026-08-18T11:03:02.331+00:00","259510","false",
"6a843bf91baa96d4f1cc","[""read(\""user:69b0040108f2d205a57b\"")""]","2026-08-18T11:03:21.303+00:00","2026-08-18T11:03:21.303+00:00","855816","false",
"6a843c0a8b555b8a43a2","[""read(\""user:69f1cfa72b6cb7d04ee2\"")""]","2026-08-18T11:03:38.742+00:00","2026-08-18T11:03:38.742+00:00","331967","false",
"6a843c16968d075dbc24","[""read(\""user:6a58966ed6f7397a7935\"")""]","2026-08-18T11:03:50.806+00:00","2026-08-18T11:03:50.806+00:00","156680","false",
"6a843c38ae15acc803f5","[""read(\""user:69f1cfa72b6cb7d04ee2\"")""]","2026-08-18T11:04:24.888+00:00","2026-08-18T11:04:24.888+00:00","847357","false",
"6a843c6d839424ad9fd3","[""read(\""user:69f024856e706466b984\"")""]","2026-08-18T11:05:17.698+00:00","2026-08-18T11:05:17.698+00:00","366453","false",
"6a843c979f0059c05316","[""read(\""user:6a843aeb246a6d9dff44\"")""]","2026-08-18T11:05:59.824+00:00","2026-08-18T11:05:59.824+00:00","177239","false",
"6a843cb4453eb450bf8c","[""read(\""user:6a58966ed6f7397a7935\"")""]","2026-08-18T11:06:28.426+00:00","2026-08-18T11:06:28.426+00:00","984625","false",
"6a843d09ee95888bcb49","[""read(\""user:6a58966ed6f7397a7935\"")""]","2026-08-18T11:07:54.098+00:00","2026-08-18T11:07:54.098+00:00","993565","false",
"6a843d1e894e7f4956e0","[""read(\""user:69f024856e706466b984\"")""]","2026-08-18T11:08:14.670+00:00","2026-08-18T11:08:14.670+00:00","916893","false",
"6a843d4723ba1b116035","[""read(\""user:6a58966ed6f7397a7935\"")""]","2026-08-18T11:08:55.242+00:00","2026-08-18T11:08:55.242+00:00","604954","false",
"6a843d95b34b2b7bffe9","[""read(\""user:6a5612b6acf0f44b7adf\"")""]","2026-08-18T11:10:13.874+00:00","2026-08-18T11:10:13.874+00:00","591346","false",
"6a843db4b7a71209d99e","[""read(\""user:6a5612b6acf0f44b7adf\"")""]","2026-08-18T11:10:44.984+00:00","2026-08-18T11:10:44.984+00:00","096854","false",
"6a843e10c8ba1862ec2d","[""read(\""user:6a843b13000b9b6a5b5e\"")""]","2026-08-18T11:12:16.965+00:00","2026-08-18T11:12:16.965+00:00","704161","false",
"6a843e2bd87bcbd42ceb","[""read(\""user:69f024856e706466b984\"")""]","2026-08-18T11:12:44.040+00:00","2026-08-18T11:12:44.040+00:00","124491","false",
"6a843e3f043ba5a7be54","[""read(\""user:69f024856e706466b984\"")""]","2026-08-18T11:13:03.175+00:00","2026-08-18T11:13:03.175+00:00","263478","false",
"6a843e572fd66f3c7e97","[""read(\""user:69f024856e706466b984\"")""]","2026-08-18T11:13:27.343+00:00","2026-08-18T11:13:27.343+00:00","878584","false",
"6a843e92017801dc84ef","[""read(\""user:69f024856e706466b984\"")""]","2026-08-18T11:14:26.151+00:00","2026-08-18T11:14:26.151+00:00","774015","false",
"6a844018152b05ce85d5","[""read(\""user:6a01c40874c86c9fbd40\"")""]","2026-08-18T11:20:56.233+00:00","2026-08-18T11:20:56.233+00:00","339913","false",
"6a84402f623d97a15845","[""read(\""user:6a8440155af02d19d2b7\"")""]","2026-08-18T11:21:19.547+00:00","2026-08-18T11:21:19.547+00:00","428661","false",
"6a84405383e09ae8e039","[""read(\""user:6a8440155af02d19d2b7\"")""]","2026-08-18T11:21:55.690+00:00","2026-08-18T11:21:55.690+00:00","654287","false",
"6a84415ae1ebd531b5b7","[""read(\""user:6a84413400282f40ddd5\"")""]","2026-08-18T11:26:19.069+00:00","2026-08-18T11:26:19.069+00:00","363468","false",
"6a844650294422ea48f6","[""read(\""user:6a84459fc8dc444453c0\"")""]","2026-08-18T11:47:28.318+00:00","2026-08-18T11:47:28.318+00:00","183723","false",
"6a8448874ffcb97d1272","[""read(\""user:6a8447909f60092dca89\"")""]","2026-08-18T11:56:55.481+00:00","2026-08-18T11:56:55.481+00:00","844322","false",
"6a847e590cd6522a4ab7","[""read(\""user:6a847dc1003281f1a7f9\"")""]","2026-08-18T15:46:33.206+00:00","2026-08-18T15:46:33.206+00:00","182612","false",
"6a847e9836a17aced92c","[""read(\""user:6a847c4200265f99ed90\"")""]","2026-08-18T15:47:36.465+00:00","2026-08-18T15:47:36.465+00:00","575491","false",
"6a850aac6cc956b984a9","[""read(\""user:6a850a587b4dafa9c882\"")""]","2026-08-19T01:45:16.598+00:00","2026-08-19T01:45:16.598+00:00","697233","false",
"6a85103cbeb9a966d842","[""read(\""user:6a850914d8ce926a268a\"")""]","2026-08-19T02:09:00.920+00:00","2026-08-19T02:09:00.920+00:00","735587","false",
"6a8515724890aabde679","[""read(\""user:6a83e539f3fe3a01c46d\"")""]","2026-08-19T02:31:14.446+00:00","2026-08-19T02:31:14.446+00:00","752796","false",
"6a8516da2896f7245b0c","[""read(\""user:6a851605344c8e9ef9fb\"")""]","2026-08-19T02:37:14.309+00:00","2026-08-19T02:37:14.309+00:00","703590","false",
"6a851b8903d1e652c236","[""read(\""user:6a851b23bce2815f225b\"")""]","2026-08-19T02:57:13.164+00:00","2026-08-19T02:57:13.164+00:00","487990","false",
"6a851c16bb0fe2864de1","[""read(\""user:69ef28a20022ec170741\"")""]","2026-08-19T02:59:34.904+00:00","2026-08-19T02:59:34.904+00:00","975715","false",
"6a851df47962d2dc3c0c","[""read(\""user:6a851d5f002c018031e6\"")""]","2026-08-19T03:07:32.649+00:00","2026-08-19T03:07:32.649+00:00","892674","false",
"6a851ee8bf2586512748","[""read(\""user:69fc04b5dee6cb027cc0\"")""]","2026-08-19T03:11:36.920+00:00","2026-08-19T03:11:36.920+00:00","884231","false",
"6a851ef478369065c89d","[""read(\""user:6a6aeba03b7aa3889aca\"")""]","2026-08-19T03:11:48.639+00:00","2026-08-19T03:11:48.639+00:00","683948","false",
"6a8520053c60bf3e9d36","[""read(\""user:6a851f32182af7f95e04\"")""]","2026-08-19T03:16:21.401+00:00","2026-08-19T03:16:21.401+00:00","668864","false",
"6a8520557e6ec375f2df","[""read(\""user:6a1d0834b4aa4956a50d\"")""]","2026-08-19T03:17:41.662+00:00","2026-08-19T03:17:41.662+00:00","379849","false",
"6a852274d4ac4534aa93","[""read(\""user:6a758ca8d29f3d0bb3ab\"")""]","2026-08-19T03:26:45.016+00:00","2026-08-19T03:26:45.016+00:00","095601","false",
"6a852274e671d0818177","[""read(\""user:6a758ca8d29f3d0bb3ab\"")""]","2026-08-19T03:26:45.087+00:00","2026-08-19T03:26:45.087+00:00","587996","false",
"6a85229c3313e98101e9","[""read(\""user:69f0604fe22901bf0551\"")""]","2026-08-19T03:27:24.423+00:00","2026-08-19T03:27:24.423+00:00","080284","false",
"6a85234aca6ca8beb5b3","[""read(\""user:6a85229a00388eb0b37e\"")""]","2026-08-19T03:30:18.975+00:00","2026-08-19T03:30:18.975+00:00","118388","false",
"6a852434a89082a6455e","[""read(\""user:6a8523b00035acc3bc3b\"")""]","2026-08-19T03:34:12.834+00:00","2026-08-19T03:34:12.834+00:00","572508","false",
"6a8528d137cd043b95b6","[""read(\""user:6a83d5a44106601c6a64\"")""]","2026-08-19T03:53:53.391+00:00","2026-08-19T03:53:53.391+00:00","944861","false",
"6a852a99d52deeadadab","[""read(\""user:6a8529e965d7226ba811\"")""]","2026-08-19T04:01:30.021+00:00","2026-08-19T04:01:30.021+00:00","842269","false",
"6a852b62a73db6935f2b","[""read(\""user:6a8529e965d7226ba811\"")""]","2026-08-19T04:04:50.845+00:00","2026-08-19T04:04:50.845+00:00","013760","false",
"6a852cdaecede7e06860","[""read(\""user:6a852bfde44855a3e234\"")""]","2026-08-19T04:11:07.127+00:00","2026-08-19T04:11:07.127+00:00","636740","false",
"6a852eb51550684b883a","[""read(\""user:6a852e540e67cbbfcb63\"")""]","2026-08-19T04:19:01.238+00:00","2026-08-19T04:19:01.238+00:00","381935","false",
"6a852ee754af4353744f","[""read(\""user:6a852e581d1a8e4c2ed4\"")""]","2026-08-19T04:19:51.495+00:00","2026-08-19T04:19:51.495+00:00","015879","false",
"6a8538463eef1718a76d","[""read(\""user:6a8536e4000eb39a6771\"")""]","2026-08-19T04:59:50.407+00:00","2026-08-19T04:59:50.407+00:00","270497","false",
"6a853a9f493bfb45de83","[""read(\""user:6a043a3ca350772576ce\"")""]","2026-08-19T05:09:51.461+00:00","2026-08-19T05:09:51.461+00:00","648436","false",
"6a853b5be4030beb539e","[""read(\""user:69feba0674ccaa1011ae\"")""]","2026-08-19T05:13:00.079+00:00","2026-08-19T05:13:00.079+00:00","740918","false",
"6a853bb2ee49820866f4","[""read(\""user:6a73fe8f00202ceba885\"")""]","2026-08-19T05:14:27.125+00:00","2026-08-19T05:14:27.125+00:00","086974","false",
"6a853bcc3b2e5d0aae67","[""read(\""user:6a7aadd70026854cabb2\"")""]","2026-08-19T05:14:52.404+00:00","2026-08-19T05:14:52.404+00:00","257524","false",
"6a853c4451d7f07e7c48","[""read(\""user:69f3238d0a2391dd5035\"")""]","2026-08-19T05:16:52.488+00:00","2026-08-19T05:16:52.488+00:00","098465","false",
"6a853c4b1557bfe6ebc5","[""read(\""user:69feba0674ccaa1011ae\"")""]","2026-08-19T05:16:59.246+00:00","2026-08-19T05:16:59.246+00:00","648230","false",
"6a853cb09e07ae276be9","[""read(\""user:6a84745b0022b65fd0cd\"")""]","2026-08-19T05:18:40.828+00:00","2026-08-19T05:18:40.828+00:00","489985","false",
"6a853cb0c0a117a50291","[""read(\""user:69f3238d0a2391dd5035\"")""]","2026-08-19T05:18:40.966+00:00","2026-08-19T05:18:40.966+00:00","984206","false",
"6a853cb0e9e5bc6e4665","[""read(\""user:6a853a25001c5217c184\"")""]","2026-08-19T05:18:41.109+00:00","2026-08-19T05:18:41.109+00:00","850469","false",
"6a853cd78f57827670c8","[""read(\""user:6a15558de9591f58efec\"")""]","2026-08-19T05:19:19.745+00:00","2026-08-19T05:19:19.745+00:00","447014","false",
"6a853cdd496dd8f33c71","[""read(\""user:6a853c35000ea2615995\"")""]","2026-08-19T05:19:25.449+00:00","2026-08-19T05:19:25.449+00:00","188653","false",
"6a853cfbbbfaf575c852","[""read(\""user:6a15558de9591f58efec\"")""]","2026-08-19T05:19:55.914+00:00","2026-08-19T05:19:55.914+00:00","415440","false",
"6a853d175a31ef935374","[""read(\""user:69f3238d0a2391dd5035\"")""]","2026-08-19T05:20:23.529+00:00","2026-08-19T05:20:23.529+00:00","106523","false",
"6a853d411317e456ae6a","[""read(\""user:69f3238d0a2391dd5035\"")""]","2026-08-19T05:21:05.230+00:00","2026-08-19T05:21:05.230+00:00","287695","false",
"6a853d4b5d9a533a6547","[""read(\""user:69feba0674ccaa1011ae\"")""]","2026-08-19T05:21:15.526+00:00","2026-08-19T05:21:15.526+00:00","417625","false",
"6a853d5d6a0d5c85c365","[""read(\""user:69feba0674ccaa1011ae\"")""]","2026-08-19T05:21:33.587+00:00","2026-08-19T05:21:33.587+00:00","258871","false",
"6a853d6de31746519afc","[""read(\""user:69feba0674ccaa1011ae\"")""]","2026-08-19T05:21:50.083+00:00","2026-08-19T05:21:50.083+00:00","002538","false",
"6a853d72f124c27e7268","[""read(\""user:69f3238d0a2391dd5035\"")""]","2026-08-19T05:21:55.126+00:00","2026-08-19T05:21:55.126+00:00","125111","false",
"6a853df73cee3da53b70","[""read(\""user:6a79446fa7ffa39e92e1\"")""]","2026-08-19T05:24:07.397+00:00","2026-08-19T05:24:07.397+00:00","700873","false",
"6a853e1fcaabc252afb3","[""read(\""user:6a16a4afd164a057533c\"")""]","2026-08-19T05:24:47.978+00:00","2026-08-19T05:24:47.978+00:00","970296","false",
"6a854122a473984cf705","[""read(\""user:6a850a587b4dafa9c882\"")""]","2026-08-19T05:37:38.822+00:00","2026-08-19T05:37:38.822+00:00","687607","false",
"6a85417d40652be7a37b","[""read(\""user:6a853c284e081751a93b\"")""]","2026-08-19T05:39:09.440+00:00","2026-08-19T05:39:09.440+00:00","267661","false",
"6a85418a0e29ca31963a","[""read(\""user:6a85410d5fa89e5a6402\"")""]","2026-08-19T05:39:22.211+00:00","2026-08-19T05:39:22.211+00:00","831716","false",
"6a854191ed2afe06ad19","[""read(\""user:6a82a0300028dc216bb9\"")""]","2026-08-19T05:39:30.122+00:00","2026-08-19T05:39:30.122+00:00","818498","false",
"6a8541a2448d3016620d","[""read(\""user:6a7b44a100080f98ee50\"")""]","2026-08-19T05:39:46.676+00:00","2026-08-19T05:39:46.676+00:00","039696","false",
"6a8541a3933cc3341901","[""read(\""user:6a85410d5fa89e5a6402\"")""]","2026-08-19T05:39:47.749+00:00","2026-08-19T05:39:47.749+00:00","909837","false",
"6a854253cac9076fe03a","[""read(\""user:6a7b44a100080f98ee50\"")""]","2026-08-19T05:42:44.143+00:00","2026-08-19T05:42:44.143+00:00","519146","false",
"6a854257849b5665a086","[""read(\""user:6a853c284e081751a93b\"")""]","2026-08-19T05:42:47.697+00:00","2026-08-19T05:42:47.697+00:00","536610","false",
"6a85425ee410dc86aa1c","[""read(\""user:6a7b44a100080f98ee50\"")""]","2026-08-19T05:42:55.091+00:00","2026-08-19T05:42:55.091+00:00","741255","false",
"6a854314c2cbdcdcf3ba","[""read(\""user:6a82a0300028dc216bb9\"")""]","2026-08-19T05:45:56.953+00:00","2026-08-19T05:45:56.953+00:00","991385","false",
"6a854369ce7d8779292c","[""read(\""user:6a82a0300028dc216bb9\"")""]","2026-08-19T05:47:22.005+00:00","2026-08-19T05:47:22.005+00:00","691870","false",
"6a85436bf2e696ad48c6","[""read(\""user:6a8542b80006ce67616e\"")""]","2026-08-19T05:47:24.402+00:00","2026-08-19T05:47:24.402+00:00","090605","false",
"6a8545bc6c720cafdd73","[""read(\""user:6a85447803b77a9f35ae\"")""]","2026-08-19T05:57:16.599+00:00","2026-08-19T05:57:16.599+00:00","422639","false",
"6a8545cd471e7891d656","[""read(\""user:6a8536e4000eb39a6771\"")""]","2026-08-19T05:57:33.449+00:00","2026-08-19T05:57:33.449+00:00","016213","false",
"6a85499bce09c539590d","[""read(\""user:69eed655a4e09606d806\"")""]","2026-08-19T06:13:47.996+00:00","2026-08-19T06:13:47.996+00:00","189081","false",
"6a854a85cb74dad99084","[""read(\""user:6a8549b4e5b04d8d4828\"")""]","2026-08-19T06:17:41.984+00:00","2026-08-19T06:17:41.984+00:00","374055","false",
"6a854a97ad144e09c3a4","[""read(\""user:6a854991a98b19f38cb2\"")""]","2026-08-19T06:17:59.855+00:00","2026-08-19T06:17:59.855+00:00","384713","false",
"6a854b3749003db947c2","[""read(\""user:6a8549b4e5b04d8d4828\"")""]","2026-08-19T06:20:39.455+00:00","2026-08-19T06:20:39.455+00:00","038595","false",
"6a854c0c0955e6ebb33a","[""read(\""user:6a7ec56d9e34f7659225\"")""]","2026-08-19T06:24:12.225+00:00","2026-08-19T06:24:12.225+00:00","879743","false",
"6a854c8df053bd2b5836","[""read(\""user:6a8549b4e5b04d8d4828\"")""]","2026-08-19T06:26:22.136+00:00","2026-08-19T06:26:22.136+00:00","815504","false",
"6a854d3d3678326ae599","[""read(\""user:6a8549b4e5b04d8d4828\"")""]","2026-08-19T06:29:17.381+00:00","2026-08-19T06:29:17.381+00:00","763817","false",
"6a854da1bb0be2d1c490","[""read(\""user:6a8549b4e5b04d8d4828\"")""]","2026-08-19T06:30:57.937+00:00","2026-08-19T06:30:57.937+00:00","086003","false",
"6a854e0483421c4f936d","[""read(\""user:6a8549b4e5b04d8d4828\"")""]","2026-08-19T06:32:36.708+00:00","2026-08-19T06:32:36.708+00:00","286144","false",
"6a854e3cf2283cf3f448","[""read(\""user:6a6af46e50aba01aa70f\"")""]","2026-08-19T06:33:33.484+00:00","2026-08-19T06:33:33.484+00:00","022899","false",
"6a854e500368dbe77af1","[""read(\""user:6a854991a98b19f38cb2\"")""]","2026-08-19T06:33:52.544+00:00","2026-08-19T06:33:52.544+00:00","633473","false",
"6a854eebe7b084224330","[""read(\""user:69f024856e706466b984\"")""]","2026-08-19T06:36:28.099+00:00","2026-08-19T06:36:28.099+00:00","257244","false",
"6a854f02047c5f61cda5","[""read(\""user:6a854e6229e55a3bc5e2\"")""]","2026-08-19T06:36:50.168+00:00","2026-08-19T06:36:50.168+00:00","870258","false",
"6a854f42d104d7f6a8ff","[""read(\""user:6a854e8390b5564e0c09\"")""]","2026-08-19T06:37:55.010+00:00","2026-08-19T06:37:55.010+00:00","698864","false",
"6a854fa8b53d28c29d73","[""read(\""user:6a0c0317c0a13fb8f7af\"")""]","2026-08-19T06:39:36.891+00:00","2026-08-19T06:39:36.891+00:00","254723","false",
"6a85500e0c3940c81490","[""read(\""user:69f024856e706466b984\"")""]","2026-08-19T06:41:18.208+00:00","2026-08-19T06:41:18.208+00:00","868700","false",
"6a855099dbeab4522769","[""read(\""user:69b0040108f2d205a57b\"")""]","2026-08-19T06:43:38.048+00:00","2026-08-19T06:43:38.048+00:00","256944","false",
"6a8551f35243be5f15e2","[""read(\""user:69eaddd743337f6647d8\"")""]","2026-08-19T06:49:23.492+00:00","2026-08-19T06:49:23.492+00:00","712100","false",
"6a85558ce91585a14c9c","[""read(\""user:6a8554ec001e2b1f984b\"")""]","2026-08-19T07:04:45.111+00:00","2026-08-19T07:04:45.111+00:00","161725","false",
"6a8555abda97c1312d7a","[""read(\""user:6a8554ec001e2b1f984b\"")""]","2026-08-19T07:05:16.049+00:00","2026-08-19T07:05:16.049+00:00","767293","false",
"6a8555ce127b10e74798","[""read(\""user:6a8554ec001e2b1f984b\"")""]","2026-08-19T07:05:50.239+00:00","2026-08-19T07:05:50.239+00:00","395280","false",
"6a8555f034b84bff3067","[""read(\""user:6a8554ec001e2b1f984b\"")""]","2026-08-19T07:06:24.361+00:00","2026-08-19T07:06:24.361+00:00","003882","false",
"6a8555f97d3e4be8b180","[""read(\""user:6a8554ec001e2b1f984b\"")""]","2026-08-19T07:06:33.657+00:00","2026-08-19T07:06:33.657+00:00","698608","false",
"6a855606b76d5c2715fb","[""read(\""user:6a8549b1003622340ee9\"")""]","2026-08-19T07:06:46.902+00:00","2026-08-19T07:06:46.902+00:00","839657","false",
"6a85560a7b7a72a4966b","[""read(\""user:6a8554ec001e2b1f984b\"")""]","2026-08-19T07:06:50.663+00:00","2026-08-19T07:06:50.663+00:00","783996","false",
"6a85561f38b932e63f1e","[""read(\""user:6a8554ec001e2b1f984b\"")""]","2026-08-19T07:07:11.383+00:00","2026-08-19T07:07:11.383+00:00","851537","false",
"6a8556a3e21a7a1c1d8d","[""read(\""user:6a8554ec001e2b1f984b\"")""]","2026-08-19T07:09:24.089+00:00","2026-08-19T07:09:24.089+00:00","360427","false",
"6a8556f03939c850561a","[""read(\""user:69eed655a4e09606d806\"")""]","2026-08-19T07:10:40.563+00:00","2026-08-19T07:10:40.563+00:00","705339","false",
"6a85580e410805d274cc","[""read(\""user:6a13d2f7ed81ae9de13c\"")""]","2026-08-19T07:15:26.424+00:00","2026-08-19T07:15:26.424+00:00","604846","false",
"6a8559607eab69f11904","[""read(\""user:6a69b2e9001f87021b7c\"")""]","2026-08-19T07:21:04.666+00:00","2026-08-19T07:21:04.666+00:00","197826","false",
"6a855a4d461dc239047e","[""read(\""user:6a69b2e9001f87021b7c\"")""]","2026-08-19T07:25:01.446+00:00","2026-08-19T07:25:01.446+00:00","536502","false",
"6a855abe0cff48dea750","[""read(\""user:6a855984862cbe43d31d\"")""]","2026-08-19T07:26:54.198+00:00","2026-08-19T07:26:54.198+00:00","037700","false",
"6a855b49c65fcc7877d1","[""read(\""user:6a855afa002bd24cd44b\"")""]","2026-08-19T07:29:13.958+00:00","2026-08-19T07:29:13.958+00:00","352693","false",
"6a855b5d0b742e1fb407","[""read(\""user:6a855af2a271cbcd1f3f\"")""]","2026-08-19T07:29:33.200+00:00","2026-08-19T07:29:33.200+00:00","062972","false",
"6a855b96c4de2538749e","[""read(\""user:6a843948ae38da741d92\"")""]","2026-08-19T07:30:30.972+00:00","2026-08-19T07:30:30.972+00:00","755150","false",
"6a855ba1a6b63195e8d8","[""read(\""user:6a84261dd2d690e31d77\"")""]","2026-08-19T07:30:41.838+00:00","2026-08-19T07:30:41.838+00:00","072951","false",
"6a855bad2f7867196d7f","[""read(\""user:6a855ae7cf6938120b8b\"")""]","2026-08-19T07:30:53.371+00:00","2026-08-19T07:30:53.371+00:00","391266","false",
"6a855bec7b625b88278b","[""read(\""user:6a69b2e9001f87021b7c\"")""]","2026-08-19T07:31:56.653+00:00","2026-08-19T07:31:56.653+00:00","255267","false",
"6a855bf7a727b3ac97bc","[""read(\""user:6a855a14f0deabcc7d59\"")""]","2026-08-19T07:32:07.842+00:00","2026-08-19T07:32:07.842+00:00","887288","false",
"6a855c115f9724fe092b","[""read(\""user:6a69b2e9001f87021b7c\"")""]","2026-08-19T07:32:33.539+00:00","2026-08-19T07:32:33.539+00:00","077722","false",
"6a855c30e622639f3502","[""read(\""user:6a84261dd2d690e31d77\"")""]","2026-08-19T07:33:05.091+00:00","2026-08-19T07:33:05.091+00:00","733752","false",
"6a855c4756f41ba23028","[""read(\""user:69f9c35e586444a0c81b\"")""]","2026-08-19T07:33:27.512+00:00","2026-08-19T07:33:27.512+00:00","539682","false",
"6a855c58e39b40c1ee39","[""read(\""user:6a855b93002fcdc43959\"")""]","2026-08-19T07:33:45.087+00:00","2026-08-19T07:33:45.087+00:00","682997","false",
"6a855c815897a20b58e8","[""read(\""user:6a843948ae38da741d92\"")""]","2026-08-19T07:34:25.516+00:00","2026-08-19T07:34:25.516+00:00","054710","false",
"6a855cb1291c212320ed","[""read(\""user:6a192f6651addd4eee89\"")""]","2026-08-19T07:35:13.329+00:00","2026-08-19T07:35:13.329+00:00","173815","false",
"6a855ce77a9e0e709259","[""read(\""user:6a855b93002fcdc43959\"")""]","2026-08-19T07:36:07.695+00:00","2026-08-19T07:36:07.695+00:00","088574","false",
"6a855d04f0204923a7ad","[""read(\""user:6a6aedc5000f6a69c13b\"")""]","2026-08-19T07:36:37.131+00:00","2026-08-19T07:36:37.131+00:00","566540","false",
"6a855d0abe792c9b5fc0","[""read(\""user:69f9c35e586444a0c81b\"")""]","2026-08-19T07:36:42.932+00:00","2026-08-19T07:36:42.932+00:00","433864","false",
"6a855d26c11cb6db88a6","[""read(\""user:6a855a14f0deabcc7d59\"")""]","2026-08-19T07:37:10.949+00:00","2026-08-19T07:37:10.949+00:00","544551","false",
"6a855d34cba1adf04af7","[""read(\""user:6a6aedc5000f6a69c13b\"")""]","2026-08-19T07:37:24.985+00:00","2026-08-19T07:37:24.985+00:00","048683","false",
"6a855db928d8aacabd5a","[""read(\""user:69fef7a25b72d8c4e564\"")""]","2026-08-19T07:39:37.318+00:00","2026-08-19T07:39:37.318+00:00","385347","false",
"6a855dc7a20420b9c871","[""read(\""user:6a6aedc5000f6a69c13b\"")""]","2026-08-19T07:39:51.828+00:00","2026-08-19T07:39:51.828+00:00","639812","false",
"6a855de1e2027ce11a6f","[""read(\""user:6a7ec56d9e34f7659225\"")""]","2026-08-19T07:40:18.080+00:00","2026-08-19T07:40:18.080+00:00","967977","false",
"6a855df0140c35e721e4","[""read(\""user:6a855d7f0032d62a7b05\"")""]","2026-08-19T07:40:32.231+00:00","2026-08-19T07:40:32.231+00:00","183160","false",
"6a855e33ed4d3e9352db","[""read(\""user:6a855b93002fcdc43959\"")""]","2026-08-19T07:41:40.120+00:00","2026-08-19T07:41:40.120+00:00","999259","false",
"6a855e414f4942c82551","[""read(\""user:6a192f6651addd4eee89\"")""]","2026-08-19T07:41:53.474+00:00","2026-08-19T07:41:53.474+00:00","752177","false",
"6a855e46e903fc1052cd","[""read(\""user:6a0a9e6dc1c89eb35c79\"")""]","2026-08-19T07:41:59.134+00:00","2026-08-19T07:41:59.134+00:00","572570","false",
"6a855e475e06c6624aa2","[""read(\""user:6a6ac9c8f3d05971dcdd\"")""]","2026-08-19T07:41:59.525+00:00","2026-08-19T07:41:59.525+00:00","668142","false",
"6a855ed5e99f5f28370c","[""read(\""user:6a7d5499bcdec1cf5bd3\"")""]","2026-08-19T07:44:22.100+00:00","2026-08-19T07:44:22.100+00:00","410177","false",
"6a855f63791a560ef479","[""read(\""user:6a855e83003848daefdc\"")""]","2026-08-19T07:46:43.640+00:00","2026-08-19T07:46:43.640+00:00","560074","false",
"6a855f700cff47a36581","[""read(\""user:6a855e83003848daefdc\"")""]","2026-08-19T07:46:56.200+00:00","2026-08-19T07:46:56.200+00:00","068791","false",
"6a855f832ba1a191f6d0","[""read(\""user:6a855e83003848daefdc\"")""]","2026-08-19T07:47:15.327+00:00","2026-08-19T07:47:15.327+00:00","515669","false",
"6a855f9f05412addea05","[""read(\""user:6a854041621618695b5a\"")""]","2026-08-19T07:47:43.174+00:00","2026-08-19T07:47:43.174+00:00","161413","false",
"6a855f9f9b3f4248d7d1","[""read(\""user:6a855e83003848daefdc\"")""]","2026-08-19T07:47:43.788+00:00","2026-08-19T07:47:43.788+00:00","808708","false",
"6a855fa7e068108cab80","[""read(\""user:6a854041621618695b5a\"")""]","2026-08-19T07:47:52.074+00:00","2026-08-19T07:47:52.074+00:00","175247","false",
"6a855faae26f7e1d0ba9","[""read(\""user:6a854041621618695b5a\"")""]","2026-08-19T07:47:55.083+00:00","2026-08-19T07:47:55.083+00:00","726320","false",
"6a855fb465ae6e95cd10","[""read(\""user:6a855e83003848daefdc\"")""]","2026-08-19T07:48:04.576+00:00","2026-08-19T07:48:04.576+00:00","048854","false",
"6a855fbf62165bc34f9d","[""read(\""user:6a854041621618695b5a\"")""]","2026-08-19T07:48:15.553+00:00","2026-08-19T07:48:15.553+00:00","723484","false",
"6a855fcb50589109dfb0","[""read(\""user:6a854041621618695b5a\"")""]","2026-08-19T07:48:27.481+00:00","2026-08-19T07:48:27.481+00:00","018073","false",
"6a855fd0190c418ddd97","[""read(\""user:6a854041621618695b5a\"")""]","2026-08-19T07:48:32.268+00:00","2026-08-19T07:48:32.268+00:00","915743","false",
"6a855fdb98e2d8cb56ab","[""read(\""user:6a855da0000b2d049a2f\"")""]","2026-08-19T07:48:43.787+00:00","2026-08-19T07:48:43.787+00:00","558152","false",
"6a855fdc2396856b7ddf","[""read(\""user:6a854041621618695b5a\"")""]","2026-08-19T07:48:44.291+00:00","2026-08-19T07:48:44.291+00:00","403773","false",
"6a85601dec61e10e312a","[""read(\""user:6a854041621618695b5a\"")""]","2026-08-19T07:49:50.125+00:00","2026-08-19T07:49:50.125+00:00","474290","false",
"6a85605e0defd852ea43","[""read(\""user:6a741e7f0021ab991584\"")""]","2026-08-19T07:50:54.211+00:00","2026-08-19T07:50:54.211+00:00","461701","false",
"6a8560b8b1302aff0c2e","[""read(\""user:6a84089700163b5ccd80\"")""]","2026-08-19T07:52:24.881+00:00","2026-08-19T07:52:24.881+00:00","993178","false",
"6a8560c4884f730a8127","[""read(\""user:6a5c7475e4ee432dcc90\"")""]","2026-08-19T07:52:36.707+00:00","2026-08-19T07:52:36.707+00:00","342466","false",
"6a85611d952294286e83","[""read(\""user:6a854041621618695b5a\"")""]","2026-08-19T07:54:05.754+00:00","2026-08-19T07:54:05.754+00:00","748262","false",
"6a85613867b44ce14b34","[""read(\""user:6a5b2a63a5efd76feea9\"")""]","2026-08-19T07:54:32.582+00:00","2026-08-19T07:54:32.582+00:00","119338","false",
"6a85619d131cb88af0df","[""read(\""user:6a855d1beb67a07fb72e\"")""]","2026-08-19T07:56:13.231+00:00","2026-08-19T07:56:13.231+00:00","034073","false",
"6a8562391ec201704212","[""read(\""user:6a85615d9b0c00544a07\"")""]","2026-08-19T07:58:49.285+00:00","2026-08-19T07:58:49.285+00:00","568004","false",
"6a8562a6ccb2818c341a","[""read(\""user:6a57327145f4161918a1\"")""]","2026-08-19T08:00:38.992+00:00","2026-08-19T08:00:38.992+00:00","504275","false",
"6a8562e297a22213683d","[""read(\""user:6a85621f088d87bffdad\"")""]","2026-08-19T08:01:38.770+00:00","2026-08-19T08:01:38.770+00:00","184358","false",
"6a85630a19a5d2f1f90d","[""read(\""user:6a58969b7515a68b7fba\"")""]","2026-08-19T08:02:18.257+00:00","2026-08-19T08:02:18.257+00:00","208277","false",
"6a85630d3f1b63963da1","[""read(\""user:6a740cef8fb447c1325e\"")""]","2026-08-19T08:02:21.408+00:00","2026-08-19T08:02:21.408+00:00","607476","false",
"6a85630f9c425c2640d3","[""read(\""user:6a85629e8a31c3aa0277\"")""]","2026-08-19T08:02:23.789+00:00","2026-08-19T08:02:23.789+00:00","811825","false",
"6a85634fc2acda7eebff","[""read(\""user:6a85628fdc6888c3225e\"")""]","2026-08-19T08:03:27.939+00:00","2026-08-19T08:03:27.939+00:00","684456","false",
"6a85635c9bc6a0b68e23","[""read(\""user:6a8562ad001acde9a529\"")""]","2026-08-19T08:03:40.817+00:00","2026-08-19T08:03:40.817+00:00","470279","false",
"6a85636028716a2406a5","[""read(\""user:6a8562eb0b6431129057\"")""]","2026-08-19T08:03:44.319+00:00","2026-08-19T08:03:44.319+00:00","219856","false",
"6a85637906ad2e1a4727","[""read(\""user:6a8562d900273df27205\"")""]","2026-08-19T08:04:09.186+00:00","2026-08-19T08:04:09.186+00:00","312561","false",
"6a85639ef033e4021887","[""read(\""user:6a85635d426ce42f7cd9\"")""]","2026-08-19T08:04:47.144+00:00","2026-08-19T08:04:47.144+00:00","938149","false",
"6a8563dbe458506d06e3","[""read(\""user:6a5b1e116aea8371ab57\"")""]","2026-08-19T08:05:48.104+00:00","2026-08-19T08:05:48.104+00:00","685303","false",
"6a8563eaa7aec93a1fe4","[""read(\""user:6a83d5a44106601c6a64\"")""]","2026-08-19T08:06:02.872+00:00","2026-08-19T08:06:02.872+00:00","443373","false",
"6a8563f9196d6ec8be1c","[""read(\""user:6a8415ee000ecf621b95\"")""]","2026-08-19T08:06:17.246+00:00","2026-08-19T08:06:17.246+00:00","094020","false",
"6a8564025936d8e134f9","[""read(\""user:6a85638f59aec109495e\"")""]","2026-08-19T08:06:26.523+00:00","2026-08-19T08:06:26.523+00:00","684553","false",
"6a85646580c0885b8d49","[""read(\""user:6a83d5a44106601c6a64\"")""]","2026-08-19T08:08:05.677+00:00","2026-08-19T08:08:05.677+00:00","389991","false",
"6a85646e40006f45cc76","[""read(\""user:6a8563d17e0df0dd90d6\"")""]","2026-08-19T08:08:14.457+00:00","2026-08-19T08:08:14.457+00:00","705182","false",
"6a85648c5309706556e8","[""read(\""user:6a856453a18bd3e08e99\"")""]","2026-08-19T08:08:44.536+00:00","2026-08-19T08:08:44.536+00:00","667696","false",
"6a8564a321484e197591","[""read(\""user:6a856453a18bd3e08e99\"")""]","2026-08-19T08:09:07.303+00:00","2026-08-19T08:09:07.303+00:00","063954","false",
"6a8564ff35aa3fea531b","[""read(\""user:6a8564a1e4a851a2a18b\"")""]","2026-08-19T08:10:39.381+00:00","2026-08-19T08:10:39.381+00:00","659509","false",
"6a856517dff302c5c599","[""read(\""user:6a8415ee000ecf621b95\"")""]","2026-08-19T08:11:04.089+00:00","2026-08-19T08:11:04.089+00:00","013507","false",
"6a856574254aeccce8a3","[""read(\""user:6a6ad9af001f93766695\"")""]","2026-08-19T08:12:36.340+00:00","2026-08-19T08:12:36.340+00:00","014936","false",
"6a8565841316c7e623c0","[""read(\""user:6a856507000da34624b7\"")""]","2026-08-19T08:12:52.227+00:00","2026-08-19T08:12:52.227+00:00","318493","false",
"6a8565946895a58b32ac","[""read(\""user:6a841ae500104cb924aa\"")""]","2026-08-19T08:13:08.583+00:00","2026-08-19T08:13:08.583+00:00","221545","false",
"6a8565a39c38069c8aef","[""read(\""user:6a8564bdb28ebedac935\"")""]","2026-08-19T08:13:23.797+00:00","2026-08-19T08:13:23.797+00:00","253531","false",
"6a8565b020d5251edf56","[""read(\""user:6a7bec54ea4c99b2043f\"")""]","2026-08-19T08:13:36.289+00:00","2026-08-19T08:13:36.289+00:00","426710","false",
"6a85662669ec3313953f","[""read(\""user:6a55e12e66d2ecbf8557\"")""]","2026-08-19T08:15:34.581+00:00","2026-08-19T08:15:34.581+00:00","793789","false",
"6a8566397c88758b9410","[""read(\""user:6a841ae500104cb924aa\"")""]","2026-08-19T08:15:53.660+00:00","2026-08-19T08:15:53.660+00:00","951195","false",
"6a85668858efd226d279","[""read(\""user:6a85410d5fa89e5a6402\"")""]","2026-08-19T08:17:12.508+00:00","2026-08-19T08:17:12.508+00:00","861365","false",
"6a85668907410fa6162d","[""read(\""user:6a8564bdb28ebedac935\"")""]","2026-08-19T08:17:13.360+00:00","2026-08-19T08:17:13.360+00:00","000241","false",
"6a8566a92d281fabbba7","[""read(\""user:6a5b1e116aea8371ab57\"")""]","2026-08-19T08:17:45.354+00:00","2026-08-19T08:17:45.354+00:00","883076","false",
"6a856767158d4b73a752","[""read(\""user:6a8564bdb28ebedac935\"")""]","2026-08-19T08:20:55.238+00:00","2026-08-19T08:20:55.238+00:00","959171","false",
"6a8568a4c7c93c0f6bf4","[""read(\""user:6a8567ed9dd43f89476f\"")""]","2026-08-19T08:26:12.996+00:00","2026-08-19T08:26:12.996+00:00","598890","false",
"6a85699f572a31c1fd67","[""read(\""user:6a560c629ff4af239514\"")""]","2026-08-19T08:30:23.499+00:00","2026-08-19T08:30:23.499+00:00","803484","false",
"6a8569da806cd1906e65","[""read(\""user:6a8569345a4145303d8d\"")""]","2026-08-19T08:31:22.678+00:00","2026-08-19T08:31:22.678+00:00","588279","false",
"6a8569e691ae9b25afed","[""read(\""user:69eb5b64c0161f5457b4\"")""]","2026-08-19T08:31:34.750+00:00","2026-08-19T08:31:34.750+00:00","197283","false",
"6a856adc5d837a0dfe28","[""read(\""user:6a856a4314cb70e383b9\"")""]","2026-08-19T08:35:40.534+00:00","2026-08-19T08:35:40.534+00:00","332470","false",
"6a856f0f5f3ead5d2095","[""read(\""user:6a855984862cbe43d31d\"")""]","2026-08-19T08:53:35.573+00:00","2026-08-19T08:53:35.573+00:00","600196","false",
"6a856fc9d484b685f8ae","[""read(\""user:6a856f32849af177989a\"")""]","2026-08-19T08:56:42.053+00:00","2026-08-19T08:56:42.053+00:00","153786","false",
"6a857082ab3d2397829e","[""read(\""user:6a855984862cbe43d31d\"")""]","2026-08-19T08:59:46.886+00:00","2026-08-19T08:59:46.886+00:00","051129","false",
"6a8571c6c1ac38f7b976","[""read(\""user:6a8570f5002b1499402f\"")""]","2026-08-19T09:05:10.973+00:00","2026-08-19T09:05:10.973+00:00","521454","false",
"6a85731234a8c60be911","[""read(\""user:6a16646bd598fb2d35d5\"")""]","2026-08-19T09:10:42.391+00:00","2026-08-19T09:10:42.391+00:00","984976","false",
"6a85740037fa3d72cc27","[""read(\""user:69eaf117ed7db18568f7\"")""]","2026-08-19T09:14:40.402+00:00","2026-08-19T09:14:40.402+00:00","540119","false",
"6a857487bacc80aa5f15","[""read(\""user:6a841ae500104cb924aa\"")""]","2026-08-19T09:16:55.946+00:00","2026-08-19T09:16:55.946+00:00","294065","false",
"6a85757d452a90cbf188","[""read(\""user:6a841ae500104cb924aa\"")""]","2026-08-19T09:21:01.473+00:00","2026-08-19T09:21:01.473+00:00","251578","false",
"6a8575ab60b6a04f4522","[""read(\""user:6a8574f14e9a015238e5\"")""]","2026-08-19T09:21:47.592+00:00","2026-08-19T09:21:47.592+00:00","541938","false",
"6a8576c2c970b15d7f9f","[""read(\""user:6a841ae500104cb924aa\"")""]","2026-08-19T09:26:26.983+00:00","2026-08-19T09:26:26.983+00:00","832186","false",
"6a8577461163059f27f1","[""read(\""user:6a8559700030f98c5d19\"")""]","2026-08-19T09:28:38.220+00:00","2026-08-19T09:28:38.220+00:00","360590","false",
"6a85780844968617e015","[""read(\""user:6a841ae500104cb924aa\"")""]","2026-08-19T09:31:52.439+00:00","2026-08-19T09:31:52.439+00:00","994132","false",
"6a8578120b3a30042203","[""read(\""user:69fad3b23f59ed065d5c\"")""]","2026-08-19T09:32:02.203+00:00","2026-08-19T09:32:02.203+00:00","684659","false",
"6a85785339659ed5794b","[""read(\""user:6a6b1af241fb134b9e9b\"")""]","2026-08-19T09:33:07.381+00:00","2026-08-19T09:33:07.381+00:00","024139","false",
"6a8579395861292507d5","[""read(\""user:6a16a537002ca3846d9e\"")""]","2026-08-19T09:36:57.630+00:00","2026-08-19T09:36:57.630+00:00","319196","false",
"6a85796b4b9e52e9ded1","[""read(\""user:6a8576a73bb7aaf24f8a\"")""]","2026-08-19T09:37:47.545+00:00","2026-08-19T09:37:47.545+00:00","470104","false",
"6a85796f9f270938a05c","[""read(\""user:69eededfda83bd6a4e7f\"")""]","2026-08-19T09:37:51.990+00:00","2026-08-19T09:37:51.990+00:00","635820","false",
"6a857984c522975bcdfa","[""read(\""user:6a8576a73bb7aaf24f8a\"")""]","2026-08-19T09:38:13.047+00:00","2026-08-19T09:38:13.047+00:00","305112","false",
"6a857997d480ad787e64","[""read(\""user:6a8576a73bb7aaf24f8a\"")""]","2026-08-19T09:38:32.112+00:00","2026-08-19T09:38:32.112+00:00","816340","false",
"6a8579a2d13798186a94","[""read(\""user:6a8576a73bb7aaf24f8a\"")""]","2026-08-19T09:38:43.040+00:00","2026-08-19T09:38:43.040+00:00","602976","false",
"6a8579c5769b7828db89","[""read(\""user:6a8576a73bb7aaf24f8a\"")""]","2026-08-19T09:39:17.772+00:00","2026-08-19T09:39:17.772+00:00","742794","false",
"6a857a26b837e999563d","[""read(\""user:6a8576a73bb7aaf24f8a\"")""]","2026-08-19T09:40:55.014+00:00","2026-08-19T09:40:55.014+00:00","408279","false",
"6a857a6bebf9da32465b","[""read(\""user:6a8576a73bb7aaf24f8a\"")""]","2026-08-19T09:42:04.174+00:00","2026-08-19T09:42:04.174+00:00","573050","false",
"6a857a7241302c25c58f","[""read(\""user:6a8576a73bb7aaf24f8a\"")""]","2026-08-19T09:42:10.452+00:00","2026-08-19T09:42:10.452+00:00","257439","false",
"6a857a7897d98307e8aa","[""read(\""user:6a841ae500104cb924aa\"")""]","2026-08-19T09:42:16.860+00:00","2026-08-19T09:42:16.860+00:00","885044","false",
"6a857cc248c84d081c3d","[""read(\""user:6a841ae500104cb924aa\"")""]","2026-08-19T09:52:02.582+00:00","2026-08-19T09:52:02.582+00:00","460124","false",
"6a857d0cdd96813cd77d","[""read(\""user:6a841ae500104cb924aa\"")""]","2026-08-19T09:53:17.112+00:00","2026-08-19T09:53:17.112+00:00","092737","false",
"6a857d18b446ba525b78","[""read(\""user:6a841ae500104cb924aa\"")""]","2026-08-19T09:53:29.012+00:00","2026-08-19T09:53:29.012+00:00","065604","false",
"6a857d2fbcfe76cabb02","[""read(\""user:6a841ae500104cb924aa\"")""]","2026-08-19T09:53:52.019+00:00","2026-08-19T09:53:52.019+00:00","201456","false",
"6a857d534eed04cfcbc7","[""read(\""user:6a841ae500104cb924aa\"")""]","2026-08-19T09:54:27.505+00:00","2026-08-19T09:54:27.505+00:00","323950","false",
"6a85817875623e505690","[""read(\""user:6a8581042a4c8deccfa7\"")""]","2026-08-19T10:12:08.685+00:00","2026-08-19T10:12:08.685+00:00","331802","false",
"6a85826f752516429fe3","[""read(\""user:6a8581042a4c8deccfa7\"")""]","2026-08-19T10:16:15.695+00:00","2026-08-19T10:16:15.695+00:00","400652","false",
"6a85837ecada3c5251c2","[""read(\""user:6a0a873fa2294a3f2c8c\"")""]","2026-08-19T10:20:47.105+00:00","2026-08-19T10:20:47.105+00:00","532437","false",
"6a8583adbf03d0ce703d","[""read(\""user:6a7c2c39560cc931dabf\"")""]","2026-08-19T10:21:33.985+00:00","2026-08-19T10:21:33.985+00:00","601781","false",
"6a8583b255e0cfbf7aad","[""read(\""user:6a0a873fa2294a3f2c8c\"")""]","2026-08-19T10:21:38.559+00:00","2026-08-19T10:21:38.559+00:00","635391","false",
"6a858412203a36757e8e","[""read(\""user:69eaf117ed7db18568f7\"")""]","2026-08-19T10:23:14.495+00:00","2026-08-19T10:23:14.495+00:00","002603","false",
"6a8584478dd0da070951","[""read(\""user:69eaf117ed7db18568f7\"")""]","2026-08-19T10:24:07.777+00:00","2026-08-19T10:24:07.777+00:00","898343","false",
"6a85855c7ae5e388790a","[""read(\""user:69eaf117ed7db18568f7\"")""]","2026-08-19T10:28:44.707+00:00","2026-08-19T10:28:44.707+00:00","322232","false",
"6a85856f05f9526a9e76","[""read(\""user:6a0ab9cd1907dcbb4d8d\"")""]","2026-08-19T10:29:03.227+00:00","2026-08-19T10:29:03.227+00:00","257378","false",
"6a858583e0a5250a0c2f","[""read(\""user:6a8584c370f9fb995e93\"")""]","2026-08-19T10:29:24.110+00:00","2026-08-19T10:29:24.110+00:00","039104","false",
"6a8589c762f07c270dae","[""read(\""user:6a858972003de4e2eef6\"")""]","2026-08-19T10:47:35.568+00:00","2026-08-19T10:47:35.568+00:00","633416","false",
"6a858a436fba06f79119","[""read(\""user:69ef30e732977360f67f\"")""]","2026-08-19T10:49:39.615+00:00","2026-08-19T10:49:39.615+00:00","168786","false",
"6a858a67362016da96f6","[""read(\""user:6a858a270000f9fe30a2\"")""]","2026-08-19T10:50:15.377+00:00","2026-08-19T10:50:15.377+00:00","999596","false",
"6a858a924767df87d571","[""read(\""user:69ef30e732977360f67f\"")""]","2026-08-19T10:50:58.448+00:00","2026-08-19T10:50:58.448+00:00","729169","false",
"6a858aaf3f519ead1fd8","[""read(\""user:69ef30e732977360f67f\"")""]","2026-08-19T10:51:27.416+00:00","2026-08-19T10:51:27.416+00:00","251182","false",
"6a858ab27e6636a0a65c","[""read(\""user:6a858946c87563edeb8e\"")""]","2026-08-19T10:51:30.666+00:00","2026-08-19T10:51:30.666+00:00","899331","false",
"6a858ac79a902abc4f78","[""read(\""user:6a472fdad051726bf879\"")""]","2026-08-19T10:51:51.785+00:00","2026-08-19T10:51:51.785+00:00","020771","false",
"6a858cc2114715f5847d","[""read(\""user:6a858bd574f366bae99c\"")""]","2026-08-19T11:00:18.223+00:00","2026-08-19T11:00:18.223+00:00","539843","false",
"6a85905399f6987bc675","[""read(\""user:6a84090100167a02ed72\"")""]","2026-08-19T11:15:31.782+00:00","2026-08-19T11:15:31.782+00:00","005753","false",
"6a859088135c23b07d80","[""read(\""user:6a842ad880039a8924f8\"")""]","2026-08-19T11:16:24.230+00:00","2026-08-19T11:16:24.230+00:00","142588","false",
"6a8592486db0f2f31ac7","[""read(\""user:6a8591ef73bffb8abf6d\"")""]","2026-08-19T11:23:52.612+00:00","2026-08-19T11:23:52.612+00:00","974918","false",
"6a8592ed65f74ac3f34f","[""read(\""user:6a842ad880039a8924f8\"")""]","2026-08-19T11:26:38.115+00:00","2026-08-19T11:26:38.115+00:00","349521","false",
"6a8598fa60159ad4a504","[""read(\""user:69b0040108f2d205a57b\"")""]","2026-08-19T11:52:26.537+00:00","2026-08-19T11:52:26.537+00:00","481760","false",
"6a859a34705ccd953e94","[""read(\""user:69b0040108f2d205a57b\"")""]","2026-08-19T11:57:40.612+00:00","2026-08-19T11:57:40.612+00:00","144982","false",
"6a859aa815109ef79355","[""read(\""user:69b0040108f2d205a57b\"")""]","2026-08-19T11:59:36.245+00:00","2026-08-19T11:59:36.245+00:00","164121","false",
"6a859b6cedc7a4768750","[""read(\""user:69b0040108f2d205a57b\"")""]","2026-08-19T12:02:53.120+00:00","2026-08-19T12:02:53.120+00:00","403911","false",
"6a859bbea03095442f44","[""read(\""user:69b0040108f2d205a57b\"")""]","2026-08-19T12:04:14.807+00:00","2026-08-19T12:04:14.807+00:00","672753","false",
"6a859bf4bf806b0303b5","[""read(\""user:69b0040108f2d205a57b\"")""]","2026-08-19T12:05:08.935+00:00","2026-08-19T12:05:08.935+00:00","307404","false",
"6a859c56335115e90a32","[""read(\""user:69b0040108f2d205a57b\"")""]","2026-08-19T12:06:46.349+00:00","2026-08-19T12:06:46.349+00:00","868184","false",
"6a859c97bd6c6ec55f8f","[""read(\""user:69b0040108f2d205a57b\"")""]","2026-08-19T12:07:51.917+00:00","2026-08-19T12:07:51.917+00:00","161122","false",
"6a859d051ec51776b1c5","[""read(\""user:69b0040108f2d205a57b\"")""]","2026-08-19T12:09:41.286+00:00","2026-08-19T12:09:41.286+00:00","293694","false",
"6a859d54c6be04ebcf43","[""read(\""user:69b0040108f2d205a57b\"")""]","2026-08-19T12:11:00.961+00:00","2026-08-19T12:11:00.961+00:00","735607","false",
"6a859d9d78a2ae5828f4","[""read(\""user:69b0040108f2d205a57b\"")""]","2026-08-19T12:12:13.652+00:00","2026-08-19T12:12:13.652+00:00","620943","false",
"6a859dedce13b7ecd1c3","[""read(\""user:69b0040108f2d205a57b\"")""]","2026-08-19T12:13:33.985+00:00","2026-08-19T12:13:33.985+00:00","114162","false",
"6a859e3055de082d2b66","[""read(\""user:69b0040108f2d205a57b\"")""]","2026-08-19T12:14:40.498+00:00","2026-08-19T12:14:40.498+00:00","796632","false",
"6a859ec68e253e02a65d","[""read(\""user:69b0040108f2d205a57b\"")""]","2026-08-19T12:17:10.738+00:00","2026-08-19T12:17:10.738+00:00","797621","false",
"6a859f28967ed984bead","[""read(\""user:6a847dc1003281f1a7f9\"")""]","2026-08-19T12:18:48.767+00:00","2026-08-19T12:18:48.767+00:00","946221","false",
"6a859fc129d1419b2bff","[""read(\""user:69b0040108f2d205a57b\"")""]","2026-08-19T12:21:21.317+00:00","2026-08-19T12:21:21.317+00:00","830310","false",
"6a85a256d733f2280ab1","[""read(\""user:69b0040108f2d205a57b\"")""]","2026-08-19T12:32:23.033+00:00","2026-08-19T12:32:23.033+00:00","006803","false",
"6a85a35d2324ed7a7c8b","[""read(\""user:69b0040108f2d205a57b\"")""]","2026-08-19T12:36:45.300+00:00","2026-08-19T12:36:45.300+00:00","036340","false",
"6a85a3acc859ee58851b","[""read(\""user:69b0040108f2d205a57b\"")""]","2026-08-19T12:38:04.966+00:00","2026-08-19T12:38:04.966+00:00","822598","false",
"6a85a4571cd6ac7b4b41","[""read(\""user:69b0040108f2d205a57b\"")""]","2026-08-19T12:40:55.264+00:00","2026-08-19T12:40:55.264+00:00","661331","false",
"6a85a4d7b9c2e8148a7b","[""read(\""user:69b0040108f2d205a57b\"")""]","2026-08-19T12:43:03.900+00:00","2026-08-19T12:43:03.900+00:00","119907","false",
"6a85a5145cf0d3028ce1","[""read(\""user:69b0040108f2d205a57b\"")""]","2026-08-19T12:44:04.535+00:00","2026-08-19T12:44:04.535+00:00","386378","false",
"6a85a5d29d6cd8fc8249","[""read(\""user:69b0040108f2d205a57b\"")""]","2026-08-19T12:47:14.797+00:00","2026-08-19T12:47:14.797+00:00","918630","false",
"6a85a6c91b14b71fd125","[""read(\""user:6a85a620c1738fc99f56\"")""]","2026-08-19T12:51:21.259+00:00","2026-08-19T12:51:21.259+00:00","328460","false",
"6a85ab344f9460f17308","[""read(\""user:6a64b6d100395560bac6\"")""]","2026-08-19T13:10:12.467+00:00","2026-08-19T13:10:12.467+00:00","077409","false",
"6a85b13c63639b359412","[""read(\""user:6a85ab1880ce0add4eb6\"")""]","2026-08-19T13:35:56.547+00:00","2026-08-19T13:35:56.547+00:00","529949","false",
"6a85b19c2d227ac6fe0e","[""read(\""user:6a19e6e1c0957def6126\"")""]","2026-08-19T13:37:32.331+00:00","2026-08-19T13:37:32.331+00:00","763211","false",
"6a85b2a5d17bd5df8c16","[""read(\""user:6a0ae6a42b068b2d2f5a\"")""]","2026-08-19T13:41:58.002+00:00","2026-08-19T13:41:58.002+00:00","326995","false",
"6a85b39a37b5f5331eb4","[""read(\""user:6a85b3584720fba053a7\"")""]","2026-08-19T13:46:02.367+00:00","2026-08-19T13:46:02.367+00:00","337905","false",
"6a85b3a974a64c52640b","[""read(\""user:6a85b3584720fba053a7\"")""]","2026-08-19T13:46:17.622+00:00","2026-08-19T13:46:17.622+00:00","043242","false",
"6a85b4da2d09774d9337","[""read(\""user:6a847dc1003281f1a7f9\"")""]","2026-08-19T13:51:22.326+00:00","2026-08-19T13:51:22.326+00:00","104783","false",
"6a85b54dab90a5620e28","[""read(\""user:6a847dc1003281f1a7f9\"")""]","2026-08-19T13:53:17.853+00:00","2026-08-19T13:53:17.853+00:00","825970","false",
"6a85b5d5730d7ded4fe7","[""read(\""user:6a85ab1880ce0add4eb6\"")""]","2026-08-19T13:55:33.661+00:00","2026-08-19T13:55:33.661+00:00","313384","false",
"6a85b7be63973495e823","[""read(\""user:6a83074feb87f31f3ad8\"")""]","2026-08-19T14:03:42.557+00:00","2026-08-19T14:03:42.557+00:00","954651","false",
"6a85bb9c59875ebf2350","[""read(\""user:6a83074feb87f31f3ad8\"")""]","2026-08-19T14:20:12.513+00:00","2026-08-19T14:20:12.513+00:00","837656","false",
"6a85cce2d95a86692130","[""read(\""user:6a842f67002e44792d98\"")""]","2026-08-19T15:33:55.080+00:00","2026-08-19T15:33:55.080+00:00","710375","false",
"6a865e445b2bec69b422","[""read(\""user:6a850a587b4dafa9c882\"")""]","2026-08-20T01:54:12.529+00:00","2026-08-20T01:54:12.529+00:00","468185","false",
"6a86679245fe6ed901c4","[""read(\""user:6a15558de9591f58efec\"")""]","2026-08-20T02:33:54.428+00:00","2026-08-20T02:33:54.428+00:00","933654","false",
"6a866d41bda67bbfbc99","[""read(\""user:69b0040108f2d205a57b\"")""]","2026-08-20T02:58:09.920+00:00","2026-08-20T02:58:09.920+00:00","662997","false",
"6a866f1d97ac1b64cff4","[""read(\""user:6a1d0834b4aa4956a50d\"")""]","2026-08-20T03:06:05.774+00:00","2026-08-20T03:06:05.774+00:00","001513","false",
"6a866f225efb76a823cb","[""read(\""user:6a82c8dd699dd36b6f3a\"")""]","2026-08-20T03:06:10.526+00:00","2026-08-20T03:06:10.526+00:00","694281","false",
"6a866f9eb2bea0f28e62","[""read(\""user:69b0040108f2d205a57b\"")""]","2026-08-20T03:08:14.875+00:00","2026-08-20T03:08:14.875+00:00","451019","false",
"6a866fd597f2eba71e84","[""read(\""user:69b0040108f2d205a57b\"")""]","2026-08-20T03:09:09.768+00:00","2026-08-20T03:09:09.768+00:00","997923","false",
"6a867296e3992db21589","[""read(\""user:69ec2fceddbe4bd3d940\"")""]","2026-08-20T03:20:55.072+00:00","2026-08-20T03:20:55.072+00:00","252141","false",
"6a8673c03cc153e1f0d9","[""read(\""user:6a758ca8d29f3d0bb3ab\"")""]","2026-08-20T03:25:52.397+00:00","2026-08-20T03:25:52.397+00:00","368963","false",
"6a8675ea8dcf2b9d95ce","[""read(\""user:6a8675533ddf3c09b6e7\"")""]","2026-08-20T03:35:06.720+00:00","2026-08-20T03:35:06.720+00:00","629346","false",
"6a8676a30849527347da","[""read(\""user:6a86764ec70c9c7496bc\"")""]","2026-08-20T03:38:11.182+00:00","2026-08-20T03:38:11.182+00:00","065760","false",
"6a8676b21e8fd0130c9a","[""read(\""user:6a86760679056837deae\"")""]","2026-08-20T03:38:26.271+00:00","2026-08-20T03:38:26.271+00:00","881575","false",
"6a8676b554f8d9957c8b","[""read(\""user:6a8675ca7ff6cf993d8e\"")""]","2026-08-20T03:38:29.573+00:00","2026-08-20T03:38:29.573+00:00","202781","false",
"6a8676c13f81160b01be","[""read(\""user:6a8675ca7ff6cf993d8e\"")""]","2026-08-20T03:38:41.400+00:00","2026-08-20T03:38:41.400+00:00","530213","false",
"6a8676cb1f5b59109831","[""read(\""user:6a8675ca7ff6cf993d8e\"")""]","2026-08-20T03:38:51.452+00:00","2026-08-20T03:38:51.452+00:00","332618","false",
"6a8676e915f668b2b134","[""read(\""user:6a8675ca7ff6cf993d8e\"")""]","2026-08-20T03:39:21.263+00:00","2026-08-20T03:39:21.263+00:00","242295","false",
"6a8676f4e8173c4403d9","[""read(\""user:6a8675533ddf3c09b6e7\"")""]","2026-08-20T03:39:33.159+00:00","2026-08-20T03:39:33.159+00:00","946590","false",
"6a8676f5465496a6631e","[""read(\""user:6a8675ca7ff6cf993d8e\"")""]","2026-08-20T03:39:33.432+00:00","2026-08-20T03:39:33.432+00:00","281287","false",
"6a86773eb2c1da735c4b","[""read(\""user:6a8675ca7ff6cf993d8e\"")""]","2026-08-20T03:40:46.882+00:00","2026-08-20T03:40:46.882+00:00","492882","false",
"6a8678209677233588aa","[""read(\""user:6a86760679056837deae\"")""]","2026-08-20T03:44:32.770+00:00","2026-08-20T03:44:32.770+00:00","897828","false",
"6a86795eb1d2f2a90b7d","[""read(\""user:6a8678911546f67a6f64\"")""]","2026-08-20T03:49:50.876+00:00","2026-08-20T03:49:50.876+00:00","816623","false",
"6a86798ee670d9776464","[""read(\""user:6a8678a2b9e37b4c9c90\"")""]","2026-08-20T03:50:39.085+00:00","2026-08-20T03:50:39.085+00:00","179043","false",
"6a8679d6a5c9ddec3303","[""read(\""user:69b0040108f2d205a57b\"")""]","2026-08-20T03:51:50.825+00:00","2026-08-20T03:51:50.825+00:00","164359","false",
"6a8679daaddb40c93cac","[""read(\""user:6a859225d1afc48f3e8b\"")""]","2026-08-20T03:51:54.855+00:00","2026-08-20T03:51:54.855+00:00","023849","false",
"6a8679fd898cb1d80435","[""read(\""user:69b0040108f2d205a57b\"")""]","2026-08-20T03:52:29.714+00:00","2026-08-20T03:52:29.714+00:00","070426","false",
"6a867b83882afd1cb85b","[""read(\""user:6a867acb70fefdbce190\"")""]","2026-08-20T03:58:59.706+00:00","2026-08-20T03:58:59.706+00:00","222627","false",
"6a867baee54d4e410a7c","[""read(\""user:6a867b3ca7a6c6861682\"")""]","2026-08-20T03:59:43.149+00:00","2026-08-20T03:59:43.149+00:00","339498","false",
"6a867bbfa824ce757380","[""read(\""user:6a867b3ca7a6c6861682\"")""]","2026-08-20T04:00:00.041+00:00","2026-08-20T04:00:00.041+00:00","420029","false",
"6a867c963a2d1e1014bd","[""read(\""user:6a867c11e338de6440b7\"")""]","2026-08-20T04:03:34.391+00:00","2026-08-20T04:03:34.391+00:00","084978","false",
"6a867ca97c65cffb7628","[""read(\""user:6a867bf7001e14ac42bc\"")""]","2026-08-20T04:03:53.665+00:00","2026-08-20T04:03:53.665+00:00","095693","false",
"6a867cc065b7d38b9c8a","[""read(\""user:6a867acb70fefdbce190\"")""]","2026-08-20T04:04:16.559+00:00","2026-08-20T04:04:16.559+00:00","733241","false",
"6a867d5ac2415dea3dc8","[""read(\""user:6a867acb70fefdbce190\"")""]","2026-08-20T04:06:50.946+00:00","2026-08-20T04:06:50.946+00:00","051884","false",
"6a867d5eb0bbe6f72cf1","[""read(\""user:6a5c60cdc8b76632ac0d\"")""]","2026-08-20T04:06:54.875+00:00","2026-08-20T04:06:54.875+00:00","751838","false",
"6a867e81a2925e853b46","[""read(\""user:69b0040108f2d205a57b\"")""]","2026-08-20T04:11:45.809+00:00","2026-08-20T04:11:45.809+00:00","855514","false",
"6a868280aa06f334dfe4","[""read(\""user:6a86820e30284f14521f\"")""]","2026-08-20T04:28:48.839+00:00","2026-08-20T04:28:48.839+00:00","402360","false",
"6a86831f2f975cc3d5fe","[""read(\""user:6a86820e30284f14521f\"")""]","2026-08-20T04:31:27.346+00:00","2026-08-20T04:31:27.346+00:00","161002","false",
"6a868c448c9c3cf3d274","[""read(\""user:6a0eb770e48c66c1fa5b\"")""]","2026-08-20T05:10:28.725+00:00","2026-08-20T05:10:28.725+00:00","937083","false",
"6a868cab36c3f6c78865","[""read(\""user:6a4f2e82a970cd8f07fd\"")""]","2026-08-20T05:12:11.392+00:00","2026-08-20T05:12:11.392+00:00","266597","false",
"6a868cc36c321d219e9c","[""read(\""user:6a0c0317c0a13fb8f7af\"")""]","2026-08-20T05:12:35.592+00:00","2026-08-20T05:12:35.592+00:00","652095","false",
"6a868d135fdb9c0e963c","[""read(\""user:6a868ccba09015942818\"")""]","2026-08-20T05:13:55.544+00:00","2026-08-20T05:13:55.544+00:00","294719","false",
"6a868d57a69680324a40","[""read(\""user:69f053a82cc36de086ab\"")""]","2026-08-20T05:15:03.836+00:00","2026-08-20T05:15:03.836+00:00","984238","false",
"6a868e0b9d074493dedf","[""read(\""user:6a755ca326c6830133b8\"")""]","2026-08-20T05:18:03.791+00:00","2026-08-20T05:18:03.791+00:00","098523","false",
"6a868e1d75856b716c49","[""read(\""user:6a868d8235e104b657da\"")""]","2026-08-20T05:18:21.637+00:00","2026-08-20T05:18:21.637+00:00","345727","false",
"6a868e2a1f2a96264f5d","[""read(\""user:6a5f19ca5faa28b0ee1c\"")""]","2026-08-20T05:18:34.281+00:00","2026-08-20T05:18:34.281+00:00","255552","false",
"6a868e42d0935b83e755","[""read(\""user:69f04e47026804d601cd\"")""]","2026-08-20T05:18:59.015+00:00","2026-08-20T05:18:59.015+00:00","449375","false",
"6a868efc875dc90cc778","[""read(\""user:69f04e47026804d601cd\"")""]","2026-08-20T05:22:04.717+00:00","2026-08-20T05:22:04.717+00:00","299226","false",
"6a868f33698212197eab","[""read(\""user:6a868ef7c6aa4dfd1348\"")""]","2026-08-20T05:22:59.572+00:00","2026-08-20T05:22:59.572+00:00","658027","false",
"6a868f3a8df3c347b76c","[""read(\""user:69fae2e47893ef90d556\"")""]","2026-08-20T05:23:06.737+00:00","2026-08-20T05:23:06.737+00:00","342118","false",
"6a868f79330f506b2c8d","[""read(\""user:6a755ca326c6830133b8\"")""]","2026-08-20T05:24:09.364+00:00","2026-08-20T05:24:09.364+00:00","073469","false",
"6a868fca756d982e9253","[""read(\""user:6a868f186ed39e60969b\"")""]","2026-08-20T05:25:30.952+00:00","2026-08-20T05:25:30.952+00:00","229591","false",
"6a868ff1f256aa468112","[""read(\""user:6a75a55b8bfeb61ee289\"")""]","2026-08-20T05:26:10.147+00:00","2026-08-20T05:26:10.147+00:00","879299","false",
"6a86906618263b10a484","[""read(\""user:6a75a55b8bfeb61ee289\"")""]","2026-08-20T05:28:06.255+00:00","2026-08-20T05:28:06.255+00:00","761405","false",
"6a8690b467150674772c","[""read(\""user:6a755ca326c6830133b8\"")""]","2026-08-20T05:29:24.575+00:00","2026-08-20T05:29:24.575+00:00","721185","false",
"6a8690e479ce483db8c6","[""read(\""user:69eaf107d8192f1c7b61\"")""]","2026-08-20T05:30:12.773+00:00","2026-08-20T05:30:12.773+00:00","811400","false",
"6a869188d2051eafd338","[""read(\""user:6a86910dd9cbf35833e3\"")""]","2026-08-20T05:32:57.020+00:00","2026-08-20T05:32:57.020+00:00","849812","false",
"6a8691905f7222d2d549","[""read(\""user:6a82a0300028dc216bb9\"")""]","2026-08-20T05:33:04.570+00:00","2026-08-20T05:33:04.570+00:00","375099","false",
"6a86919776cde8f3d1d8","[""read(\""user:6a86910dd9cbf35833e3\"")""]","2026-08-20T05:33:11.630+00:00","2026-08-20T05:33:11.630+00:00","620963","false",
"6a8691bc58d8cb6b720b","[""read(\""user:6a86910dd9cbf35833e3\"")""]","2026-08-20T05:33:48.513+00:00","2026-08-20T05:33:48.513+00:00","596016","false",
"6a8691d3078e3566c849","[""read(\""user:6a86910dd9cbf35833e3\"")""]","2026-08-20T05:34:11.178+00:00","2026-08-20T05:34:11.178+00:00","331790","false",
"6a8691de15ca9ce2caf4","[""read(\""user:6a85752ff0e17ec5adab\"")""]","2026-08-20T05:34:22.235+00:00","2026-08-20T05:34:22.235+00:00","140813","false",
"6a8692131b1978274530","[""read(\""user:6a86910dd9cbf35833e3\"")""]","2026-08-20T05:35:15.270+00:00","2026-08-20T05:35:15.270+00:00","807044","false",
"6a869213b24a07acbdda","[""read(\""user:6a86919bd82a9161024f\"")""]","2026-08-20T05:35:15.899+00:00","2026-08-20T05:35:15.899+00:00","526232","false",
"6a86921b29689579dd78","[""read(\""user:6a86910dd9cbf35833e3\"")""]","2026-08-20T05:35:23.324+00:00","2026-08-20T05:35:23.324+00:00","454011","false",
"6a86922a385fe7062ba6","[""read(\""user:6a8691280038382a30a7\"")""]","2026-08-20T05:35:38.380+00:00","2026-08-20T05:35:38.380+00:00","320234","false",
"6a869238054d1f34bd95","[""read(\""user:6a86910dd9cbf35833e3\"")""]","2026-08-20T05:35:52.174+00:00","2026-08-20T05:35:52.174+00:00","887428","false",
"6a869292ee03c81b7a8c","[""read(\""user:6a86910dd9cbf35833e3\"")""]","2026-08-20T05:37:23.127+00:00","2026-08-20T05:37:23.127+00:00","313871","false",
"6a8692e22a4db4abe9c6","[""read(\""user:6a86910dd9cbf35833e3\"")""]","2026-08-20T05:38:42.316+00:00","2026-08-20T05:38:42.316+00:00","805195","false",
"6a8692e8b7bc2f0b187f","[""read(\""user:6a86910dd9cbf35833e3\"")""]","2026-08-20T05:38:48.910+00:00","2026-08-20T05:38:48.910+00:00","220590","false",
"6a8692f7d753617a903a","[""read(\""user:6a86910dd9cbf35833e3\"")""]","2026-08-20T05:39:04.029+00:00","2026-08-20T05:39:04.029+00:00","552793","false",
"6a869382f3ddd64b1708","[""read(\""user:6a19e6e1c0957def6126\"")""]","2026-08-20T05:41:23.175+00:00","2026-08-20T05:41:23.175+00:00","108905","false",
"6a86939e5a89af045ae1","[""read(\""user:6a86910dd9cbf35833e3\"")""]","2026-08-20T05:41:50.520+00:00","2026-08-20T05:41:50.520+00:00","944804","false",
"6a8693e7825bfda81340","[""read(\""user:69b0040108f2d205a57b\"")""]","2026-08-20T05:43:03.678+00:00","2026-08-20T05:43:03.678+00:00","048283","false",
"6a86940bb380e3001be8","[""read(\""user:6a7593c383427110ba75\"")""]","2026-08-20T05:43:39.962+00:00","2026-08-20T05:43:39.962+00:00","501757","false",
"6a8694223f556b303630","[""read(\""user:6a869370000a084caade\"")""]","2026-08-20T05:44:02.415+00:00","2026-08-20T05:44:02.415+00:00","728832","false",
"6a869440b73d22413bc5","[""read(\""user:6a8692dc0038e27c18fb\"")""]","2026-08-20T05:44:32.913+00:00","2026-08-20T05:44:32.913+00:00","733334","false",
"6a86946bb09d7586afc2","[""read(\""user:6a7593c383427110ba75\"")""]","2026-08-20T05:45:16.105+00:00","2026-08-20T05:45:16.105+00:00","609044","false",
"6a8694c8582045590eb7","[""read(\""user:6a85752ff0e17ec5adab\"")""]","2026-08-20T05:46:48.514+00:00","2026-08-20T05:46:48.514+00:00","236792","false",
"6a869510297dfcdc4c7a","[""read(\""user:6a13dce1c7699d2801b2\"")""]","2026-08-20T05:48:00.320+00:00","2026-08-20T05:48:00.320+00:00","387513","false",
"6a86951070d1ac2a0c2a","[""read(\""user:6a7593c383427110ba75\"")""]","2026-08-20T05:48:00.607+00:00","2026-08-20T05:48:00.607+00:00","708922","false",
"6a86951114abd347a430","[""read(\""user:6a869370000a084caade\"")""]","2026-08-20T05:48:01.245+00:00","2026-08-20T05:48:01.245+00:00","583666","false",
"6a8695296e9ada7399ea","[""read(\""user:6a869370000a084caade\"")""]","2026-08-20T05:48:25.620+00:00","2026-08-20T05:48:25.620+00:00","915655","false",
"6a8695a1badc3c5f5fc2","[""read(\""user:6a868d84541c8e912fa4\"")""]","2026-08-20T05:50:25.926+00:00","2026-08-20T05:50:25.926+00:00","376219","false",
"6a86962a5bc7a1a2b739","[""read(\""user:6a0151fe003ad7da3c3d\"")""]","2026-08-20T05:52:42.530+00:00","2026-08-20T05:52:42.530+00:00","815554","false",
"6a869668b5548423f000","[""read(\""user:6a869370000a084caade\"")""]","2026-08-20T05:53:44.896+00:00","2026-08-20T05:53:44.896+00:00","172678","false",
"6a869696ecb3e61061b4","[""read(\""user:6a13dce1c7699d2801b2\"")""]","2026-08-20T05:54:31.124+00:00","2026-08-20T05:54:31.124+00:00","561967","false",
"6a8697442a478951edbe","[""read(\""user:6a8696d3720e3cd20061\"")""]","2026-08-20T05:57:24.338+00:00","2026-08-20T05:57:24.338+00:00","321835","false",
"6a86975b01cc2798cd75","[""read(\""user:6a4b5f1208bacbb0dbeb\"")""]","2026-08-20T05:57:47.171+00:00","2026-08-20T05:57:47.171+00:00","520537","false",
"6a8697ea8b3a1914ae64","[""read(\""user:6a86964f0006607bdd4f\"")""]","2026-08-20T06:00:10.756+00:00","2026-08-20T06:00:10.756+00:00","840254","false",
"6a8697f22fec8809308c","[""read(\""user:6a86964f0006607bdd4f\"")""]","2026-08-20T06:00:18.348+00:00","2026-08-20T06:00:18.348+00:00","187151","false",
"6a8698102ee8485832cb","[""read(\""user:6a86964f0006607bdd4f\"")""]","2026-08-20T06:00:48.351+00:00","2026-08-20T06:00:48.351+00:00","610553","false",
"6a86983851cd22b58e4b","[""read(\""user:6a86964f0006607bdd4f\"")""]","2026-08-20T06:01:28.490+00:00","2026-08-20T06:01:28.490+00:00","152558","false",
"6a86985cabd117fa8eda","[""read(\""user:6a8696d3720e3cd20061\"")""]","2026-08-20T06:02:04.848+00:00","2026-08-20T06:02:04.848+00:00","801512","false",
"6a86987b955a70868619","[""read(\""user:6a86964f0006607bdd4f\"")""]","2026-08-20T06:02:35.770+00:00","2026-08-20T06:02:35.770+00:00","835029","false",
"6a86989cf16c090f4e53","[""read(\""user:6a86964f0006607bdd4f\"")""]","2026-08-20T06:03:09.141+00:00","2026-08-20T06:03:09.141+00:00","047460","false",
"6a86989d6f31e8aabda6","[""read(\""user:6a8696d3720e3cd20061\"")""]","2026-08-20T06:03:09.605+00:00","2026-08-20T06:03:09.605+00:00","338484","false",
"6a8698b5140e55be443f","[""read(\""user:6a869714448b99da9e8e\"")""]","2026-08-20T06:03:33.235+00:00","2026-08-20T06:03:33.235+00:00","559885","false",
"6a8698b956a17ad9b627","[""read(\""user:6a86964f0006607bdd4f\"")""]","2026-08-20T06:03:37.499+00:00","2026-08-20T06:03:37.499+00:00","260822","false",
"6a8698d7513c9aac8342","[""read(\""user:6a8696d3720e3cd20061\"")""]","2026-08-20T06:04:07.485+00:00","2026-08-20T06:04:07.485+00:00","967690","false",
"6a86990a7bb0ede95e96","[""read(\""user:6a463115c5b4129d84ea\"")""]","2026-08-20T06:04:58.659+00:00","2026-08-20T06:04:58.659+00:00","230904","false",
"6a86995ea6f7e86db155","[""read(\""user:6a869714448b99da9e8e\"")""]","2026-08-20T06:06:22.969+00:00","2026-08-20T06:06:22.969+00:00","908761","false",
"6a8699624c111ab8dcbb","[""read(\""user:6a8691280038382a30a7\"")""]","2026-08-20T06:06:26.463+00:00","2026-08-20T06:06:26.463+00:00","767722","false",
"6a869969141f001cc3fe","[""read(\""user:6a463115c5b4129d84ea\"")""]","2026-08-20T06:06:33.244+00:00","2026-08-20T06:06:33.244+00:00","687299","false",
"6a8699b183e2176ee4ae","[""read(\""user:6a8696d3720e3cd20061\"")""]","2026-08-20T06:07:45.837+00:00","2026-08-20T06:07:45.837+00:00","334979","false",
"6a869a2b7faf1e1d6a9f","[""read(\""user:6a8699e6dda2760d72ac\"")""]","2026-08-20T06:09:47.681+00:00","2026-08-20T06:09:47.681+00:00","301609","false",
"6a869a4042c33c6874a9","[""read(\""user:6a5c6f643f8fb9d73d63\"")""]","2026-08-20T06:10:08.431+00:00","2026-08-20T06:10:08.431+00:00","682226","false",
"6a869b051b5628fdc544","[""read(\""user:6a5c6f643f8fb9d73d63\"")""]","2026-08-20T06:13:25.263+00:00","2026-08-20T06:13:25.263+00:00","204407","false",
"6a869b93415f8ba0c28d","[""read(\""user:69feb4a3a3fc98d6282f\"")""]","2026-08-20T06:15:47.566+00:00","2026-08-20T06:15:47.566+00:00","302499","false",
"6a869bda0d03cb5031e6","[""read(\""user:6a5c6f643f8fb9d73d63\"")""]","2026-08-20T06:16:58.272+00:00","2026-08-20T06:16:58.272+00:00","754206","false",
"6a869bde0f5bfc2e119e","[""read(\""user:69ef08cf9f60d0d7e52e\"")""]","2026-08-20T06:17:02.230+00:00","2026-08-20T06:17:02.230+00:00","048076","false",
"6a869c1d95c44137e25a","[""read(\""user:6a869ad8a3015b703473\"")""]","2026-08-20T06:18:05.949+00:00","2026-08-20T06:18:05.949+00:00","035628","false",
"6a869d32a2a757cd63e2","[""read(\""user:6a7d4fd85972e4865fb3\"")""]","2026-08-20T06:22:42.835+00:00","2026-08-20T06:22:42.835+00:00","576064","false",
"6a869de237fb80e29dba","[""read(\""user:6a869aef4a9d1007ef22\"")""]","2026-08-20T06:25:38.637+00:00","2026-08-20T06:25:38.637+00:00","697476","false",
"6a869dfaa50403cd27bb","[""read(\""user:6a869c7a596b5b74acb9\"")""]","2026-08-20T06:26:03.035+00:00","2026-08-20T06:26:03.035+00:00","396846","false",
"6a869e726975ca289791","[""read(\""user:6a869df52f50e5d77cfe\"")""]","2026-08-20T06:28:02.602+00:00","2026-08-20T06:28:02.602+00:00","646600","false",
"6a869f1a1fc07db8ca84","[""read(\""user:6a4649dd06d6c8ec7d6a\"")""]","2026-08-20T06:30:50.315+00:00","2026-08-20T06:30:50.315+00:00","152697","false",
"6a869f2bbbb85c915d44","[""read(\""user:6a869df52f50e5d77cfe\"")""]","2026-08-20T06:31:07.917+00:00","2026-08-20T06:31:07.917+00:00","574629","false",
"6a869f677654dbbe555f","[""read(\""user:69feb6eca61e283413af\"")""]","2026-08-20T06:32:07.638+00:00","2026-08-20T06:32:07.638+00:00","697696","false",
"6a86a02aac360e1c583c","[""read(\""user:6a869f7420d957bc4d97\"")""]","2026-08-20T06:35:22.882+00:00","2026-08-20T06:35:22.882+00:00","765197","false",
"6a86a15aa7d613ee401e","[""read(\""user:6a86a109803ab8891b22\"")""]","2026-08-20T06:40:26.853+00:00","2026-08-20T06:40:26.853+00:00","320966","false",
"6a86a292ed81ce176dcc","[""read(\""user:6a5c562770ee83348aef\"")""]","2026-08-20T06:45:39.123+00:00","2026-08-20T06:45:39.123+00:00","654168","false",
"6a86a2c07b656e74ecd3","[""read(\""user:6a86a24681e1bcf61740\"")""]","2026-08-20T06:46:24.666+00:00","2026-08-20T06:46:24.666+00:00","117781","false",
"6a86a2d2016ba3340970","[""read(\""user:6a869f7420d957bc4d97\"")""]","2026-08-20T06:46:42.591+00:00","2026-08-20T06:46:42.591+00:00","950614","false",
"6a86a2d8a467b76a0ce6","[""read(\""user:6a86a0ef01709692334c\"")""]","2026-08-20T06:46:48.832+00:00","2026-08-20T06:46:48.832+00:00","666964","false",
"6a86a2ed8667f07e8610","[""read(\""user:6a86a096b402b12209e1\"")""]","2026-08-20T06:47:09.696+00:00","2026-08-20T06:47:09.696+00:00","797535","false",
"6a86a3345718872d073c","[""read(\""user:6a869f7420d957bc4d97\"")""]","2026-08-20T06:48:20.511+00:00","2026-08-20T06:48:20.511+00:00","383589","false",
"6a86a346bf3d6e7ec3c4","[""read(\""user:6a7d4fd85972e4865fb3\"")""]","2026-08-20T06:48:38.932+00:00","2026-08-20T06:48:38.932+00:00","122764","false",
"6a86a3b6a3a98a633e48","[""read(\""user:69f3072a0c21a9ff21cd\"")""]","2026-08-20T06:50:30.825+00:00","2026-08-20T06:50:30.825+00:00","967715","false",
"6a86a3c557a8716980ff","[""read(\""user:69f3072a0c21a9ff21cd\"")""]","2026-08-20T06:50:45.568+00:00","2026-08-20T06:50:45.568+00:00","106177","false",
"6a86a3f53a9692c2b8cf","[""read(\""user:6a869bb273b8ea4734f0\"")""]","2026-08-20T06:51:33.393+00:00","2026-08-20T06:51:33.393+00:00","840239","false",
"6a86a5f0b7ce7e7826a6","[""read(\""user:69f3072a0c21a9ff21cd\"")""]","2026-08-20T07:00:00.897+00:00","2026-08-20T07:00:00.897+00:00","841127","false",
"6a86a63447dc94f44499","[""read(\""user:69fd5499574348cfeed3\"")""]","2026-08-20T07:01:08.442+00:00","2026-08-20T07:01:08.442+00:00","612331","false",
"6a86a64f67b672378e3e","[""read(\""user:69f3072a0c21a9ff21cd\"")""]","2026-08-20T07:01:35.621+00:00","2026-08-20T07:01:35.621+00:00","305707","false",
"6a86a6a5cd7c07b57e11","[""read(\""user:69fd5499574348cfeed3\"")""]","2026-08-20T07:03:03.270+00:00","2026-08-20T07:03:03.270+00:00","967031","false",
"6a86a706591ada597654","[""read(\""user:6a4f689e31e42deca0e7\"")""]","2026-08-20T07:04:38.627+00:00","2026-08-20T07:04:38.627+00:00","344260","false",
"6a86a708ac9f28216bba","[""read(\""user:6a86a66db47960de91f4\"")""]","2026-08-20T07:04:40.959+00:00","2026-08-20T07:04:40.959+00:00","689801","false",
"6a86a71f97b06e8486bf","[""read(\""user:6a4f689e31e42deca0e7\"")""]","2026-08-20T07:05:03.892+00:00","2026-08-20T07:05:03.892+00:00","123395","false",
"6a86a73675219e0f780b","[""read(\""user:6a86a663eae2f46268ac\"")""]","2026-08-20T07:05:26.907+00:00","2026-08-20T07:05:26.907+00:00","754192","false",
"6a86a78c5bb8d6101729","[""read(\""user:69fd5499574348cfeed3\"")""]","2026-08-20T07:06:52.544+00:00","2026-08-20T07:06:52.544+00:00","803806","false",
"6a86a79cad4cfd26c3e2","[""read(\""user:6a86a72b0028f32dac7f\"")""]","2026-08-20T07:07:09.146+00:00","2026-08-20T07:07:09.146+00:00","306882","false",
"6a86a7c41dfd0011d96d","[""read(\""user:6a4f689e31e42deca0e7\"")""]","2026-08-20T07:07:48.407+00:00","2026-08-20T07:07:48.407+00:00","347844","false",
"6a86a820bdb1813bb7fe","[""read(\""user:69fd5499574348cfeed3\"")""]","2026-08-20T07:09:20.945+00:00","2026-08-20T07:09:20.945+00:00","918613","false",
"6a86a860e4c3be04f5fe","[""read(\""user:6a0a89785316c62aeee4\"")""]","2026-08-20T07:10:25.099+00:00","2026-08-20T07:10:25.099+00:00","370843","false",
"6a86a86785fc88e65d11","[""read(\""user:6a0a89785316c62aeee4\"")""]","2026-08-20T07:10:31.716+00:00","2026-08-20T07:10:31.716+00:00","559379","false",
"6a86a86aed8a84e8914e","[""read(\""user:6a86a816000fbe611622\"")""]","2026-08-20T07:10:35.126+00:00","2026-08-20T07:10:35.126+00:00","223047","false",
"6a86a86ca214c4617c70","[""read(\""user:6a0a89785316c62aeee4\"")""]","2026-08-20T07:10:36.817+00:00","2026-08-20T07:10:36.817+00:00","107212","false",
"6a86a870391843c1d702","[""read(\""user:6a0a89785316c62aeee4\"")""]","2026-08-20T07:10:40.386+00:00","2026-08-20T07:10:40.386+00:00","616432","false",
"6a86a87309ce9ed3fea1","[""read(\""user:6a0a89785316c62aeee4\"")""]","2026-08-20T07:10:43.184+00:00","2026-08-20T07:10:43.184+00:00","361902","false",
"6a86a8767e6fd347a28a","[""read(\""user:6a0a89785316c62aeee4\"")""]","2026-08-20T07:10:46.677+00:00","2026-08-20T07:10:46.677+00:00","668566","false",
"6a86a87a55d52f919b37","[""read(\""user:6a0a89785316c62aeee4\"")""]","2026-08-20T07:10:50.509+00:00","2026-08-20T07:10:50.509+00:00","611639","false",
"6a86a87e21bb26f51850","[""read(\""user:6a0a89785316c62aeee4\"")""]","2026-08-20T07:10:54.286+00:00","2026-08-20T07:10:54.286+00:00","417824","false",
"6a86a8837f7e79dd4138","[""read(\""user:6a0a89785316c62aeee4\"")""]","2026-08-20T07:10:59.670+00:00","2026-08-20T07:10:59.670+00:00","202230","false",
"6a86a88a98319667a2b6","[""read(\""user:6a0a89785316c62aeee4\"")""]","2026-08-20T07:11:06.779+00:00","2026-08-20T07:11:06.779+00:00","063047","false",
"6a86a88f9f300bb6d023","[""read(\""user:6a0a89785316c62aeee4\"")""]","2026-08-20T07:11:11.787+00:00","2026-08-20T07:11:11.787+00:00","944929","false",
"6a86a893037b223d6cf1","[""read(\""user:6a0a89785316c62aeee4\"")""]","2026-08-20T07:11:15.167+00:00","2026-08-20T07:11:15.167+00:00","498467","false",
"6a86a8964b60d1c1d9c7","[""read(\""user:6a0a89785316c62aeee4\"")""]","2026-08-20T07:11:18.474+00:00","2026-08-20T07:11:18.474+00:00","577412","false",
"6a86a899cc5cf4bb1809","[""read(\""user:6a86a7d58eb53d7ad5f4\"")""]","2026-08-20T07:11:21.986+00:00","2026-08-20T07:11:21.986+00:00","004728","false",
"6a86a8c681300b80ce46","[""read(\""user:6a0a89785316c62aeee4\"")""]","2026-08-20T07:12:06.690+00:00","2026-08-20T07:12:06.690+00:00","242245","false",
"6a86a8ca6ead1c835bef","[""read(\""user:6a0a89785316c62aeee4\"")""]","2026-08-20T07:12:10.604+00:00","2026-08-20T07:12:10.604+00:00","587489","false",
"6a86a8cd5d0e9348943c","[""read(\""user:6a0a89785316c62aeee4\"")""]","2026-08-20T07:12:13.538+00:00","2026-08-20T07:12:13.538+00:00","139159","false",
"6a86a8cfd97ee80193d6","[""read(\""user:6a0a89785316c62aeee4\"")""]","2026-08-20T07:12:16.035+00:00","2026-08-20T07:12:16.035+00:00","400527","false",
"6a86a8d2e9329c7b0045","[""read(\""user:6a0a89785316c62aeee4\"")""]","2026-08-20T07:12:19.109+00:00","2026-08-20T07:12:19.109+00:00","574193","false",
"6a86a8d5abbf4bbe5ab0","[""read(\""user:6a0a89785316c62aeee4\"")""]","2026-08-20T07:12:21.848+00:00","2026-08-20T07:12:21.848+00:00","159215","false",
"6a86a8d8e401de4a6d1e","[""read(\""user:6a0a89785316c62aeee4\"")""]","2026-08-20T07:12:25.080+00:00","2026-08-20T07:12:25.080+00:00","548390","false",
"6a86a8daf2a96f7fe265","[""read(\""user:6a0a89785316c62aeee4\"")""]","2026-08-20T07:12:27.156+00:00","2026-08-20T07:12:27.156+00:00","253755","false",
"6a86a949de69f0ef9d9a","[""read(\""user:6a86a84100154c935290\"")""]","2026-08-20T07:14:19.056+00:00","2026-08-20T07:14:19.056+00:00","250722","false",
"6a86a978297af5ab5b7a","[""read(\""user:6a86a7d58eb53d7ad5f4\"")""]","2026-08-20T07:15:04.330+00:00","2026-08-20T07:15:04.330+00:00","823847","false",
"6a86a98d82084fa75794","[""read(\""user:6a86a7d58eb53d7ad5f4\"")""]","2026-08-20T07:15:25.703+00:00","2026-08-20T07:15:25.703+00:00","655292","false",
"6a86a999c411cf3c96fe","[""read(\""user:6a86a8dbd5d4b7c76369\"")""]","2026-08-20T07:15:37.960+00:00","2026-08-20T07:15:37.960+00:00","974809","false",
"6a86aa3c4267a34a5800","[""read(\""user:6a86a8dbd5d4b7c76369\"")""]","2026-08-20T07:18:20.422+00:00","2026-08-20T07:18:20.422+00:00","823366","false",
"6a86aa580df3082b96f2","[""read(\""user:6a86a8dbd5d4b7c76369\"")""]","2026-08-20T07:18:48.205+00:00","2026-08-20T07:18:48.205+00:00","655460","false",
"6a86aab7a9a80d638050","[""read(\""user:6a86aa380030ed3a5d45\"")""]","2026-08-20T07:20:23.845+00:00","2026-08-20T07:20:23.845+00:00","736153","false",
"6a86aabe9319f521d85c","[""read(\""user:6a0c2181473a4824e541\"")""]","2026-08-20T07:20:30.753+00:00","2026-08-20T07:20:30.753+00:00","678087","false",
"6a86aad34115d09da17c","[""read(\""user:6a86aa380030ed3a5d45\"")""]","2026-08-20T07:20:51.489+00:00","2026-08-20T07:20:51.489+00:00","245517","false",
"6a86aae50af32f08440e","[""read(\""user:6a86aa5126d35d1d78e1\"")""]","2026-08-20T07:21:09.208+00:00","2026-08-20T07:21:09.208+00:00","560781","false",
"6a86aaf57b78f3f5a3c8","[""read(\""user:6a0c2181473a4824e541\"")""]","2026-08-20T07:21:25.647+00:00","2026-08-20T07:21:25.647+00:00","551905","false",
"6a86ab01b3028d2778be","[""read(\""user:6a7da3ff0007d0e92cfe\"")""]","2026-08-20T07:21:37.888+00:00","2026-08-20T07:21:37.888+00:00","574326","false",
"6a86abf50ae3855beee6","[""read(\""user:6a1ac42ca7a98f40fdbc\"")""]","2026-08-20T07:25:41.208+00:00","2026-08-20T07:25:41.208+00:00","045170","false",
"6a86ac5b80032988e4fd","[""read(\""user:6a84261dd2d690e31d77\"")""]","2026-08-20T07:27:23.679+00:00","2026-08-20T07:27:23.679+00:00","193241","false",
"6a86ac5ca439b9f11c23","[""read(\""user:6a1ac42ca7a98f40fdbc\"")""]","2026-08-20T07:27:24.963+00:00","2026-08-20T07:27:24.963+00:00","557711","false",
"6a86ad19668f2b370cad","[""read(\""user:6a55fd4429b42a6f1607\"")""]","2026-08-20T07:30:33.624+00:00","2026-08-20T07:30:33.624+00:00","746886","false",
"6a86ad196f9e546fae3d","[""read(\""user:6a86acd55a8fec3005cb\"")""]","2026-08-20T07:30:33.669+00:00","2026-08-20T07:30:33.669+00:00","970894","false",
"6a86adcf77acdeed5838","[""read(\""user:69fc05597e9701e422f5\"")""]","2026-08-20T07:33:35.644+00:00","2026-08-20T07:33:35.644+00:00","416928","false",
"6a86af1437df1098f688","[""read(\""user:69eaf117ed7db18568f7\"")""]","2026-08-20T07:39:00.505+00:00","2026-08-20T07:39:00.505+00:00","878203","false",
"6a86afa430215c9dba7b","[""read(\""user:69eaf117ed7db18568f7\"")""]","2026-08-20T07:41:24.362+00:00","2026-08-20T07:41:24.362+00:00","855492","false",
"6a86aff7785fd18e5418","[""read(\""user:6a0a89785316c62aeee4\"")""]","2026-08-20T07:42:47.666+00:00","2026-08-20T07:42:47.666+00:00","442119","false",
"6a86b00d57fe2ccf26ca","[""read(\""user:6a0a89785316c62aeee4\"")""]","2026-08-20T07:43:09.550+00:00","2026-08-20T07:43:09.550+00:00","086414","false",
"6a86b00f06c69b4e2020","[""read(\""user:6a86af21001d9a3f39ae\"")""]","2026-08-20T07:43:11.219+00:00","2026-08-20T07:43:11.219+00:00","909928","false",
"6a86b0468095ab3605a9","[""read(\""user:6a4f51ee66fe655990fb\"")""]","2026-08-20T07:44:06.701+00:00","2026-08-20T07:44:06.701+00:00","077547","false",
"6a86b063b79c1b9eb54e","[""read(\""user:6a72e797002ae7c5f19a\"")""]","2026-08-20T07:44:35.963+00:00","2026-08-20T07:44:35.963+00:00","231650","false",
"6a86b06bcf770cc4c677","[""read(\""user:6a72e797002ae7c5f19a\"")""]","2026-08-20T07:44:44.080+00:00","2026-08-20T07:44:44.080+00:00","878931","false",
"6a86b0afc9c0122dcd05","[""read(\""user:6a587501ea58a4239b6c\"")""]","2026-08-20T07:45:52.003+00:00","2026-08-20T07:45:52.003+00:00","142111","false",
"6a86b0fd9672d36dec5f","[""read(\""user:6a86b099107f758cf82a\"")""]","2026-08-20T07:47:09.773+00:00","2026-08-20T07:47:09.773+00:00","547611","false",
"6a86b0fd971732047bc6","[""read(\""user:6a86b099107f758cf82a\"")""]","2026-08-20T07:47:09.779+00:00","2026-08-20T07:47:09.779+00:00","786951","false",
"6a86b0fda1b6fb86e2d9","[""read(\""user:6a86b099107f758cf82a\"")""]","2026-08-20T07:47:09.857+00:00","2026-08-20T07:47:09.857+00:00","049177","false",
"6a86b140e1162476855b","[""read(\""user:6a053cdb3042d94db285\"")""]","2026-08-20T07:48:17.110+00:00","2026-08-20T07:48:17.110+00:00","214041","false",
"6a86b1631bad17843ecd","[""read(\""user:6a86b06d8d6860baadb3\"")""]","2026-08-20T07:48:51.378+00:00","2026-08-20T07:48:51.378+00:00","239634","false",
"6a86b16481f5476d018f","[""read(\""user:6a053cdb3042d94db285\"")""]","2026-08-20T07:48:52.879+00:00","2026-08-20T07:48:52.879+00:00","787674","false",
"6a86b1ce3e96b920ff5b","[""read(\""user:6a053cdb3042d94db285\"")""]","2026-08-20T07:50:38.458+00:00","2026-08-20T07:50:38.458+00:00","543608","false",
"6a86b236aa9da033d6e9","[""read(\""user:69f1cb60002884f81083\"")""]","2026-08-20T07:52:23.713+00:00","2026-08-20T07:52:23.713+00:00","619508","false",
"6a86b35080824fb7f5ef","[""read(\""user:6a5c79b50009c96eaf71\"")""]","2026-08-20T07:57:04.670+00:00","2026-08-20T07:57:04.670+00:00","359788","false",
"6a86b38f9de9c54f05cf","[""read(\""user:6a54a9f60004735f26d9\"")""]","2026-08-20T07:58:07.844+00:00","2026-08-20T07:58:07.844+00:00","107560","false",
"6a86b39aa4060bd242e7","[""read(\""user:6a5db06b001b9ecb366c\"")""]","2026-08-20T07:58:18.866+00:00","2026-08-20T07:58:18.866+00:00","241819","false",
"6a86b41a88e7a1636328","[""read(\""user:6a86b3e32fb865a4f84f\"")""]","2026-08-20T08:00:26.710+00:00","2026-08-20T08:00:26.710+00:00","031935","false",
"6a86b4c9c2f0ad31a4bf","[""read(\""user:6a854041621618695b5a\"")""]","2026-08-20T08:03:21.966+00:00","2026-08-20T08:03:21.966+00:00","216484","false",
"6a86b59e0a4a46cde39c","[""read(\""user:6a86b504003593635452\"")""]","2026-08-20T08:06:54.193+00:00","2026-08-20T08:06:54.193+00:00","355662","false",
"6a86b5cee18d5474667f","[""read(\""user:69eadae26e0781e47cbe\"")""]","2026-08-20T08:07:43.078+00:00","2026-08-20T08:07:43.078+00:00","764822","false",
"6a86b71d7548a2cf9369","[""read(\""user:6a8691280038382a30a7\"")""]","2026-08-20T08:13:17.649+00:00","2026-08-20T08:13:17.649+00:00","249572","false",
"6a86b72ab53e08601328","[""read(\""user:6a8691280038382a30a7\"")""]","2026-08-20T08:13:30.896+00:00","2026-08-20T08:13:30.896+00:00","412667","false",
"6a86b736f3154677e6e2","[""read(\""user:6a86b69d001a9ea43655\"")""]","2026-08-20T08:13:43.226+00:00","2026-08-20T08:13:43.226+00:00","341494","false",
"6a86b84ddd744fe68c65","[""read(\""user:6a86b3e32fb865a4f84f\"")""]","2026-08-20T08:18:22.076+00:00","2026-08-20T08:18:22.076+00:00","595982","false",
"6a86b87e7b51fccf79d0","[""read(\""user:6a86b7cb88522cc618ec\"")""]","2026-08-20T08:19:10.722+00:00","2026-08-20T08:19:10.722+00:00","182745","false",
"6a86b894e5b7e41a8ecf","[""read(\""user:6a86b7cb88522cc618ec\"")""]","2026-08-20T08:19:33.109+00:00","2026-08-20T08:19:33.109+00:00","000726","false",
"6a86b8b1e74e9ec7f80b","[""read(\""user:6a86b7cb88522cc618ec\"")""]","2026-08-20T08:20:02.181+00:00","2026-08-20T08:20:02.181+00:00","413103","false",
"6a86b8cf310da940595a","[""read(\""user:6a86b7cb88522cc618ec\"")""]","2026-08-20T08:20:31.350+00:00","2026-08-20T08:20:31.350+00:00","656820","false",
"6a86b99ccf2638371856","[""read(\""user:6a86b8e4982637329d7f\"")""]","2026-08-20T08:23:57.002+00:00","2026-08-20T08:23:57.002+00:00","122369","false",
"6a86ba247871e1cb67ab","[""read(\""user:6a86b3e32fb865a4f84f\"")""]","2026-08-20T08:26:12.902+00:00","2026-08-20T08:26:12.902+00:00","908266","false",
"6a86ba39e741baf3b0d3","[""read(\""user:6a07ec74b880a6128629\"")""]","2026-08-20T08:26:34.179+00:00","2026-08-20T08:26:34.179+00:00","212561","false",
"6a86bbdc3b7e59f24d0a","[""read(\""user:6a86bb23d404234f5fad\"")""]","2026-08-20T08:33:32.394+00:00","2026-08-20T08:33:32.394+00:00","169810","false",
"6a86bc0bb643b6de946e","[""read(\""user:6a75a55b8bfeb61ee289\"")""]","2026-08-20T08:34:20.007+00:00","2026-08-20T08:34:20.007+00:00","424421","false",
"6a86bc43c5eef98e814a","[""read(\""user:6a86aa380030ed3a5d45\"")""]","2026-08-20T08:35:15.968+00:00","2026-08-20T08:35:15.968+00:00","924917","false",
"6a86bcf6275461f7ac6b","[""read(\""user:6a85ab1880ce0add4eb6\"")""]","2026-08-20T08:38:14.306+00:00","2026-08-20T08:38:14.306+00:00","631236","false",
"6a86bd2a9891e3f3a94f","[""read(\""user:6a86bb23d404234f5fad\"")""]","2026-08-20T08:39:06.778+00:00","2026-08-20T08:39:06.778+00:00","315276","false",
"6a86be37cd740a704c48","[""read(\""user:6a86aa380030ed3a5d45\"")""]","2026-08-20T08:43:36.012+00:00","2026-08-20T08:43:36.012+00:00","144456","false",
"6a86bf5757b1fff86d1a","[""read(\""user:6a86bec4bea7817ef548\"")""]","2026-08-20T08:48:23.558+00:00","2026-08-20T08:48:23.558+00:00","243698","false",
"6a86bf69075740f809ac","[""read(\""user:6a86bec4bea7817ef548\"")""]","2026-08-20T08:48:41.188+00:00","2026-08-20T08:48:41.188+00:00","109932","false",
"6a86c10a9ee8bf6a2ddc","[""read(\""user:6a86c01bbdb08768a357\"")""]","2026-08-20T08:55:38.914+00:00","2026-08-20T08:55:38.914+00:00","514772","false",
"6a86c22da2fe9cac6276","[""read(\""user:6a86bec4bea7817ef548\"")""]","2026-08-20T09:00:29.866+00:00","2026-08-20T09:00:29.866+00:00","507644","false",
"6a86c23dafd0ad423c9e","[""read(\""user:6a86bec4bea7817ef548\"")""]","2026-08-20T09:00:45.877+00:00","2026-08-20T09:00:45.877+00:00","813429","false",
"6a86c27b3a96794c3b82","[""read(\""user:6a86c1be174eb5fd462a\"")""]","2026-08-20T09:01:47.410+00:00","2026-08-20T09:01:47.410+00:00","385844","false",
"6a86c2b52fb7d48b7c9b","[""read(\""user:6a0fcf20887064a04307\"")""]","2026-08-20T09:02:45.352+00:00","2026-08-20T09:02:45.352+00:00","021038","false",
"6a86c5a5c0e386658b83","[""read(\""user:6a54a9f60004735f26d9\"")""]","2026-08-20T09:15:18.059+00:00","2026-08-20T09:15:18.059+00:00","461985","false",
"6a86c645670bb38d372a","[""read(\""user:69b0040108f2d205a57b\"")""]","2026-08-20T09:17:57.577+00:00","2026-08-20T09:17:57.577+00:00","941449","false",
"6a86c74a12916f79b486","[""read(\""user:6a86b099107f758cf82a\"")""]","2026-08-20T09:22:18.454+00:00","2026-08-20T09:22:18.454+00:00","987693","false",
"6a86c7a0a6fdcbd500b1","[""read(\""user:69b0040108f2d205a57b\"")""]","2026-08-20T09:23:44.831+00:00","2026-08-20T09:23:44.831+00:00","687493","false",
"6a86c7b062d66508aabf","[""read(\""user:6a5f1db01acc129408b6\"")""]","2026-08-20T09:24:00.586+00:00","2026-08-20T09:24:00.586+00:00","455391","false",
"6a86c806b8e488c514ba","[""read(\""user:6a15558de9591f58efec\"")""]","2026-08-20T09:25:26.971+00:00","2026-08-20T09:25:26.971+00:00","066581","false",
"6a86c8654e42890baf59","[""read(\""user:6a1ac42ca7a98f40fdbc\"")""]","2026-08-20T09:27:02.663+00:00","2026-08-20T09:27:02.663+00:00","873499","false",
"6a86c883d7b04b83915e","[""read(\""user:6a0eb770e48c66c1fa5b\"")""]","2026-08-20T09:27:32.358+00:00","2026-08-20T09:27:32.358+00:00","872677","false",
"6a86c88f5018996ae3dc","[""read(\""user:6a15558de9591f58efec\"")""]","2026-08-20T09:27:43.537+00:00","2026-08-20T09:27:43.537+00:00","798265","false",
"6a86c8ea12faf92d2799","[""read(\""user:6a15558de9591f58efec\"")""]","2026-08-20T09:29:14.263+00:00","2026-08-20T09:29:14.263+00:00","196974","false",
"6a86c8fdc93d7a304d64","[""read(\""user:6a86c8b05e603ead810e\"")""]","2026-08-20T09:29:34.131+00:00","2026-08-20T09:29:34.131+00:00","158446","false",
"6a86c938318cb401f286","[""read(\""user:6a0eb770e48c66c1fa5b\"")""]","2026-08-20T09:30:33.082+00:00","2026-08-20T09:30:33.082+00:00","607313","false",
"6a86c94030e0b3a8c3a4","[""read(\""user:6a86b099107f758cf82a\"")""]","2026-08-20T09:30:40.542+00:00","2026-08-20T09:30:40.542+00:00","506452","false",
"6a86c95875ba9772f0ce","[""read(\""user:6a0eb770e48c66c1fa5b\"")""]","2026-08-20T09:31:04.696+00:00","2026-08-20T09:31:04.696+00:00","441747","false",
"6a86c9efa517d1a0dbf0","[""read(\""user:6a1ac42ca7a98f40fdbc\"")""]","2026-08-20T09:33:35.832+00:00","2026-08-20T09:33:35.832+00:00","401095","false",
"6a86c9ff0d555354e22e","[""read(\""user:6a86c965002ea338b9f8\"")""]","2026-08-20T09:33:51.388+00:00","2026-08-20T09:33:51.388+00:00","740724","false",
"6a86ca354b6068773e99","[""read(\""user:69b0040108f2d205a57b\"")""]","2026-08-20T09:34:45.573+00:00","2026-08-20T09:34:45.573+00:00","252393","false",
"6a86ca66071a06dd535c","[""read(\""user:6a7ada2ba4a4248ef5a5\"")""]","2026-08-20T09:35:34.182+00:00","2026-08-20T09:35:34.182+00:00","013243","false",
"6a86cb7fdd762209b253","[""read(\""user:6a5c68021d097bea87c2\"")""]","2026-08-20T09:40:16.056+00:00","2026-08-20T09:40:16.056+00:00","207001","false",
"6a86cbb6494f5b97e83a","[""read(\""user:69b0040108f2d205a57b\"")""]","2026-08-20T09:41:10.491+00:00","2026-08-20T09:41:10.491+00:00","694174","false",
"6a86cc5a4920f8c58889","[""read(\""user:69b0040108f2d205a57b\"")""]","2026-08-20T09:43:54.458+00:00","2026-08-20T09:43:54.458+00:00","322457","false",
"6a86cca10a9341c61a1c","[""read(\""user:6a670ce22486691daba4\"")""]","2026-08-20T09:45:05.296+00:00","2026-08-20T09:45:05.296+00:00","565260","false",
"6a86cd6b66cd26590ac0","[""read(\""user:6a86cccb001f12277586\"")""]","2026-08-20T09:48:27.632+00:00","2026-08-20T09:48:27.632+00:00","092180","false",
"6a86cecae6006b86e4a1","[""read(\""user:6a574954681080445069\"")""]","2026-08-20T09:54:19.110+00:00","2026-08-20T09:54:19.110+00:00","889742","false",
"6a86d026abdbc8998637","[""read(\""user:69b0040108f2d205a57b\"")""]","2026-08-20T10:00:06.971+00:00","2026-08-20T10:00:06.971+00:00","498313","false",
"6a86d123d4972faee6f4","[""read(\""user:6a51bf13e9d7d4fc657d\"")""]","2026-08-20T10:04:20.024+00:00","2026-08-20T10:04:20.024+00:00","593339","false",
"6a86d18cef121a1892fd","[""read(\""user:69b0040108f2d205a57b\"")""]","2026-08-20T10:06:05.149+00:00","2026-08-20T10:06:05.149+00:00","618623","false",
"6a86d1dc0ac1d636d14b","[""read(\""user:6a86d18db56344594fad\"")""]","2026-08-20T10:07:24.201+00:00","2026-08-20T10:07:24.201+00:00","962013","false",
"6a86d1f9488deb7580f2","[""read(\""user:6a86d197da2d03a04f4a\"")""]","2026-08-20T10:07:53.442+00:00","2026-08-20T10:07:53.442+00:00","245728","false",
"6a86d2fa9817ff62d8f3","[""read(\""user:6a5c682a00011a7d6baf\"")""]","2026-08-20T10:12:10.774+00:00","2026-08-20T10:12:10.774+00:00","005517","false",
"6a86d3482359ddd10f89","[""read(\""user:6a5c6918003b551a7e98\"")""]","2026-08-20T10:13:28.302+00:00","2026-08-20T10:13:28.302+00:00","885405","false",
"6a86d3af4f71a51dd667","[""read(\""user:6a5c6918003b551a7e98\"")""]","2026-08-20T10:15:11.481+00:00","2026-08-20T10:15:11.481+00:00","179962","false",
"6a86d3b53549d91f5308","[""read(\""user:6a86d2b5000bfd168015\"")""]","2026-08-20T10:15:17.365+00:00","2026-08-20T10:15:17.365+00:00","545055","false",
"6a86d444b5e1a56f9cfe","[""read(\""user:6a86d2b5000bfd168015\"")""]","2026-08-20T10:17:40.901+00:00","2026-08-20T10:17:40.901+00:00","585779","false",
"6a86d4da31bc3a950b2e","[""read(\""user:6a5b4142000486422320\"")""]","2026-08-20T10:20:10.660+00:00","2026-08-20T10:20:10.660+00:00","098886","false",
"6a86d51f87877c440a89","[""read(\""user:6a8691882fdb22b20a4d\"")""]","2026-08-20T10:21:20.062+00:00","2026-08-20T10:21:20.062+00:00","769352","false",
"6a86d59d9d24083dbc55","[""read(\""user:6a5da13c6fb2ab443721\"")""]","2026-08-20T10:23:26.063+00:00","2026-08-20T10:23:26.063+00:00","987758","false",
"6a86d6dd3550b4c568ed","[""read(\""user:6a86d600592d0cd79eeb\"")""]","2026-08-20T10:28:45.353+00:00","2026-08-20T10:28:45.353+00:00","264467","false",
"6a86d71e642872311d6a","[""read(\""user:6a5c66ee02658cb55d5e\"")""]","2026-08-20T10:29:50.556+00:00","2026-08-20T10:29:50.556+00:00","995047","false",
"6a86dbe45c5ebe712c7d","[""read(\""user:6a86db450038ddcd2ed5\"")""]","2026-08-20T10:50:12.529+00:00","2026-08-20T10:50:12.529+00:00","568867","false",
"6a86ddb3b2af651f4e27","[""read(\""user:6a86a84100154c935290\"")""]","2026-08-20T10:57:55.879+00:00","2026-08-20T10:57:55.879+00:00","209414","false",
"6a86e0a13459d1a43b44","[""read(\""user:6a86dfbf2a55fcccc382\"")""]","2026-08-20T11:10:25.364+00:00","2026-08-20T11:10:25.364+00:00","283112","false",
"6a86e1a5db2f7dab7d78","[""read(\""user:6a080ca5743adc79ec43\"")""]","2026-08-20T11:14:46.040+00:00","2026-08-20T11:14:46.040+00:00","097991","false",
"6a86e34d9ee62b69ae31","[""read(\""user:6a157059a2faf267272f\"")""]","2026-08-20T11:21:49.798+00:00","2026-08-20T11:21:49.798+00:00","023751","false",
"6a86e3ac57a8f8ee3da0","[""read(\""user:6a157059a2faf267272f\"")""]","2026-08-20T11:23:24.501+00:00","2026-08-20T11:23:24.501+00:00","619277","false",
"6a86e4a5b5d4aab45428","[""read(\""user:6a86e438133e3145ce6a\"")""]","2026-08-20T11:27:33.887+00:00","2026-08-20T11:27:33.887+00:00","564040","false",
"6a86e535a6f63243f76e","[""read(\""user:6a86e3b94da61b7ed734\"")""]","2026-08-20T11:29:57.827+00:00","2026-08-20T11:29:57.827+00:00","612628","false",
"6a86e5548aaedf2b560e","[""read(\""user:6a86e3b94da61b7ed734\"")""]","2026-08-20T11:30:28.720+00:00","2026-08-20T11:30:28.720+00:00","064443","false",
"6a86edfb185227560c3b","[""read(\""user:6a844d306f57d85ae840\"")""]","2026-08-20T12:07:23.240+00:00","2026-08-20T12:07:23.240+00:00","783769","false",
"6a86ef1315ca496dea5b","[""read(\""user:6a86ee0c0021abcd33e1\"")""]","2026-08-20T12:12:03.226+00:00","2026-08-20T12:12:03.226+00:00","478091","false",
"6a86f6a7947ad6a951ab","[""read(\""user:6a86f55b003bc2233173\"")""]","2026-08-20T12:44:23.942+00:00","2026-08-20T12:44:23.942+00:00","210312","false",
"6a86f6bd2d2874d7a8ee","[""read(\""user:6a86f55b003bc2233173\"")""]","2026-08-20T12:44:45.533+00:00","2026-08-20T12:44:45.533+00:00","601984","false",
"6a86fb8b5f7574d2c0d5","[""read(\""user:6a0ae6a42b068b2d2f5a\"")""]","2026-08-20T13:05:15.584+00:00","2026-08-20T13:05:15.584+00:00","293729","false",
"6a86fca4e85fa9201ec5","[""read(\""user:6a86ee0c0021abcd33e1\"")""]","2026-08-20T13:09:57.096+00:00","2026-08-20T13:09:57.096+00:00","205363","false",
"6a87008db36f85ed622e","[""read(\""user:6a0ae6a42b068b2d2f5a\"")""]","2026-08-20T13:26:37.887+00:00","2026-08-20T13:26:37.887+00:00","446618","false",
"6a8716d464c897fdf723","[""read(\""user:6a8678911546f67a6f64\"")""]","2026-08-20T15:01:40.546+00:00","2026-08-20T15:01:40.546+00:00","117929","false",
"6a8717407ef63c40763f","[""read(\""user:6a847dc1003281f1a7f9\"")""]","2026-08-20T15:03:28.660+00:00","2026-08-20T15:03:28.660+00:00","286699","false",
"6a87ba077a083aa3005f","[""read(\""user:6a15558de9591f58efec\"")""]","2026-08-21T02:37:59.642+00:00","2026-08-21T02:37:59.642+00:00","500186","false",
"6a87c04fd16d267da58e","[""read(\""user:6a87bfa45555233c0e78\"")""]","2026-08-21T03:04:47.999+00:00","2026-08-21T03:04:47.999+00:00","859536","false",
"6a87c0af934d1f87a40a","[""read(\""user:6a82c8dd699dd36b6f3a\"")""]","2026-08-21T03:06:23.746+00:00","2026-08-21T03:06:23.746+00:00","672015","false",
"6a87c17ee36871c22276","[""read(\""user:6a82c8dd699dd36b6f3a\"")""]","2026-08-21T03:09:51.081+00:00","2026-08-21T03:09:51.081+00:00","517709","false",
"6a87c1a245ac2c6f20b7","[""read(\""user:6a51f29f0d8f93c70b45\"")""]","2026-08-21T03:10:26.431+00:00","2026-08-21T03:10:26.431+00:00","600545","false",
"6a87c1a3bfe7bdfec5d8","[""read(\""user:6a850914d8ce926a268a\"")""]","2026-08-21T03:10:27.935+00:00","2026-08-21T03:10:27.935+00:00","400002","false",
"6a87c1ede20a745497c6","[""read(\""user:6a858946c87563edeb8e\"")""]","2026-08-21T03:11:42.074+00:00","2026-08-21T03:11:42.074+00:00","514598","false",
"6a87c28bc517ecb683e0","[""read(\""user:6a15558de9591f58efec\"")""]","2026-08-21T03:14:19.957+00:00","2026-08-21T03:14:19.957+00:00","940257","false",
"6a87c2fbddf4ea94a05e","[""read(\""user:6a850914d8ce926a268a\"")""]","2026-08-21T03:16:12.060+00:00","2026-08-21T03:16:12.060+00:00","872265","false",
"6a87c51ab1ec58fdd061","[""read(\""user:69f2e754094b7f14fb6a\"")""]","2026-08-21T03:25:14.874+00:00","2026-08-21T03:25:14.874+00:00","618720","false",
"6a87c5576cbb0349d289","[""read(\""user:6a72ff50dea52d31f569\"")""]","2026-08-21T03:26:15.594+00:00","2026-08-21T03:26:15.594+00:00","324361","false",
"6a87c611f10801b3c0a1","[""read(\""user:6a72ff50dea52d31f569\"")""]","2026-08-21T03:29:22.133+00:00","2026-08-21T03:29:22.133+00:00","849600","false",
"6a87c7cf3a672ba35e3b","[""read(\""user:6a855a14f0deabcc7d59\"")""]","2026-08-21T03:36:47.382+00:00","2026-08-21T03:36:47.382+00:00","302050","false",
"6a87c93929d4e3e9f833","[""read(\""user:6a8678911546f67a6f64\"")""]","2026-08-21T03:42:49.319+00:00","2026-08-21T03:42:49.319+00:00","516560","false",
"6a87ca134b45bd182c61","[""read(\""user:6a8678911546f67a6f64\"")""]","2026-08-21T03:46:27.454+00:00","2026-08-21T03:46:27.454+00:00","617978","false",
"6a87ca56281c4299524d","[""read(\""user:6a87c9e8cc0afb0d9417\"")""]","2026-08-21T03:47:34.309+00:00","2026-08-21T03:47:34.309+00:00","079356","false",
"6a87cec86e973763fd8c","[""read(\""user:6a83dd69f1f60c6f25a6\"")""]","2026-08-21T04:06:32.598+00:00","2026-08-21T04:06:32.598+00:00","051598","false",
"6a87cf4f202c41f3119b","[""read(\""user:6a87cec2000b20110672\"")""]","2026-08-21T04:08:47.277+00:00","2026-08-21T04:08:47.277+00:00","759077","false",
"6a87d2ad90d31a209bfe","[""read(\""user:6a87cec2000b20110672\"")""]","2026-08-21T04:23:09.741+00:00","2026-08-21T04:23:09.741+00:00","366189","false",
"6a87d8a3dc056c08b775","[""read(\""user:6a83e6d5000baa6d990f\"")""]","2026-08-21T04:48:36.131+00:00","2026-08-21T04:48:36.131+00:00","628251","false",
"6a87da5adbab0bcbb751","[""read(\""user:6a87da1d89af00487905\"")""]","2026-08-21T04:55:55.044+00:00","2026-08-21T04:55:55.044+00:00","347683","false",
"6a87db25a364034f126d","[""read(\""user:6a87da1d89af00487905\"")""]","2026-08-21T04:59:17.828+00:00","2026-08-21T04:59:17.828+00:00","329458","false",
"6a87dcccbd1fedda5055","[""read(\""user:6a844d306f57d85ae840\"")""]","2026-08-21T05:06:20.933+00:00","2026-08-21T05:06:20.933+00:00","880358","false",
"6a87dd285b9b28933f96","[""read(\""user:6a87dce2e334a8ae7716\"")""]","2026-08-21T05:07:52.530+00:00","2026-08-21T05:07:52.530+00:00","341840","false",
"6a87de0d1c467566cb71","[""read(\""user:69eb339e3fb5bd4ee84a\"")""]","2026-08-21T05:11:41.268+00:00","2026-08-21T05:11:41.268+00:00","922397","false",
"6a87de1019d43acfa5ac","[""read(\""user:69fd5499574348cfeed3\"")""]","2026-08-21T05:11:44.258+00:00","2026-08-21T05:11:44.258+00:00","808447","false",
"6a87de43653a6fe892c2","[""read(\""user:69eb109d4ed7084cc25f\"")""]","2026-08-21T05:12:35.573+00:00","2026-08-21T05:12:35.573+00:00","317226","false",
"6a87de5203b43bd3e9d2","[""read(\""user:69eb109d4ed7084cc25f\"")""]","2026-08-21T05:12:50.164+00:00","2026-08-21T05:12:50.164+00:00","733113","false",
"6a87de60858b7ffd62f4","[""read(\""user:69fd5499574348cfeed3\"")""]","2026-08-21T05:13:04.700+00:00","2026-08-21T05:13:04.700+00:00","012528","false",
"6a87de64e9277c36108b","[""read(\""user:6a758d500031c80f2002\"")""]","2026-08-21T05:13:09.125+00:00","2026-08-21T05:13:09.125+00:00","419542","false",
"6a87de6b910cda535a5c","[""read(\""user:6a1663aadf669507fda2\"")""]","2026-08-21T05:13:15.779+00:00","2026-08-21T05:13:15.779+00:00","333200","false",
"6a87dea4c160f227bb6a","[""read(\""user:69eaf117ed7db18568f7\"")""]","2026-08-21T05:14:12.950+00:00","2026-08-21T05:14:12.950+00:00","130155","false",
"6a87df26b257a4e76f14","[""read(\""user:6a87de835603d27c8608\"")""]","2026-08-21T05:16:22.882+00:00","2026-08-21T05:16:22.882+00:00","621693","false",
"6a87df2eee8d2cf7c144","[""read(\""user:6a115452c346a1b69b95\"")""]","2026-08-21T05:16:31.139+00:00","2026-08-21T05:16:31.139+00:00","029364","false",
"6a87df52b76e68feeba0","[""read(\""user:69f04e47026804d601cd\"")""]","2026-08-21T05:17:06.983+00:00","2026-08-21T05:17:06.983+00:00","002156","false",
"6a87dfa11a560d95f09e","[""read(\""user:6a756939003d20180e13\"")""]","2026-08-21T05:18:25.259+00:00","2026-08-21T05:18:25.259+00:00","053573","false",
"6a87dfd266a6f5f292b8","[""read(\""user:69f04e47026804d601cd\"")""]","2026-08-21T05:19:14.574+00:00","2026-08-21T05:19:14.574+00:00","338475","false",
"6a87e02bc7c60c4b4cfe","[""read(\""user:69fc2c901607b46edac1\"")""]","2026-08-21T05:20:43.970+00:00","2026-08-21T05:20:43.970+00:00","669648","false",
"6a87e03f12fb30b1bbf1","[""read(\""user:6a756939003d20180e13\"")""]","2026-08-21T05:21:03.229+00:00","2026-08-21T05:21:03.229+00:00","732084","false",
"6a87e0d490ee97613a39","[""read(\""user:6a756939003d20180e13\"")""]","2026-08-21T05:23:32.740+00:00","2026-08-21T05:23:32.740+00:00","835169","false",
"6a87e118c3e1b93e048f","[""read(\""user:6a756939003d20180e13\"")""]","2026-08-21T05:24:40.969+00:00","2026-08-21T05:24:40.969+00:00","323407","false",
"6a87e1790dfe13825d52","[""read(\""user:6a756939003d20180e13\"")""]","2026-08-21T05:26:17.277+00:00","2026-08-21T05:26:17.277+00:00","338631","false",
"6a87e34e60d694556632","[""read(\""user:6a869c7a596b5b74acb9\"")""]","2026-08-21T05:34:06.572+00:00","2026-08-21T05:34:06.572+00:00","273373","false",
"6a87e40badf50bbd9d1c","[""read(\""user:6a86a3c19fe397490983\"")""]","2026-08-21T05:37:15.868+00:00","2026-08-21T05:37:15.868+00:00","925393","false",
"6a87e47979a81ae1d145","[""read(\""user:69f2cffc29d64240f963\"")""]","2026-08-21T05:39:05.657+00:00","2026-08-21T05:39:05.657+00:00","682618","false",
"6a87e4c4f142978122d9","[""read(\""user:6a87e467001254eca0d1\"")""]","2026-08-21T05:40:21.180+00:00","2026-08-21T05:40:21.180+00:00","325289","false",
"6a87e4c57d7d38fb1804","[""read(\""user:69fac2e0eca1e87535f0\"")""]","2026-08-21T05:40:21.667+00:00","2026-08-21T05:40:21.667+00:00","073666","false",
"6a87e6895284fc8d0914","[""read(\""user:6a87e50fc23ec771ca70\"")""]","2026-08-21T05:47:53.477+00:00","2026-08-21T05:47:53.477+00:00","818419","false",
"6a87e6acba4e1b7f645f","[""read(\""user:6a87e50fc23ec771ca70\"")""]","2026-08-21T05:48:28.968+00:00","2026-08-21T05:48:28.968+00:00","070223","false",
"6a87e6b672333d795cd9","[""read(\""user:6a51c99a7ad9690239f2\"")""]","2026-08-21T05:48:38.612+00:00","2026-08-21T05:48:38.612+00:00","423144","false",
"6a87e6da9a7a66c9565d","[""read(\""user:6a51c99a7ad9690239f2\"")""]","2026-08-21T05:49:14.773+00:00","2026-08-21T05:49:14.773+00:00","740512","false",
"6a87e6dd39df6cc1be8c","[""read(\""user:6a86a3c19fe397490983\"")""]","2026-08-21T05:49:17.380+00:00","2026-08-21T05:49:17.380+00:00","048047","false",
"6a87e72b9bf96f8021f1","[""read(\""user:6a87e50fc23ec771ca70\"")""]","2026-08-21T05:50:35.784+00:00","2026-08-21T05:50:35.784+00:00","149048","false",
"6a87e7f8303c2023c889","[""read(\""user:6a87e75507b46313cff0\"")""]","2026-08-21T05:54:00.376+00:00","2026-08-21T05:54:00.376+00:00","296493","false",
"6a87e80ecdf2fef1f711","[""read(\""user:6a87e77797c3dbedd685\"")""]","2026-08-21T05:54:22.989+00:00","2026-08-21T05:54:22.989+00:00","887936","false",
"6a87e867648ee9315b3e","[""read(\""user:6a87e83eba5bb006145e\"")""]","2026-08-21T05:55:51.559+00:00","2026-08-21T05:55:51.559+00:00","880739","false",
"6a87eb0d3a554987f1c3","[""read(\""user:6a87e89aa2296e8e2128\"")""]","2026-08-21T06:07:09.397+00:00","2026-08-21T06:07:09.397+00:00","566365","false",
"6a87ed2325ce9b6c3c59","[""read(\""user:6a82978d3b124284ad6e\"")""]","2026-08-21T06:16:03.342+00:00","2026-08-21T06:16:03.342+00:00","172102","false",
"6a87edde9b904b8924e9","[""read(\""user:6a0a9e6dc1c89eb35c79\"")""]","2026-08-21T06:19:10.858+00:00","2026-08-21T06:19:10.858+00:00","908741","false",
"6a87edf281250f23025e","[""read(\""user:6a87ed6b60d62dccbd3d\"")""]","2026-08-21T06:19:30.702+00:00","2026-08-21T06:19:30.702+00:00","326218","false",
"6a87ee7745ceac4e28ec","[""read(\""user:6a0a9e6dc1c89eb35c79\"")""]","2026-08-21T06:21:43.445+00:00","2026-08-21T06:21:43.445+00:00","317399","false",
"6a87ef94c9a617ff0180","[""read(\""user:6a87ef170019ec551df2\"")""]","2026-08-21T06:26:28.971+00:00","2026-08-21T06:26:28.971+00:00","287747","false",
"6a87f1586f823ad89025","[""read(\""user:6a87f108043f68b20506\"")""]","2026-08-21T06:34:00.616+00:00","2026-08-21T06:34:00.616+00:00","174858","false",
"6a87f18eb855f66323b5","[""read(\""user:69fd7c831860abb38854\"")""]","2026-08-21T06:34:54.952+00:00","2026-08-21T06:34:54.952+00:00","094131","false",
"6a87f4dd580e2994fb91","[""read(\""user:6a83fb756e4b03d58345\"")""]","2026-08-21T06:49:01.502+00:00","2026-08-21T06:49:01.502+00:00","531700","false",
"6a87f5bdbc41eab82c23","[""read(\""user:69f1b13c9da01ee624d7\"")""]","2026-08-21T06:52:45.928+00:00","2026-08-21T06:52:45.928+00:00","382792","false",
"6a87f5deefc6e6d38a47","[""read(\""user:6a167eab3236a4945c29\"")""]","2026-08-21T06:53:19.127+00:00","2026-08-21T06:53:19.127+00:00","720485","false",
"6a87f6a4c42518d13a3b","[""read(\""user:6a87f60f2e2e25c04423\"")""]","2026-08-21T06:56:36.968+00:00","2026-08-21T06:56:36.968+00:00","224545","false",
"6a87f720953ebca22a86","[""read(\""user:69f1b13c9da01ee624d7\"")""]","2026-08-21T06:58:40.749+00:00","2026-08-21T06:58:40.749+00:00","135480","false",
"6a87f81ee5bc58552ea5","[""read(\""user:6a87f78eb7bc20b698f7\"")""]","2026-08-21T07:02:55.100+00:00","2026-08-21T07:02:55.100+00:00","744567","false",
"6a87fa75880d88490f70","[""read(\""user:6a8554ec001e2b1f984b\"")""]","2026-08-21T07:12:53.802+00:00","2026-08-21T07:12:53.802+00:00","590452","false",
"6a87fa8a8733b27a3e16","[""read(\""user:6a8554ec001e2b1f984b\"")""]","2026-08-21T07:13:14.724+00:00","2026-08-21T07:13:14.724+00:00","302949","false",
"6a87fb5d7b0a8892d6a7","[""read(\""user:69f2efd528cbd0ae2dcd\"")""]","2026-08-21T07:16:45.666+00:00","2026-08-21T07:16:45.666+00:00","310366","false",
"6a87fba8952eaa3eeb37","[""read(\""user:69fd5499574348cfeed3\"")""]","2026-08-21T07:18:00.753+00:00","2026-08-21T07:18:00.753+00:00","669685","false",
"6a87fc162e7755033895","[""read(\""user:69f1b760a0486457ac50\"")""]","2026-08-21T07:19:50.555+00:00","2026-08-21T07:19:50.555+00:00","760736","false",
"6a87fc91348d75f438d7","[""read(\""user:6a87fc2a0020807e3564\"")""]","2026-08-21T07:21:53.360+00:00","2026-08-21T07:21:53.360+00:00","278913","false",
"6a87fd9995f9e2963ae7","[""read(\""user:69eb06f25870c736dc01\"")""]","2026-08-21T07:26:17.778+00:00","2026-08-21T07:26:17.778+00:00","856871","false",
"6a87ff1a65a0ee1af5f9","[""read(\""user:69fb0e85af7a66cd0277\"")""]","2026-08-21T07:32:42.614+00:00","2026-08-21T07:32:42.614+00:00","164546","false",
"6a88004dae5045df7ae8","[""read(\""user:69fb0e85af7a66cd0277\"")""]","2026-08-21T07:37:49.910+00:00","2026-08-21T07:37:49.910+00:00","061175","false",
"6a8800a21869901899b3","[""read(\""user:6a16a0559ae2733a0a66\"")""]","2026-08-21T07:39:14.301+00:00","2026-08-21T07:39:14.301+00:00","042896","false",
"6a880135715522dc8dca","[""read(\""user:6a8800c9d0cc21738217\"")""]","2026-08-21T07:41:41.669+00:00","2026-08-21T07:41:41.669+00:00","538986","false",
"6a8801ab7b828717cfeb","[""read(\""user:6a599e15385fa03876b2\"")""]","2026-08-21T07:43:39.713+00:00","2026-08-21T07:43:39.713+00:00","238343","false",
"6a8801afade157815dd5","[""read(\""user:6a8800c9d0cc21738217\"")""]","2026-08-21T07:43:43.906+00:00","2026-08-21T07:43:43.906+00:00","047751","false",
"6a8801b21a0265e604fa","[""read(\""user:6a15328a1bac682dcaa4\"")""]","2026-08-21T07:43:46.302+00:00","2026-08-21T07:43:46.302+00:00","557331","false",
"6a88021a91447aa33df6","[""read(\""user:6a5f26eab058eea931e8\"")""]","2026-08-21T07:45:30.793+00:00","2026-08-21T07:45:30.793+00:00","677769","false",
"6a88028f3ab446768059","[""read(\""user:6a8802768c49eb120dd6\"")""]","2026-08-21T07:47:27.476+00:00","2026-08-21T07:47:27.476+00:00","254811","false",
"6a8802ddaf65f40988be","[""read(\""user:6a8800c9d0cc21738217\"")""]","2026-08-21T07:48:45.912+00:00","2026-08-21T07:48:45.912+00:00","757309","false",
"6a8803a5863c3d2efe99","[""read(\""user:6a72ff50dea52d31f569\"")""]","2026-08-21T07:52:05.792+00:00","2026-08-21T07:52:05.792+00:00","099191","false",
"6a880408d3b35e1a79cb","[""read(\""user:6a5f26eab058eea931e8\"")""]","2026-08-21T07:53:45.048+00:00","2026-08-21T07:53:45.048+00:00","020276","false",
"6a88045a63efc0ee911a","[""read(\""user:6a880411f150c6585a66\"")""]","2026-08-21T07:55:06.707+00:00","2026-08-21T07:55:06.707+00:00","102621","false",
"6a88055253436d258c90","[""read(\""user:6a844d306f57d85ae840\"")""]","2026-08-21T07:59:14.541+00:00","2026-08-21T07:59:14.541+00:00","486780","false",
"6a8805e50e2118192256","[""read(\""user:6a844d306f57d85ae840\"")""]","2026-08-21T08:01:41.244+00:00","2026-08-21T08:01:41.244+00:00","781529","false",
"6a8806524af737d5afef","[""read(\""user:6a844d306f57d85ae840\"")""]","2026-08-21T08:03:30.497+00:00","2026-08-21T08:03:30.497+00:00","598398","false",
"6a8806f234cd3b53cad6","[""read(\""user:6a88068c003334a2b89a\"")""]","2026-08-21T08:06:10.417+00:00","2026-08-21T08:06:10.417+00:00","911216","false",
"6a880722aa8591f37e2c","[""read(\""user:6a8806273434808ae09d\"")""]","2026-08-21T08:06:58.904+00:00","2026-08-21T08:06:58.904+00:00","310750","false",
"6a8807279307108f8e26","[""read(\""user:6a8806273434808ae09d\"")""]","2026-08-21T08:07:03.793+00:00","2026-08-21T08:07:03.793+00:00","911340","false",
"6a8808117eefdd413a89","[""read(\""user:6a8807160f8a7bd6d9ee\"")""]","2026-08-21T08:10:57.728+00:00","2026-08-21T08:10:57.728+00:00","779341","false",
"6a88084659d705eefc03","[""read(\""user:6a57093700045368b144\"")""]","2026-08-21T08:11:50.567+00:00","2026-08-21T08:11:50.567+00:00","989531","false",
"6a8808d1d10454ecd621","[""read(\""user:6a57093700045368b144\"")""]","2026-08-21T08:14:10.059+00:00","2026-08-21T08:14:10.059+00:00","328683","false",
"6a88092987a7275cfcb5","[""read(\""user:6a87c9e8cc0afb0d9417\"")""]","2026-08-21T08:15:37.754+00:00","2026-08-21T08:15:37.754+00:00","070208","false",
"6a88093a0335dae32b9d","[""read(\""user:6a87c9e8cc0afb0d9417\"")""]","2026-08-21T08:15:54.203+00:00","2026-08-21T08:15:54.203+00:00","956720","false",
"6a880b293ff9e3bd39dc","[""read(\""user:6a8809cf25ed2e22d4f4\"")""]","2026-08-21T08:24:09.516+00:00","2026-08-21T08:24:09.516+00:00","896794","false",
"6a880c919a2b9c1f2a84","[""read(\""user:6a115452c346a1b69b95\"")""]","2026-08-21T08:30:09.824+00:00","2026-08-21T08:30:09.824+00:00","079519","false",
"6a880cade7c02ce564ef","[""read(\""user:6a8809cf25ed2e22d4f4\"")""]","2026-08-21T08:30:38.138+00:00","2026-08-21T08:30:38.138+00:00","019433","false",
"6a880ce8b0af9e7dba9d","[""read(\""user:6a115452c346a1b69b95\"")""]","2026-08-21T08:31:36.925+00:00","2026-08-21T08:31:36.925+00:00","687846","false",
"6a880f12e76000d71d9b","[""read(\""user:69f1cfa72b6cb7d04ee2\"")""]","2026-08-21T08:40:51.147+00:00","2026-08-21T08:40:51.147+00:00","426739","false",
"6a8812805914f1b86ff5","[""read(\""user:6a88113a002d430a3193\"")""]","2026-08-21T08:55:28.567+00:00","2026-08-21T08:55:28.567+00:00","303989","false",
"6a8812869cdec5a51d29","[""read(\""user:6a0a9e6dc1c89eb35c79\"")""]","2026-08-21T08:55:34.854+00:00","2026-08-21T08:55:34.854+00:00","975001","false",
"6a8815804efdcb70e0b4","[""read(\""user:6a881330335f899094c6\"")""]","2026-08-21T09:08:16.526+00:00","2026-08-21T09:08:16.526+00:00","396702","false",
"6a88179da2573b46f6b2","[""read(\""user:69f1cfa72b6cb7d04ee2\"")""]","2026-08-21T09:17:18.077+00:00","2026-08-21T09:17:18.077+00:00","890109","false",
"6a88183881d241a18dd4","[""read(\""user:69ef30e732977360f67f\"")""]","2026-08-21T09:19:52.980+00:00","2026-08-21T09:19:52.980+00:00","727019","false",
"6a881c193ac55b90f29a","[""read(\""user:69fb0e4f001562014e99\"")""]","2026-08-21T09:36:25.936+00:00","2026-08-21T09:36:25.936+00:00","441068","false",
"6a881d745b854bb0209b","[""read(\""user:6a741e7f0021ab991584\"")""]","2026-08-21T09:42:12.806+00:00","2026-08-21T09:42:12.806+00:00","589234","false",
"6a881d8e4fe96e66546c","[""read(\""user:6a741e7f0021ab991584\"")""]","2026-08-21T09:42:38.789+00:00","2026-08-21T09:42:38.789+00:00","376414","false",
"6a881dc0b3be8e319333","[""read(\""user:6a115452c346a1b69b95\"")""]","2026-08-21T09:43:29.107+00:00","2026-08-21T09:43:29.107+00:00","276468","false",
"6a881ea90a6fc0598940","[""read(\""user:6a115452c346a1b69b95\"")""]","2026-08-21T09:47:21.589+00:00","2026-08-21T09:47:21.589+00:00","598304","false",
"6a8820ce47508a2c8239","[""read(\""user:6a83e670c9d36d5bccc0\"")""]","2026-08-21T09:56:30.679+00:00","2026-08-21T09:56:30.679+00:00","707611","false",
"6a88217f74437fd97555","[""read(\""user:6a8820e000363f1440a5\"")""]","2026-08-21T09:59:28.295+00:00","2026-08-21T09:59:28.295+00:00","903020","false",
"6a88220c1193ec368d88","[""read(\""user:69f0988eab2f1af121ac\"")""]","2026-08-21T10:01:48.531+00:00","2026-08-21T10:01:48.531+00:00","471808","false",
"6a882340500855aa08e3","[""read(\""user:6a88226eaa62643bb649\"")""]","2026-08-21T10:06:56.735+00:00","2026-08-21T10:06:56.735+00:00","500970","false",
"6a8824f0dfbae54ee17b","[""read(\""user:69eaf107d8192f1c7b61\"")""]","2026-08-21T10:14:09.308+00:00","2026-08-21T10:14:09.308+00:00","101641","false",
"6a882b8a69371187756e","[""read(\""user:6a5b296abcf484e8cdd6\"")""]","2026-08-21T10:42:20.152+00:00","2026-08-21T10:42:20.152+00:00","352388","false",
"6a882b999cb14bec8b7a","[""read(\""user:6a5b41d6c5faaa3ca02e\"")""]","2026-08-21T10:42:34.031+00:00","2026-08-21T10:42:34.031+00:00","107218","false",
"6a882cee5a9c64bb0c66","[""read(\""user:6a59d218003266fbfcca\"")""]","2026-08-21T10:48:15.194+00:00","2026-08-21T10:48:15.194+00:00","873916","false",
"6a882fd414b569146c5b","[""read(\""user:6a5b3f9ca81a77f7d090\"")""]","2026-08-21T11:00:36.447+00:00","2026-08-21T11:00:36.447+00:00","334364","false",
"6a88311cb6cba8b16265","[""read(\""user:6a858972003de4e2eef6\"")""]","2026-08-21T11:06:07.974+00:00","2026-08-21T11:06:07.974+00:00","133511","false",
"6a884b9d44da8b8b028d","[""read(\""user:6a884affc3695a38a4b8\"")""]","2026-08-21T12:59:09.454+00:00","2026-08-21T12:59:09.454+00:00","935521","false",
"6a884ced6d8864d26f02","[""read(\""user:6a884bfc08f77b015b8b\"")""]","2026-08-21T13:04:45.612+00:00","2026-08-21T13:04:45.612+00:00","318229","false",
"6a8913122c841683a07e","[""read(\""user:6a7d3f1059d87871b4a9\"")""]","2026-08-22T03:10:10.338+00:00","2026-08-22T03:10:10.338+00:00","511245","false",
"6a8913f49dc70506c527","[""read(\""user:6a1d0834b4aa4956a50d\"")""]","2026-08-22T03:13:56.796+00:00","2026-08-22T03:13:56.796+00:00","824232","false",
"6a8913f77d292507edfa","[""read(\""user:69f1cfa72b6cb7d04ee2\"")""]","2026-08-22T03:13:59.675+00:00","2026-08-22T03:13:59.675+00:00","634198","false",
"6a8913fd6b36927a61ba","[""read(\""user:6a82c8dd699dd36b6f3a\"")""]","2026-08-22T03:14:05.585+00:00","2026-08-22T03:14:05.585+00:00","164078","false",
"6a8915333b5970d483fa","[""read(\""user:69f2e754094b7f14fb6a\"")""]","2026-08-22T03:19:15.437+00:00","2026-08-22T03:19:15.437+00:00","645725","false",
"6a89154015ec085ec6a4","[""read(\""user:6a758ca8d29f3d0bb3ab\"")""]","2026-08-22T03:19:28.288+00:00","2026-08-22T03:19:28.288+00:00","745553","false",
"6a8915adbc92770dba64","[""read(\""user:6a758ca8d29f3d0bb3ab\"")""]","2026-08-22T03:21:17.972+00:00","2026-08-22T03:21:17.972+00:00","261848","false",
"6a89168aacd75a44f3f9","[""read(\""user:6a141010ca346b67c843\"")""]","2026-08-22T03:24:58.921+00:00","2026-08-22T03:24:58.921+00:00","089786","false",
"6a89185760704bbec9bc","[""read(\""user:69f06cf95898ad143a2d\"")""]","2026-08-22T03:32:39.547+00:00","2026-08-22T03:32:39.547+00:00","632680","false",
"6a89199fe26c2a1ebb85","[""read(\""user:6a8918f2e01cee101a7d\"")""]","2026-08-22T03:38:08.077+00:00","2026-08-22T03:38:08.077+00:00","891447","false",
"6a891aa2a54135cf5bb2","[""read(\""user:6a83dd69f1f60c6f25a6\"")""]","2026-08-22T03:42:26.827+00:00","2026-08-22T03:42:26.827+00:00","609228","false",
"6a891b2884209bbb2fb3","[""read(\""user:69b0040108f2d205a57b\"")""]","2026-08-22T03:44:40.694+00:00","2026-08-22T03:44:40.694+00:00","382996","false",
"6a891b70bbc651d70aa9","[""read(\""user:6a891a772d3d797ad790\"")""]","2026-08-22T03:45:52.919+00:00","2026-08-22T03:45:52.919+00:00","569591","false",
"6a891b82b045dd194aae","[""read(\""user:6a891a772d3d797ad790\"")""]","2026-08-22T03:46:10.869+00:00","2026-08-22T03:46:10.869+00:00","596792","false",
"6a891bbc78ab1ff5a8d7","[""read(\""user:6a83dd69f1f60c6f25a6\"")""]","2026-08-22T03:47:08.638+00:00","2026-08-22T03:47:08.638+00:00","351566","false",
"6a891c48c6ce1e53ccba","[""read(\""user:6a86b504003593635452\"")""]","2026-08-22T03:49:29.046+00:00","2026-08-22T03:49:29.046+00:00","026219","false",
"6a891c530becc5aa86f0","[""read(\""user:6a87e77797c3dbedd685\"")""]","2026-08-22T03:49:39.198+00:00","2026-08-22T03:49:39.198+00:00","161377","false",
"6a891c741a76d7c89de0","[""read(\""user:6a891be0cd1ca92f322e\"")""]","2026-08-22T03:50:12.259+00:00","2026-08-22T03:50:12.259+00:00","017654","false",
"6a891d750f356165aa88","[""read(\""user:6a83e98a0018ef9d9cc8\"")""]","2026-08-22T03:54:29.222+00:00","2026-08-22T03:54:29.222+00:00","572032","false",
"6a8924e10a0f9c08283c","[""read(\""user:6a8923359383015037cc\"")""]","2026-08-22T04:26:09.200+00:00","2026-08-22T04:26:09.200+00:00","040754","false",
"6a8925133984a8b94f15","[""read(\""user:6a892487f322428a6f38\"")""]","2026-08-22T04:26:59.396+00:00","2026-08-22T04:26:59.396+00:00","293908","false",
"6a892529902929f20a01","[""read(\""user:6a892487f322428a6f38\"")""]","2026-08-22T04:27:21.733+00:00","2026-08-22T04:27:21.733+00:00","462290","false",
"6a89255162cf1db4da60","[""read(\""user:6a89248fcd2d4c940076\"")""]","2026-08-22T04:28:01.548+00:00","2026-08-22T04:28:01.548+00:00","189320","false",
"6a8927d0115ae7559982","[""read(\""user:6a83dd69f1f60c6f25a6\"")""]","2026-08-22T04:38:40.234+00:00","2026-08-22T04:38:40.234+00:00","568479","false",
"6a89282746a14e0bf672","[""read(\""user:6a83dd69f1f60c6f25a6\"")""]","2026-08-22T04:40:07.434+00:00","2026-08-22T04:40:07.434+00:00","640216","false",
"6a892954d5a069bbf6c0","[""read(\""user:6a83dd69f1f60c6f25a6\"")""]","2026-08-22T04:45:09.038+00:00","2026-08-22T04:45:09.038+00:00","611430","false",
"6a892cd12750c61c8254","[""read(\""user:6a892b820010e3cce318\"")""]","2026-08-22T05:00:01.384+00:00","2026-08-22T05:00:01.384+00:00","675855","false",
"6a892e0139465512c654","[""read(\""user:6a892d9650fe91c12c54\"")""]","2026-08-22T05:05:05.387+00:00","2026-08-22T05:05:05.387+00:00","686359","false",
"6a892fd745d7ff71bd96","[""read(\""user:6a892f8aafc9eef38586\"")""]","2026-08-22T05:12:55.443+00:00","2026-08-22T05:12:55.443+00:00","157836","false",
"6a893026e1172f92cb2a","[""read(\""user:6a892f8aafc9eef38586\"")""]","2026-08-22T05:14:15.077+00:00","2026-08-22T05:14:15.077+00:00","951484","false",
"6a89305605b54c6dc051","[""read(\""user:6a1663aadf669507fda2\"")""]","2026-08-22T05:15:02.181+00:00","2026-08-22T05:15:02.181+00:00","857166","false",
"6a89308db8a417a4f87c","[""read(\""user:6a194c23a1f12f0e6300\"")""]","2026-08-22T05:15:57.915+00:00","2026-08-22T05:15:57.915+00:00","907335","false",
"6a8930c89420e63ba71f","[""read(\""user:6a892f8aafc9eef38586\"")""]","2026-08-22T05:16:56.755+00:00","2026-08-22T05:16:56.755+00:00","674590","false",
"6a8930cbc530def29c87","[""read(\""user:6a194c23a1f12f0e6300\"")""]","2026-08-22T05:16:59.961+00:00","2026-08-22T05:16:59.961+00:00","457075","false",
"6a89318b5c1f80211843","[""read(\""user:6a115452c346a1b69b95\"")""]","2026-08-22T05:20:11.525+00:00","2026-08-22T05:20:11.525+00:00","492746","false",
"6a89329e1f0b07e1c0ad","[""read(\""user:69fd7c831860abb38854\"")""]","2026-08-22T05:24:46.276+00:00","2026-08-22T05:24:46.276+00:00","265249","false",
"6a8932b5821c7fb23874","[""read(\""user:69fc04b5dee6cb027cc0\"")""]","2026-08-22T05:25:09.682+00:00","2026-08-22T05:25:09.682+00:00","389203","false",
"6a8932d6339e49664cc1","[""read(\""user:69fd7c831860abb38854\"")""]","2026-08-22T05:25:42.367+00:00","2026-08-22T05:25:42.367+00:00","167290","false",
"6a8933035993ead26001","[""read(\""user:69fd7c831860abb38854\"")""]","2026-08-22T05:26:27.519+00:00","2026-08-22T05:26:27.519+00:00","879033","false",
"6a89330d9fe7cac95fed","[""read(\""user:69fd7c831860abb38854\"")""]","2026-08-22T05:26:37.807+00:00","2026-08-22T05:26:37.807+00:00","394951","false",
"6a89331fefeb50979f3b","[""read(\""user:6a892f8aafc9eef38586\"")""]","2026-08-22T05:26:56.135+00:00","2026-08-22T05:26:56.135+00:00","258945","false",
"6a8933bfe8b6a44c9351","[""read(\""user:6a8932bb002f4fd3206f\"")""]","2026-08-22T05:29:36.099+00:00","2026-08-22T05:29:36.099+00:00","509227","false",
"6a89348a15839229b557","[""read(\""user:6a83d7a8ccb9e476e1c8\"")""]","2026-08-22T05:32:58.240+00:00","2026-08-22T05:32:58.240+00:00","375209","false",
"6a8934a1c8b34ceebb62","[""read(\""user:6a8932bb002f4fd3206f\"")""]","2026-08-22T05:33:21.983+00:00","2026-08-22T05:33:21.983+00:00","905506","false",
"6a89355f46bbc9ea7619","[""read(\""user:69eadf8914d70a240f86\"")""]","2026-08-22T05:36:31.440+00:00","2026-08-22T05:36:31.440+00:00","121963","false",
"6a8935d365dd078ef4f3","[""read(\""user:6a89357f7e1ec88f4a93\"")""]","2026-08-22T05:38:27.567+00:00","2026-08-22T05:38:27.567+00:00","776933","false",
"6a89366dcd3958e7fd86","[""read(\""user:6a83fdcfa846842a20a8\"")""]","2026-08-22T05:41:01.984+00:00","2026-08-22T05:41:01.984+00:00","365173","false",
"6a89370c1528511b198e","[""read(\""user:6a84745b0022b65fd0cd\"")""]","2026-08-22T05:43:40.229+00:00","2026-08-22T05:43:40.229+00:00","390060","false",
"6a8937dfc3565532eab5","[""read(\""user:6a0a8406964f802060be\"")""]","2026-08-22T05:47:11.945+00:00","2026-08-22T05:47:11.945+00:00","542436","false",
"6a8938fa776ded0e2442","[""read(\""user:6a8937990012c8eefe7c\"")""]","2026-08-22T05:51:54.634+00:00","2026-08-22T05:51:54.634+00:00","914053","false",
"6a893a322a03be18786a","[""read(\""user:6a8937990012c8eefe7c\"")""]","2026-08-22T05:57:06.319+00:00","2026-08-22T05:57:06.319+00:00","144039","false",
"6a893b58c7b63692d8c0","[""read(\""user:6a893b17604720d4fadc\"")""]","2026-08-22T06:02:00.966+00:00","2026-08-22T06:02:00.966+00:00","869732","false",
"6a893bed52f4af76e7e0","[""read(\""user:6a893af50033b1f35abb\"")""]","2026-08-22T06:04:29.607+00:00","2026-08-22T06:04:29.607+00:00","882582","false",
"6a893c051ccbbd7ce1fa","[""read(\""user:6a0169deda09192d4dde\"")""]","2026-08-22T06:04:53.275+00:00","2026-08-22T06:04:53.275+00:00","453634","false",
"6a893ec82eaaa5ae4256","[""read(\""user:6a87e89aa2296e8e2128\"")""]","2026-08-22T06:16:40.423+00:00","2026-08-22T06:16:40.423+00:00","252323","false",
"6a893f06a1a27a6460de","[""read(\""user:6a87c9e8cc0afb0d9417\"")""]","2026-08-22T06:17:42.817+00:00","2026-08-22T06:17:42.817+00:00","162948","false",
"6a893f09836584272fd5","[""read(\""user:6a893eba45cf2a320a5e\"")""]","2026-08-22T06:17:45.687+00:00","2026-08-22T06:17:45.687+00:00","746781","false",
"6a893fae4cb270780c33","[""read(\""user:6a893eb191340ab8eda3\"")""]","2026-08-22T06:20:30.461+00:00","2026-08-22T06:20:30.461+00:00","571527","false",
"6a8940a68e8308e61df3","[""read(\""user:6a115452c346a1b69b95\"")""]","2026-08-22T06:24:38.740+00:00","2026-08-22T06:24:38.740+00:00","756129","false",
"6a8940f126aa315ffd8b","[""read(\""user:6a893577002473bd6d27\"")""]","2026-08-22T06:25:53.306+00:00","2026-08-22T06:25:53.306+00:00","393093","false",
"6a8940f70dd85b6b107c","[""read(\""user:6a89357f7e1ec88f4a93\"")""]","2026-08-22T06:25:59.204+00:00","2026-08-22T06:25:59.204+00:00","387634","false",
"6a894108aa7baf556588","[""read(\""user:6a868ccba09015942818\"")""]","2026-08-22T06:26:16.848+00:00","2026-08-22T06:26:16.848+00:00","237393","false",
"6a8941d63a7a20e5914d","[""read(\""user:6a89357f7e1ec88f4a93\"")""]","2026-08-22T06:29:42.465+00:00","2026-08-22T06:29:42.465+00:00","513224","false",
"6a8941e2205f8d97d64d","[""read(\""user:6a868ccba09015942818\"")""]","2026-08-22T06:29:54.307+00:00","2026-08-22T06:29:54.307+00:00","432035","false",
"6a8942788be4ea558604","[""read(\""user:6a868ccba09015942818\"")""]","2026-08-22T06:32:24.732+00:00","2026-08-22T06:32:24.732+00:00","302842","false",
"6a8942ca01b83ad01b72","[""read(\""user:6a0ab9cd1907dcbb4d8d\"")""]","2026-08-22T06:33:46.159+00:00","2026-08-22T06:33:46.159+00:00","759727","false",
"6a8944709ea9155ffe8e","[""read(\""user:69f2e7f2d60bb08821f6\"")""]","2026-08-22T06:40:48.807+00:00","2026-08-22T06:40:48.807+00:00","609094","false",
"6a8944826304f9e4096f","[""read(\""user:6a894403277e37963213\"")""]","2026-08-22T06:41:06.555+00:00","2026-08-22T06:41:06.555+00:00","564266","false",
"6a89448b81292b16e536","[""read(\""user:6a868ccba09015942818\"")""]","2026-08-22T06:41:15.680+00:00","2026-08-22T06:41:15.680+00:00","307660","false",
"6a89466e9b3dc2f8b5ca","[""read(\""user:6a0ae6a42b068b2d2f5a\"")""]","2026-08-22T06:49:18.777+00:00","2026-08-22T06:49:18.777+00:00","215718","false",
"6a8946a9cfc956548952","[""read(\""user:6a8946030e98c7e0a5b2\"")""]","2026-08-22T06:50:18.005+00:00","2026-08-22T06:50:18.005+00:00","930415","false",
"6a8946ea8ec57fd51f04","[""read(\""user:6a894641bd40de908284\"")""]","2026-08-22T06:51:22.734+00:00","2026-08-22T06:51:22.734+00:00","124125","false",
"6a894734d04004cd9c98","[""read(\""user:6a0ae6a42b068b2d2f5a\"")""]","2026-08-22T06:52:37.002+00:00","2026-08-22T06:52:37.002+00:00","675404","false",
"6a8947736266ad410361","[""read(\""user:6a8946030e98c7e0a5b2\"")""]","2026-08-22T06:53:39.550+00:00","2026-08-22T06:53:39.550+00:00","248689","false",
"6a8947f7c02746dd2c7b","[""read(\""user:6a8946590017ab7ef41a\"")""]","2026-08-22T06:55:51.937+00:00","2026-08-22T06:55:51.937+00:00","636876","false",
"6a89481758aba4cbb4db","[""read(\""user:6a8947ea4738560b1869\"")""]","2026-08-22T06:56:23.517+00:00","2026-08-22T06:56:23.517+00:00","870879","false",
"6a8948ad0d38c81e84b0","[""read(\""user:6a89475065c7f5f3e0cc\"")""]","2026-08-22T06:58:53.200+00:00","2026-08-22T06:58:53.200+00:00","116006","false",
"6a8948ea5dcee0ad3541","[""read(\""user:6a8948930014dd5eada9\"")""]","2026-08-22T06:59:54.532+00:00","2026-08-22T06:59:54.532+00:00","184319","false",
"6a8949588a70e8974d3b","[""read(\""user:6a893eb191340ab8eda3\"")""]","2026-08-22T07:01:44.734+00:00","2026-08-22T07:01:44.734+00:00","705278","false",
"6a894984334d6b8c29ff","[""read(\""user:6a8949303162a4544987\"")""]","2026-08-22T07:02:28.374+00:00","2026-08-22T07:02:28.374+00:00","129059","false",
"6a8949d5274a62986b2c","[""read(\""user:6a894925001868de0afb\"")""]","2026-08-22T07:03:49.317+00:00","2026-08-22T07:03:49.317+00:00","690465","false",
"6a894a97a82873b32adc","[""read(\""user:6a894925001868de0afb\"")""]","2026-08-22T07:07:03.841+00:00","2026-08-22T07:07:03.841+00:00","887220","false",
"6a894b07e4f2b8777046","[""read(\""user:6a894a6a682ae16ed16b\"")""]","2026-08-22T07:08:56.088+00:00","2026-08-22T07:08:56.088+00:00","782747","false",
"6a894b1777ed117609bb","[""read(\""user:6a894a6a682ae16ed16b\"")""]","2026-08-22T07:09:11.642+00:00","2026-08-22T07:09:11.642+00:00","595170","false",
"6a894c30c0036631e58b","[""read(\""user:6a894baae5e486a215a1\"")""]","2026-08-22T07:13:52.939+00:00","2026-08-22T07:13:52.939+00:00","367645","false",
"6a894c68f1f00c6485a2","[""read(\""user:6a894bb328602b5a26fb\"")""]","2026-08-22T07:14:49.216+00:00","2026-08-22T07:14:49.216+00:00","004739","false",
"6a894ce45114a1992fbe","[""read(\""user:6a894bb328602b5a26fb\"")""]","2026-08-22T07:16:52.502+00:00","2026-08-22T07:16:52.502+00:00","243726","false",
"6a894d1343f50836fa3b","[""read(\""user:6a894bb328602b5a26fb\"")""]","2026-08-22T07:17:39.432+00:00","2026-08-22T07:17:39.432+00:00","406890","false",
"6a894d1bb7853cb0cd3f","[""read(\""user:6a894c6099faa2d0c853\"")""]","2026-08-22T07:17:47.902+00:00","2026-08-22T07:17:47.902+00:00","291393","false",
"6a894e3ec357cb6e516b","[""read(\""user:6a894bb328602b5a26fb\"")""]","2026-08-22T07:22:38.965+00:00","2026-08-22T07:22:38.965+00:00","515650","false",
"6a894e4d6e19c707e890","[""read(\""user:6a894bb328602b5a26fb\"")""]","2026-08-22T07:22:53.610+00:00","2026-08-22T07:22:53.610+00:00","178352","false",
"6a894f0414b79fa88f8e","[""read(\""user:6a894bb328602b5a26fb\"")""]","2026-08-22T07:25:56.230+00:00","2026-08-22T07:25:56.230+00:00","498603","false",
"6a895019749c938d58fb","[""read(\""user:6a8949303162a4544987\"")""]","2026-08-22T07:30:33.643+00:00","2026-08-22T07:30:33.643+00:00","887488","false",
"6a89510fa924526fe5f6","[""read(\""user:6a8950315bd50c6a4e8a\"")""]","2026-08-22T07:34:39.838+00:00","2026-08-22T07:34:39.838+00:00","636936","false",
"6a8952294171f311f6f7","[""read(\""user:6a89517f000f0477173b\"")""]","2026-08-22T07:39:21.431+00:00","2026-08-22T07:39:21.431+00:00","593459","false",
"6a895259c1bd258836ce","[""read(\""user:6a8950f7aa8b642202ec\"")""]","2026-08-22T07:40:09.957+00:00","2026-08-22T07:40:09.957+00:00","823100","false",
"6a89533a97727ad7e14f","[""read(\""user:6a895081001b691d28eb\"")""]","2026-08-22T07:43:54.788+00:00","2026-08-22T07:43:54.788+00:00","464867","false",
"6a89534d7cb1f1a2a11a","[""read(\""user:69fd5499574348cfeed3\"")""]","2026-08-22T07:44:13.665+00:00","2026-08-22T07:44:13.665+00:00","114504","false",
"6a89537c84e386f38b0e","[""read(\""user:6a8952f87940c2b4c289\"")""]","2026-08-22T07:45:00.707+00:00","2026-08-22T07:45:00.707+00:00","511265","false",
"6a8953a5223dada34775","[""read(\""user:6a8950315bd50c6a4e8a\"")""]","2026-08-22T07:45:41.309+00:00","2026-08-22T07:45:41.309+00:00","655673","false",
"6a8955e896a65f53374d","[""read(\""user:6a89551700016ee0b448\"")""]","2026-08-22T07:55:20.769+00:00","2026-08-22T07:55:20.769+00:00","512229","false",
"6a89566b39a8ea07d7d3","[""read(\""user:6a0fcf20887064a04307\"")""]","2026-08-22T07:57:31.392+00:00","2026-08-22T07:57:31.392+00:00","417166","false",
"6a89572b857fe0b5bc7d","[""read(\""user:6a55fd4429b42a6f1607\"")""]","2026-08-22T08:00:43.725+00:00","2026-08-22T08:00:43.725+00:00","941518","false",
"6a8957c05b08c82dc08e","[""read(\""user:6a89571e0029199a2fe8\"")""]","2026-08-22T08:03:12.515+00:00","2026-08-22T08:03:12.515+00:00","199215","false",
"6a8957d57896c79d3b59","[""read(\""user:6a5b0a7e5cb25e71fe44\"")""]","2026-08-22T08:03:33.643+00:00","2026-08-22T08:03:33.643+00:00","364273","false",
"6a89588d16acc200fc76","[""read(\""user:69ec2edd58c2bace08c3\"")""]","2026-08-22T08:06:37.251+00:00","2026-08-22T08:06:37.251+00:00","713394","false",
"6a89595b3f405c9f4668","[""read(\""user:6a8958f2003cad4198f1\"")""]","2026-08-22T08:10:03.468+00:00","2026-08-22T08:10:03.468+00:00","286239","false",
"6a895a6281191e95efd8","[""read(\""user:6a8959a646d1983e0ced\"")""]","2026-08-22T08:14:26.761+00:00","2026-08-22T08:14:26.761+00:00","916825","false",
"6a895b29ddffb63edd80","[""read(\""user:6a89593c003d046a2f99\"")""]","2026-08-22T08:17:46.076+00:00","2026-08-22T08:17:46.076+00:00","508401","false",
"6a895b2cad5b51f94cb6","[""read(\""user:6a0fcf20887064a04307\"")""]","2026-08-22T08:17:48.903+00:00","2026-08-22T08:17:48.903+00:00","917524","false",
"6a895c53e38e7f0b9e7f","[""read(\""user:6a842a810032ecfdedff\"")""]","2026-08-22T08:22:44.087+00:00","2026-08-22T08:22:44.087+00:00","573767","false",
"6a895c641fba732c3f5a","[""read(\""user:6a89593c003d046a2f99\"")""]","2026-08-22T08:23:00.283+00:00","2026-08-22T08:23:00.283+00:00","347677","false",
"6a895e1dcc12fc2a20e1","[""read(\""user:6a842a810032ecfdedff\"")""]","2026-08-22T08:30:21.979+00:00","2026-08-22T08:30:21.979+00:00","205682","false",
"6a897938b1dfcae9d3f7","[""read(\""user:6a8978ad0006ac5cab0a\"")""]","2026-08-22T10:26:00.858+00:00","2026-08-22T10:26:00.858+00:00","942034","false",
"6a897d4604ce6206dec4","[""read(\""user:6a897c775e1afa70fb3d\"")""]","2026-08-22T10:43:18.126+00:00","2026-08-22T10:43:18.126+00:00","593683","false",
"6a89823bdb8b4996f373","[""read(\""user:6a8981a4e5eadb9a2983\"")""]","2026-08-22T11:04:28.010+00:00","2026-08-22T11:04:28.010+00:00","867419","false",
"6a89a0b8f23b5efd553d","[""read(\""user:6a847c4200265f99ed90\"")""]","2026-08-22T13:14:33.102+00:00","2026-08-22T13:14:33.102+00:00","436077","false",
"6a89a0d1152c50e8da7b","[""read(\""user:6a847c4200265f99ed90\"")""]","2026-08-22T13:14:57.191+00:00","2026-08-22T13:14:57.191+00:00","730280","false",
"6a89a5ff2b4c5d845101","[""read(\""user:6a886946714485581f3c\"")""]","2026-08-22T13:37:03.281+00:00","2026-08-22T13:37:03.281+00:00","842154","false",
"6a89f692be7744aea0db","[""read(\""user:6a1084d10038885a2fd0\"")""]","2026-08-22T19:20:50.888+00:00","2026-08-22T19:20:50.888+00:00","688112","false",
"6a8a586cbec1a813b6af","[""read(\""user:6a8a578e0029d5e29160\"")""]","2026-08-23T02:18:20.887+00:00","2026-08-23T02:18:20.887+00:00","899658","false",
"6a8a59721684b4a29573","[""read(\""user:6a8a578e0029d5e29160\"")""]","2026-08-23T02:22:42.203+00:00","2026-08-23T02:22:42.203+00:00","374477","false",
"6a8a5c322630599a53e3","[""read(\""user:6a8a5baf00286abb5137\"")""]","2026-08-23T02:34:26.272+00:00","2026-08-23T02:34:26.272+00:00","072409","false",
"6a8a5c5d7d974d9a0ec5","[""read(\""user:6a8a578e0029d5e29160\"")""]","2026-08-23T02:35:09.621+00:00","2026-08-23T02:35:09.621+00:00","988130","false",
"6a8a5d9cda63f589c626","[""read(\""user:6a8a578e0029d5e29160\"")""]","2026-08-23T02:40:29.004+00:00","2026-08-23T02:40:29.004+00:00","194366","false",
"6a8a5dd3849b4e493461","[""read(\""user:6a8a5b9c9046c30cfb59\"")""]","2026-08-23T02:41:23.653+00:00","2026-08-23T02:41:23.653+00:00","196407","false",
"6a8a5e23e4621ec7dbdc","[""read(\""user:6a8a578e0029d5e29160\"")""]","2026-08-23T02:42:44.154+00:00","2026-08-23T02:42:44.154+00:00","426588","false",
"6a8a5e48ecb2558656c9","[""read(\""user:6a8a578e0029d5e29160\"")""]","2026-08-23T02:43:21.073+00:00","2026-08-23T02:43:21.073+00:00","358647","false",
"6a8a5e9a1c45e7b817e3","[""read(\""user:6a8a578e0029d5e29160\"")""]","2026-08-23T02:44:42.219+00:00","2026-08-23T02:44:42.219+00:00","043537","false",
"6a8a652c84fda9f17a52","[""read(\""user:6a8a61e0002228a759d0\"")""]","2026-08-23T03:12:44.651+00:00","2026-08-23T03:12:44.651+00:00","303877","false",
"6a8a748b7d1723d0d52a","[""read(\""user:6a8a739300326f8e2874\"")""]","2026-08-23T04:18:19.616+00:00","2026-08-23T04:18:19.616+00:00","063834","false",
"6a8a7c1b275955768495","[""read(\""user:6a8a7bac2d4981e61322\"")""]","2026-08-23T04:50:35.268+00:00","2026-08-23T04:50:35.268+00:00","236255","false",
"6a8a7dfba8430d0489a1","[""read(\""user:6a8a7d6100199bf69c3f\"")""]","2026-08-23T04:58:35.803+00:00","2026-08-23T04:58:35.803+00:00","987337","false",
"6a8a7e021f6af35b5a85","[""read(\""user:6a8a7d6100199bf69c3f\"")""]","2026-08-23T04:58:42.245+00:00","2026-08-23T04:58:42.245+00:00","497032","false",
"6a8a7e0bd8a070634df5","[""read(\""user:6a8a7d6100199bf69c3f\"")""]","2026-08-23T04:58:51.988+00:00","2026-08-23T04:58:51.988+00:00","870347","false",
"6a8a7e144301222a2ad6","[""read(\""user:6a8a7d6100199bf69c3f\"")""]","2026-08-23T04:59:00.382+00:00","2026-08-23T04:59:00.382+00:00","122781","false",
"6a8a7e1e6fdf03ac8cb5","[""read(\""user:6a8a7d6100199bf69c3f\"")""]","2026-08-23T04:59:10.561+00:00","2026-08-23T04:59:10.561+00:00","686285","false",
"6a8a7e34ea152567078c","[""read(\""user:6a8a7d6100199bf69c3f\"")""]","2026-08-23T04:59:33.063+00:00","2026-08-23T04:59:33.063+00:00","709939","false",
"6a8a7e404df9e0f3908b","[""read(\""user:6a8a7d6100199bf69c3f\"")""]","2026-08-23T04:59:44.438+00:00","2026-08-23T04:59:44.438+00:00","157387","false",
"6a8a7e464354fb1f65b8","[""read(\""user:6a8a7d6100199bf69c3f\"")""]","2026-08-23T04:59:50.386+00:00","2026-08-23T04:59:50.386+00:00","205098","false",
"6a8a7e562d6d6689456e","[""read(\""user:6a8a7d6100199bf69c3f\"")""]","2026-08-23T05:00:06.297+00:00","2026-08-23T05:00:06.297+00:00","450186","false",
"6a8a7e5dc60cfb763e37","[""read(\""user:6a8a7d6100199bf69c3f\"")""]","2026-08-23T05:00:13.921+00:00","2026-08-23T05:00:13.921+00:00","344721","false",
"6a8a7e6b9f5e8b050e35","[""read(\""user:6a8a7d6100199bf69c3f\"")""]","2026-08-23T05:00:27.759+00:00","2026-08-23T05:00:27.759+00:00","555386","false",
"6a8a7e79e1b6b684050b","[""read(\""user:6a8a7d6100199bf69c3f\"")""]","2026-08-23T05:00:42.030+00:00","2026-08-23T05:00:42.030+00:00","532782","false",
"6a8a7e838355397cc1dd","[""read(\""user:6a8a7bf8003cff1d0ff6\"")""]","2026-08-23T05:00:51.663+00:00","2026-08-23T05:00:51.663+00:00","413741","false",
"6a8a7e8844776828b56a","[""read(\""user:6a8a7d6100199bf69c3f\"")""]","2026-08-23T05:00:56.382+00:00","2026-08-23T05:00:56.382+00:00","733913","false",
"6a8a7eb42c8e9982bf52","[""read(\""user:6a8a7d6100199bf69c3f\"")""]","2026-08-23T05:01:40.300+00:00","2026-08-23T05:01:40.300+00:00","020430","false",
"6a8a7ee03afc6c4f2f08","[""read(\""user:6a8a7d6100199bf69c3f\"")""]","2026-08-23T05:02:24.343+00:00","2026-08-23T05:02:24.343+00:00","272710","false",
"6a8a7f22bf0e22846663","[""read(\""user:6a8a7bf8003cff1d0ff6\"")""]","2026-08-23T05:03:30.890+00:00","2026-08-23T05:03:30.890+00:00","817005","false",
"6a8a7ff9bde809c1b24b","[""read(\""user:6a8a7bf8003cff1d0ff6\"")""]","2026-08-23T05:07:05.934+00:00","2026-08-23T05:07:05.934+00:00","591519","false",
"6a8a802158a08f938bd4","[""read(\""user:6a8a7d6100199bf69c3f\"")""]","2026-08-23T05:07:45.470+00:00","2026-08-23T05:07:45.470+00:00","920634","false",
"6a8a80b4d53b624e671f","[""read(\""user:6a8a7f620001ec8e5299\"")""]","2026-08-23T05:10:12.975+00:00","2026-08-23T05:10:12.975+00:00","106671","false",
"6a8a81b772ce6fd5b18d","[""read(\""user:6a8a7f620001ec8e5299\"")""]","2026-08-23T05:14:31.580+00:00","2026-08-23T05:14:31.580+00:00","140797","false",
"6a8a83b5127ca0847c3b","[""read(\""user:6a8a826a0030483cd292\"")""]","2026-08-23T05:23:01.184+00:00","2026-08-23T05:23:01.184+00:00","480503","false",
"6a8a855f1a03204a7d49","[""read(\""user:6a8a83ad0024c9feec75\"")""]","2026-08-23T05:30:07.217+00:00","2026-08-23T05:30:07.217+00:00","143928","false",
"6a8a86e6eec1e9c5ec01","[""read(\""user:6a8a86713eff00e9e699\"")""]","2026-08-23T05:36:39.084+00:00","2026-08-23T05:36:39.084+00:00","244411","false",
"6a8a879e3bc3b01b99ce","[""read(\""user:6a8a875a90ce11dcdb72\"")""]","2026-08-23T05:39:42.349+00:00","2026-08-23T05:39:42.349+00:00","117277","false",
"6a8a8bd200588de2ab2b","[""read(\""user:6a8a875a90ce11dcdb72\"")""]","2026-08-23T05:57:38.120+00:00","2026-08-23T05:57:38.120+00:00","802793","false",
"6a8a8f5e11b194699bd9","[""read(\""user:6a8a8d4e0029bc429ebb\"")""]","2026-08-23T06:12:46.183+00:00","2026-08-23T06:12:46.183+00:00","674904","false",
"6a8a92eabdfa69a94434","[""read(\""user:6a8a875a90ce11dcdb72\"")""]","2026-08-23T06:27:54.881+00:00","2026-08-23T06:27:54.881+00:00","785551","false",
"6a8aa8a2964d37dfd79a","[""read(\""user:6a8aa87992e4e7a64732\"")""]","2026-08-23T08:00:34.718+00:00","2026-08-23T08:00:34.718+00:00","735886","false",
"6a8aecfa6253b75ef35c","[""read(\""user:6a893733000ea55d5b56\"")""]","2026-08-23T12:52:10.514+00:00","2026-08-23T12:52:10.514+00:00","648926","false",
"6a8aef08b142fceb9f05","[""read(\""user:6a893733000ea55d5b56\"")""]","2026-08-23T13:00:56.828+00:00","2026-08-23T13:00:56.828+00:00","618089","false",
"6a8b0ec389cdab6c29e2","[""read(\""user:6a8b0e80e0c92894be53\"")""]","2026-08-23T15:16:19.667+00:00","2026-08-23T15:16:19.667+00:00","154932","false",
"6a8b1818ab309ae207de","[""read(\""user:6a8a7bf8003cff1d0ff6\"")""]","2026-08-23T15:56:08.825+00:00","2026-08-23T15:56:08.825+00:00","148107","false",
"6a8bb664e1d9ac9a27be","[""read(\""user:6a8bb4d5e54a314baca6\"")""]","2026-08-24T03:11:33.034+00:00","2026-08-24T03:11:33.034+00:00","954642","false",
"6a8bb796921f29c93ff2","[""read(\""user:69c1804c14a9bcf2fbd9\"")""]","2026-08-24T03:16:38.709+00:00","2026-08-24T03:16:38.709+00:00","654094","false",
"6a8bb841203548e7c0b9","[""read(\""user:6a1d0834b4aa4956a50d\"")""]","2026-08-24T03:19:29.239+00:00","2026-08-24T03:19:29.239+00:00","666913","false",
"6a8bb88fdd654450c2d1","[""read(\""user:6a59d5f3001ab3a1bbe6\"")""]","2026-08-24T03:20:48.021+00:00","2026-08-24T03:20:48.021+00:00","446412","false",
"6a8bb8925b5cd0742f70","[""read(\""user:6a1d0834b4aa4956a50d\"")""]","2026-08-24T03:20:50.478+00:00","2026-08-24T03:20:50.478+00:00","739121","false",
"6a8bb8d28a63cddcb414","[""read(\""user:6a670cd357172e3ec61f\"")""]","2026-08-24T03:21:54.666+00:00","2026-08-24T03:21:54.666+00:00","248831","false",
"6a8bbb67e659acd44afb","[""read(\""user:6a8675533ddf3c09b6e7\"")""]","2026-08-24T03:32:56.047+00:00","2026-08-24T03:32:56.047+00:00","056468","false",
"6a8bbbd9bfd493a199cb","[""read(\""user:6a850914d8ce926a268a\"")""]","2026-08-24T03:34:49.891+00:00","2026-08-24T03:34:49.891+00:00","443121","false",
"6a8bbc1b5aec4f04cb4e","[""read(\""user:6a8562d900273df27205\"")""]","2026-08-24T03:35:55.544+00:00","2026-08-24T03:35:55.544+00:00","925700","false",
"6a8bbc3c2a1c766bddf7","[""read(\""user:6a868ccba09015942818\"")""]","2026-08-24T03:36:28.275+00:00","2026-08-24T03:36:28.275+00:00","140955","false",
"6a8bbe3a0b52725ffc0f","[""read(\""user:6a8bbe120779b329d468\"")""]","2026-08-24T03:44:58.150+00:00","2026-08-24T03:44:58.150+00:00","260938","false",
"6a8bbecec324a5e19351","[""read(\""user:6a8bbe120779b329d468\"")""]","2026-08-24T03:47:26.906+00:00","2026-08-24T03:47:26.906+00:00","499246","false",
"6a8bc0dd5d03527f989a","[""read(\""user:6a8bbeea00122061ffb4\"")""]","2026-08-24T03:56:13.486+00:00","2026-08-24T03:56:13.486+00:00","979778","false",
"6a8bc0f33994d01eeb83","[""read(\""user:6a8bbfe30014c23ffef1\"")""]","2026-08-24T03:56:35.346+00:00","2026-08-24T03:56:35.346+00:00","812221","false",
"6a8bc185866db547cbf5","[""read(\""user:6a8bc108484ae8ed2cb2\"")""]","2026-08-24T03:59:01.658+00:00","2026-08-24T03:59:01.658+00:00","721486","false",
"6a8bc19aef1a642abca2","[""read(\""user:6a8bc108484ae8ed2cb2\"")""]","2026-08-24T03:59:23.083+00:00","2026-08-24T03:59:23.083+00:00","747511","false",
"6a8bc1e112d2711c55d5","[""read(\""user:6a5b3ce21d648a8b1280\"")""]","2026-08-24T04:00:33.185+00:00","2026-08-24T04:00:33.185+00:00","858000","false",
"6a8bc284e5d698ac1091","[""read(\""user:6a842a810032ecfdedff\"")""]","2026-08-24T04:03:17.048+00:00","2026-08-24T04:03:17.048+00:00","855901","false",
"6a8bc28c790723ed8671","[""read(\""user:6a8bc1f31ecdd86eb59d\"")""]","2026-08-24T04:03:24.607+00:00","2026-08-24T04:03:24.607+00:00","217692","false",
"6a8bc37474634f4eb829","[""read(\""user:6a8bbeea00122061ffb4\"")""]","2026-08-24T04:07:16.582+00:00","2026-08-24T04:07:16.582+00:00","913600","false",
"6a8bc39f2cd21b0a545c","[""read(\""user:6a8bc37494a98bf73c86\"")""]","2026-08-24T04:07:59.288+00:00","2026-08-24T04:07:59.288+00:00","178598","false",
"6a8bc4001ef6c424ee34","[""read(\""user:6a8810bf0018fbe54f1b\"")""]","2026-08-24T04:09:36.229+00:00","2026-08-24T04:09:36.229+00:00","494873","false",
"6a8bc4dab7a1a9745959","[""read(\""user:6a8bc108484ae8ed2cb2\"")""]","2026-08-24T04:13:14.863+00:00","2026-08-24T04:13:14.863+00:00","038960","false",
"6a8bc5140b421fac0187","[""read(\""user:6a8bc4cf001013ff65e3\"")""]","2026-08-24T04:14:12.152+00:00","2026-08-24T04:14:12.152+00:00","684569","false",
"6a8bc6807e42a0419623","[""read(\""user:6a8bc6294d7e00d3a511\"")""]","2026-08-24T04:20:16.655+00:00","2026-08-24T04:20:16.655+00:00","121525","false",
"6a8bc69071132e9d16c2","[""read(\""user:6a8bc6294d7e00d3a511\"")""]","2026-08-24T04:20:32.574+00:00","2026-08-24T04:20:32.574+00:00","490703","false",
"6a8bc7058742bd0584e5","[""read(\""user:6a8bc5ad0015102e1fd1\"")""]","2026-08-24T04:22:29.669+00:00","2026-08-24T04:22:29.669+00:00","527387","false",
"6a8bc78f696b6e07e273","[""read(\""user:6a8bc37494a98bf73c86\"")""]","2026-08-24T04:24:47.550+00:00","2026-08-24T04:24:47.550+00:00","172171","false",
"6a8bc7a78f7fe8dcc8e7","[""read(\""user:6a8bc6cecb9044acbded\"")""]","2026-08-24T04:25:11.695+00:00","2026-08-24T04:25:11.695+00:00","758221","false",
"6a8bc7ff879cc5b7ea56","[""read(\""user:6a8bc5ad0015102e1fd1\"")""]","2026-08-24T04:26:39.665+00:00","2026-08-24T04:26:39.665+00:00","794413","false",
"6a8bc8af9f6d42803fa6","[""read(\""user:6a8bc7c2001a9e12e6bc\"")""]","2026-08-24T04:29:35.755+00:00","2026-08-24T04:29:35.755+00:00","580766","false",
"6a8bcd5c5baeb7065a5e","[""read(\""user:6a8bcd22e64afa3cfc43\"")""]","2026-08-24T04:49:32.492+00:00","2026-08-24T04:49:32.492+00:00","037669","false",
"6a8bcf069c2d5c1ae1b9","[""read(\""user:6a8937990012c8eefe7c\"")""]","2026-08-24T04:56:38.751+00:00","2026-08-24T04:56:38.751+00:00","720482","false",
"6a8bd0ac44cab7a5a2b0","[""read(\""user:6a8bcfe91af6ea59f23c\"")""]","2026-08-24T05:03:40.385+00:00","2026-08-24T05:03:40.385+00:00","462582","false",
"6a8bd1d071e906b46e29","[""read(\""user:6a8bcfe91af6ea59f23c\"")""]","2026-08-24T05:08:32.592+00:00","2026-08-24T05:08:32.592+00:00","300632","false",
"6a8bd25165700479d717","[""read(\""user:6a0ab9cd1907dcbb4d8d\"")""]","2026-08-24T05:10:41.524+00:00","2026-08-24T05:10:41.524+00:00","601628","false",
"6a8bd6d6eddbc020d960","[""read(\""user:69eaf117ed7db18568f7\"")""]","2026-08-24T05:29:59.113+00:00","2026-08-24T05:29:59.113+00:00","576665","false",
"6a8bd784c63621e0496f","[""read(\""user:6a8bd5d40025dd8f5c17\"")""]","2026-08-24T05:32:52.938+00:00","2026-08-24T05:32:52.938+00:00","742583","false",
"6a8bd78c635ee3870c92","[""read(\""user:6a5727485f7c4e94f7fa\"")""]","2026-08-24T05:33:00.522+00:00","2026-08-24T05:33:00.522+00:00","136975","false",
"6a8bd7f3b660d93cca90","[""read(\""user:6a8bc7c2001a9e12e6bc\"")""]","2026-08-24T05:34:43.853+00:00","2026-08-24T05:34:43.853+00:00","604729","false",
"6a8bd8e37674957a262e","[""read(\""user:69febc8f4405af8f9bd7\"")""]","2026-08-24T05:38:43.842+00:00","2026-08-24T05:38:43.842+00:00","259031","false",
"6a8bd9ce8fe191667b89","[""read(\""user:6a8bc6cecb9044acbded\"")""]","2026-08-24T05:42:38.748+00:00","2026-08-24T05:42:38.748+00:00","363159","false",
"6a8bd9eb47aef32e6262","[""read(\""user:6a8bc4683a6dad69eccd\"")""]","2026-08-24T05:43:07.411+00:00","2026-08-24T05:43:07.411+00:00","478783","false",
"6a8bdb0a40d6fa43736d","[""read(\""user:6a8bc5ad0015102e1fd1\"")""]","2026-08-24T05:47:54.376+00:00","2026-08-24T05:47:54.376+00:00","680011","false",
"6a8bdb1ac6d3bd02784d","[""read(\""user:6a8bda5da71203509b3e\"")""]","2026-08-24T05:48:10.925+00:00","2026-08-24T05:48:10.925+00:00","173774","false",
"6a8bdb9b693c3058e408","[""read(\""user:69eeda84d95dc9566cca\"")""]","2026-08-24T05:50:19.536+00:00","2026-08-24T05:50:19.536+00:00","186082","false",
"6a8bdbe109335570bfe3","[""read(\""user:6a868c4d2311be1616ce\"")""]","2026-08-24T05:51:29.155+00:00","2026-08-24T05:51:29.155+00:00","795253","false",
"6a8bdc0c43cb78aa09a3","[""read(\""user:6a8bdbd773569bf1a563\"")""]","2026-08-24T05:52:12.392+00:00","2026-08-24T05:52:12.392+00:00","401929","false",
"6a8bdc70e794a759af78","[""read(\""user:69eeda84d95dc9566cca\"")""]","2026-08-24T05:53:53.096+00:00","2026-08-24T05:53:53.096+00:00","078531","false",
"6a8bdcea7165931ecff8","[""read(\""user:6a868c4d2311be1616ce\"")""]","2026-08-24T05:55:54.585+00:00","2026-08-24T05:55:54.585+00:00","890390","false",
"6a8bdcfc9c5823860c6e","[""read(\""user:69eeda84d95dc9566cca\"")""]","2026-08-24T05:56:12.744+00:00","2026-08-24T05:56:12.744+00:00","331005","false",
"6a8bdd5942fbaf6cdc89","[""read(\""user:6a1667a28e9a37bc0058\"")""]","2026-08-24T05:57:45.386+00:00","2026-08-24T05:57:45.386+00:00","270357","false",
"6a8bddbe2bcb393718c7","[""read(\""user:69ef2b852355a6a50c43\"")""]","2026-08-24T05:59:26.311+00:00","2026-08-24T05:59:26.311+00:00","610906","false",
"6a8bde065b25e0f9d62d","[""read(\""user:6a8bc4683a6dad69eccd\"")""]","2026-08-24T06:00:38.559+00:00","2026-08-24T06:00:38.559+00:00","776591","false",
"6a8bde1d830e941a3c08","[""read(\""user:6a868c4d2311be1616ce\"")""]","2026-08-24T06:01:01.645+00:00","2026-08-24T06:01:01.645+00:00","099262","false",
"6a8bdec371f124a2fa24","[""read(\""user:6a19e6e1c0957def6126\"")""]","2026-08-24T06:03:47.645+00:00","2026-08-24T06:03:47.645+00:00","056587","false",
"6a8bdeca7acf81d28bce","[""read(\""user:6a8bc4683a6dad69eccd\"")""]","2026-08-24T06:03:54.660+00:00","2026-08-24T06:03:54.660+00:00","170570","false",
"6a8bdeea370bf1825acd","[""read(\""user:6a19e6e1c0957def6126\"")""]","2026-08-24T06:04:26.350+00:00","2026-08-24T06:04:26.350+00:00","907709","false",
"6a8be4ce96590a26c5f0","[""read(\""user:69f040e7c1a7cf838fab\"")""]","2026-08-24T06:29:34.727+00:00","2026-08-24T06:29:34.727+00:00","209156","false",
"6a8be58092b5c9114e73","[""read(\""user:6a8bbfe30014c23ffef1\"")""]","2026-08-24T06:32:32.707+00:00","2026-08-24T06:32:32.707+00:00","551498","false",
"6a8be5cdf16bc37e0713","[""read(\""user:69f040e7c1a7cf838fab\"")""]","2026-08-24T06:33:50.123+00:00","2026-08-24T06:33:50.123+00:00","590054","false",
"6a8be5e1eeccde360a4a","[""read(\""user:6a8bd3b00020feaecaee\"")""]","2026-08-24T06:34:10.114+00:00","2026-08-24T06:34:10.114+00:00","816026","false",
"6a8be655234a54fe384d","[""read(\""user:6a8bd35a00395b9ffbc1\"")""]","2026-08-24T06:36:05.257+00:00","2026-08-24T06:36:05.257+00:00","013656","false",
"6a8be69c3227fd9c7dad","[""read(\""user:6a8bbfe30014c23ffef1\"")""]","2026-08-24T06:37:16.319+00:00","2026-08-24T06:37:16.319+00:00","982409","false",
"6a8be6feb01256b1ba82","[""read(\""user:6a1947b00b8a69106cd9\"")""]","2026-08-24T06:38:54.831+00:00","2026-08-24T06:38:54.831+00:00","361188","false",
"6a8be7bb775db7aecb3a","[""read(\""user:6a5f00455934645378b9\"")""]","2026-08-24T06:42:03.600+00:00","2026-08-24T06:42:03.600+00:00","635648","false",
"6a8be8580fc73c6a5e3b","[""read(\""user:6a8be810000239f48c91\"")""]","2026-08-24T06:44:40.173+00:00","2026-08-24T06:44:40.173+00:00","145003","false",
"6a8bea5ef04a90286c13","[""read(\""user:69febc8f4405af8f9bd7\"")""]","2026-08-24T06:53:19.095+00:00","2026-08-24T06:53:19.095+00:00","773856","false",
"6a8beab6519a634c4589","[""read(\""user:6a842eac001ba4d40f25\"")""]","2026-08-24T06:54:46.438+00:00","2026-08-24T06:54:46.438+00:00","952548","false",
"6a8beae6f0192f8d1241","[""read(\""user:6a5ee5ab640c5e925541\"")""]","2026-08-24T06:55:35.095+00:00","2026-08-24T06:55:35.095+00:00","411018","false",
"6a8beb070e54004ce079","[""read(\""user:6a5f00455934645378b9\"")""]","2026-08-24T06:56:07.168+00:00","2026-08-24T06:56:07.168+00:00","732332","false",
"6a8beb10dddfa92bfed5","[""read(\""user:6a5ee5ab640c5e925541\"")""]","2026-08-24T06:56:17.044+00:00","2026-08-24T06:56:17.044+00:00","355683","false",
"6a8beb1743188ac641cb","[""read(\""user:6a5ee5ab640c5e925541\"")""]","2026-08-24T06:56:23.618+00:00","2026-08-24T06:56:23.618+00:00","766717","false",
"6a8bebb0c953de0e45f4","[""read(\""user:6a1a8cb7b170c1b98288\"")""]","2026-08-24T06:58:56.929+00:00","2026-08-24T06:58:56.929+00:00","147717","false",
"6a8bebfb36321b52210d","[""read(\""user:6a5ee5ab640c5e925541\"")""]","2026-08-24T07:00:11.353+00:00","2026-08-24T07:00:11.353+00:00","300435","false",
"6a8bec0b71bc68cd8df7","[""read(\""user:6a1a8cb7b170c1b98288\"")""]","2026-08-24T07:00:27.578+00:00","2026-08-24T07:00:27.578+00:00","553483","false",
"6a8bec1313a412455d80","[""read(\""user:6a8beb3f79f10f9c26a8\"")""]","2026-08-24T07:00:35.188+00:00","2026-08-24T07:00:35.188+00:00","208274","false",
"6a8bec4e2ba132ee1ef2","[""read(\""user:69fc078100322b7b9c36\"")""]","2026-08-24T07:01:34.293+00:00","2026-08-24T07:01:34.293+00:00","223207","false",
"6a8becb5a2f3fc8484ca","[""read(\""user:6a8be8579d86e539dfc3\"")""]","2026-08-24T07:03:17.776+00:00","2026-08-24T07:03:17.776+00:00","206725","false",
"6a8becd9e8639c787cb5","[""read(\""user:6a8be8579d86e539dfc3\"")""]","2026-08-24T07:03:54.067+00:00","2026-08-24T07:03:54.067+00:00","599434","false",
"6a8bed52574427b1e177","[""read(\""user:6a7d3c32a43b7d3c99ed\"")""]","2026-08-24T07:05:54.473+00:00","2026-08-24T07:05:54.473+00:00","948609","false",
"6a8bed6a4b0cdbf1fdb8","[""read(\""user:6a7d3c32a43b7d3c99ed\"")""]","2026-08-24T07:06:18.412+00:00","2026-08-24T07:06:18.412+00:00","450821","false",
"6a8bed92338495889c58","[""read(\""user:69fc078100322b7b9c36\"")""]","2026-08-24T07:06:58.337+00:00","2026-08-24T07:06:58.337+00:00","694416","false",
"6a8beeab387bfd438635","[""read(\""user:6a1a8cb7b170c1b98288\"")""]","2026-08-24T07:11:39.345+00:00","2026-08-24T07:11:39.345+00:00","556338","false",
"6a8bef21bb6f9f974d2c","[""read(\""user:6a8675533ddf3c09b6e7\"")""]","2026-08-24T07:13:37.883+00:00","2026-08-24T07:13:37.883+00:00","359958","false",
"6a8befd77255cefb64b9","[""read(\""user:69f186e5c928d7ce0e79\"")""]","2026-08-24T07:16:39.626+00:00","2026-08-24T07:16:39.626+00:00","651468","false",
"6a8bf04f7608ea2cff54","[""read(\""user:6a8bf0282ec8cc2163d9\"")""]","2026-08-24T07:18:39.589+00:00","2026-08-24T07:18:39.589+00:00","463922","false",
"6a8bf0633101d5b2e5df","[""read(\""user:69f186e5c928d7ce0e79\"")""]","2026-08-24T07:18:59.317+00:00","2026-08-24T07:18:59.317+00:00","373823","false",
"6a8bf10b498e51f62db3","[""read(\""user:6a8bf093745b860556da\"")""]","2026-08-24T07:21:47.421+00:00","2026-08-24T07:21:47.421+00:00","189275","false",
"6a8bf132a8c098708461","[""read(\""user:69f1b13c9da01ee624d7\"")""]","2026-08-24T07:22:26.811+00:00","2026-08-24T07:22:26.811+00:00","385638","false",
"6a8bf230aa0c373d93fe","[""read(\""user:6a8bf1e10cb858060128\"")""]","2026-08-24T07:26:40.809+00:00","2026-08-24T07:26:40.809+00:00","177031","false",
"6a8bf29a7a782ae39fa2","[""read(\""user:6a8bf2320015fdc894ee\"")""]","2026-08-24T07:28:26.618+00:00","2026-08-24T07:28:26.618+00:00","189684","false",
"6a8bf2f6214383f22496","[""read(\""user:6a869aef4a9d1007ef22\"")""]","2026-08-24T07:29:58.330+00:00","2026-08-24T07:29:58.330+00:00","341399","false",
"6a8bf326ea0c4e53f219","[""read(\""user:6a5b3ce21d648a8b1280\"")""]","2026-08-24T07:30:47.078+00:00","2026-08-24T07:30:47.078+00:00","818675","false",
"6a8bf3912fef6e564132","[""read(\""user:6a0156320df131cb37e3\"")""]","2026-08-24T07:32:33.314+00:00","2026-08-24T07:32:33.314+00:00","911141","false",
"6a8bf3d30f6ce7d19925","[""read(\""user:69fb0e85af7a66cd0277\"")""]","2026-08-24T07:33:39.185+00:00","2026-08-24T07:33:39.185+00:00","594790","false",
"6a8bf3e79bed02ae1c8b","[""read(\""user:69f186e5c928d7ce0e79\"")""]","2026-08-24T07:33:59.840+00:00","2026-08-24T07:33:59.840+00:00","203701","false",
"6a8bf3e7c94fd1567081","[""read(\""user:6a8bf3c2699b5e9f4481\"")""]","2026-08-24T07:33:59.933+00:00","2026-08-24T07:33:59.933+00:00","105770","false",
"6a8bf4175f79265c9113","[""read(\""user:69f987a9001c3fbe4d31\"")""]","2026-08-24T07:34:47.502+00:00","2026-08-24T07:34:47.502+00:00","509256","false",
"6a8bf41cbc8a8bf0e08b","[""read(\""user:69f186e5c928d7ce0e79\"")""]","2026-08-24T07:34:52.878+00:00","2026-08-24T07:34:52.878+00:00","895940","false",
"6a8bf426160fb4c7092a","[""read(\""user:69ef1ad4415eca2260de\"")""]","2026-08-24T07:35:02.194+00:00","2026-08-24T07:35:02.194+00:00","259830","false",
"6a8bf4379e4300b936c6","[""read(\""user:6a8bf3c2699b5e9f4481\"")""]","2026-08-24T07:35:19.752+00:00","2026-08-24T07:35:19.752+00:00","918731","false",
"6a8bf44670fd483d5953","[""read(\""user:69eaec4459f4d234f86a\"")""]","2026-08-24T07:35:34.571+00:00","2026-08-24T07:35:34.571+00:00","893416","false",
"6a8bf44e53ab407ba9d8","[""read(\""user:6a5f00455934645378b9\"")""]","2026-08-24T07:35:42.451+00:00","2026-08-24T07:35:42.451+00:00","667151","false",
"6a8bf4f68fafcebfb390","[""read(\""user:6a8bf3c469f534b4f67f\"")""]","2026-08-24T07:38:30.710+00:00","2026-08-24T07:38:30.710+00:00","236570","false",
"6a8bf540dc18ddb7c560","[""read(\""user:6a8bf4005cf4e5955975\"")""]","2026-08-24T07:39:45.012+00:00","2026-08-24T07:39:45.012+00:00","999832","false",
"6a8bf5438b04a47d8dcc","[""read(\""user:6a8bf0195b9a9b8ab82c\"")""]","2026-08-24T07:39:47.677+00:00","2026-08-24T07:39:47.677+00:00","030251","false",
"6a8bf545af9b6aee540a","[""read(\""user:6a869aef4a9d1007ef22\"")""]","2026-08-24T07:39:49.828+00:00","2026-08-24T07:39:49.828+00:00","261954","false",
"6a8bf594cdeb8a9fa081","[""read(\""user:69f2f1c1321cb4fd6fd9\"")""]","2026-08-24T07:41:08.952+00:00","2026-08-24T07:41:08.952+00:00","527882","false",
"6a8bf6a2114d337547c7","[""read(\""user:6a04255c8a27b88d9a83\"")""]","2026-08-24T07:45:38.176+00:00","2026-08-24T07:45:38.176+00:00","978722","false",
"6a8bf72212ff973364ed","[""read(\""user:6a89475065c7f5f3e0cc\"")""]","2026-08-24T07:47:46.199+00:00","2026-08-24T07:47:46.199+00:00","362354","false",
"6a8bf775447807538d91","[""read(\""user:69fabdc6a679adfc4cd8\"")""]","2026-08-24T07:49:09.383+00:00","2026-08-24T07:49:09.383+00:00","476362","false",
"6a8bf7b11fdb73a6e93b","[""read(\""user:69ec3098f069f8127c30\"")""]","2026-08-24T07:50:09.245+00:00","2026-08-24T07:50:09.245+00:00","122896","false",
"6a8bf7ba46796bafa37e","[""read(\""user:69ec3098f069f8127c30\"")""]","2026-08-24T07:50:18.387+00:00","2026-08-24T07:50:18.387+00:00","579233","false",
"6a8bf7cbdff2ea1b71d7","[""read(\""user:69ec3098f069f8127c30\"")""]","2026-08-24T07:50:36.021+00:00","2026-08-24T07:50:36.021+00:00","506382","false",
"6a8bf7df4e005e6c93c1","[""read(\""user:6a855a14f0deabcc7d59\"")""]","2026-08-24T07:50:55.424+00:00","2026-08-24T07:50:55.424+00:00","742397","false",
"6a8bf8a49b039f5ef673","[""read(\""user:6a8bf827dc0e9d1ffe1a\"")""]","2026-08-24T07:54:12.741+00:00","2026-08-24T07:54:12.741+00:00","283806","false",
"6a8bf8a8d006415a56d5","[""read(\""user:6a8bf83512b8a95283c5\"")""]","2026-08-24T07:54:16.960+00:00","2026-08-24T07:54:16.960+00:00","248701","false",
"6a8bf8ebaae7bc4f5195","[""read(\""user:6a8bf852e1958e171488\"")""]","2026-08-24T07:55:23.829+00:00","2026-08-24T07:55:23.829+00:00","470925","false",
"6a8bf95ced00ba001344","[""read(\""user:6a7d3c32a43b7d3c99ed\"")""]","2026-08-24T07:57:17.090+00:00","2026-08-24T07:57:17.090+00:00","207628","false",
"6a8bf97754a021736d2d","[""read(\""user:6a4f524d133e9c595051\"")""]","2026-08-24T07:57:43.462+00:00","2026-08-24T07:57:43.462+00:00","313447","false",
"6a8bf9e817bc199acf49","[""read(\""user:69f335f0f202824ad543\"")""]","2026-08-24T07:59:36.201+00:00","2026-08-24T07:59:36.201+00:00","639106","false",
"6a8bfa21a38166e11117","[""read(\""user:6a8bf85800344a555f24\"")""]","2026-08-24T08:00:33.784+00:00","2026-08-24T08:00:33.784+00:00","742678","false",
"6a8bfa58c44bdafd4dd5","[""read(\""user:6a8bf99e5df50cc682c8\"")""]","2026-08-24T08:01:28.913+00:00","2026-08-24T08:01:28.913+00:00","693775","false",
"6a8bfa718651eedc68da","[""read(\""user:6a7d3c32a43b7d3c99ed\"")""]","2026-08-24T08:01:53.668+00:00","2026-08-24T08:01:53.668+00:00","740550","false",
"6a8bfa93646ae3a15316","[""read(\""user:6a8bf96d00383542d00c\"")""]","2026-08-24T08:02:27.528+00:00","2026-08-24T08:02:27.528+00:00","627583","false",
"6a8bfac02a974345eeeb","[""read(\""user:6a8bf9970036e5c59f84\"")""]","2026-08-24T08:03:12.274+00:00","2026-08-24T08:03:12.274+00:00","259850","false",
"6a8bfb00552c601492bc","[""read(\""user:6a8bf0195b9a9b8ab82c\"")""]","2026-08-24T08:04:16.461+00:00","2026-08-24T08:04:16.461+00:00","351146","false",
"6a8bfb1a88abdb85a766","[""read(\""user:6a8bf9e30030088cccef\"")""]","2026-08-24T08:04:42.663+00:00","2026-08-24T08:04:42.663+00:00","086233","false",
"6a8bfb9cab79f0fa19d9","[""read(\""user:6a7ec56d9e34f7659225\"")""]","2026-08-24T08:06:52.812+00:00","2026-08-24T08:06:52.812+00:00","901071","false",
"6a8bfbeb28fa53fc7836","[""read(\""user:6a102ad3989895297c72\"")""]","2026-08-24T08:08:11.283+00:00","2026-08-24T08:08:11.283+00:00","778209","false",
"6a8bfc0c39d856409063","[""read(\""user:6a102ad3989895297c72\"")""]","2026-08-24T08:08:44.348+00:00","2026-08-24T08:08:44.348+00:00","780570","false",
"6a8bfc0cd39bed05c56b","[""read(\""user:6a8bfbb15abf310a01f6\"")""]","2026-08-24T08:08:44.977+00:00","2026-08-24T08:08:44.977+00:00","288868","false",
"6a8bfcbf31699bceae66","[""read(\""user:6a0c13a300387b31f9a4\"")""]","2026-08-24T08:11:43.327+00:00","2026-08-24T08:11:43.327+00:00","329031","false",
"6a8bfcef005331b1c268","[""read(\""user:6a51be25f085d4234622\"")""]","2026-08-24T08:12:31.126+00:00","2026-08-24T08:12:31.126+00:00","990868","false",
"6a8bfd750544f5ac8f0f","[""read(\""user:6a0c13a300387b31f9a4\"")""]","2026-08-24T08:14:45.132+00:00","2026-08-24T08:14:45.132+00:00","665279","false",
"6a8bfdff36561b548639","[""read(\""user:6a8bda5da71203509b3e\"")""]","2026-08-24T08:17:03.350+00:00","2026-08-24T08:17:03.350+00:00","228588","false",
"6a8bff15229f4191b5e9","[""read(\""user:6a8bda5da71203509b3e\"")""]","2026-08-24T08:21:41.251+00:00","2026-08-24T08:21:41.251+00:00","274827","false",
"6a8c01e937b850b61cab","[""read(\""user:6a8bf0195b9a9b8ab82c\"")""]","2026-08-24T08:33:45.329+00:00","2026-08-24T08:33:45.329+00:00","379289","false",
"6a8c02488c1e0a1d8466","[""read(\""user:6a8c022058fe627b8871\"")""]","2026-08-24T08:35:20.683+00:00","2026-08-24T08:35:20.683+00:00","224069","false",
"6a8c025f188dc71cd1a1","[""read(\""user:6a8c022058fe627b8871\"")""]","2026-08-24T08:35:43.251+00:00","2026-08-24T08:35:43.251+00:00","184956","false",
"6a8c02697e98b6850545","[""read(\""user:6a8c022058fe627b8871\"")""]","2026-08-24T08:35:53.630+00:00","2026-08-24T08:35:53.630+00:00","263365","false",
"6a8c030be9cd41840277","[""read(\""user:6a842f67002e44792d98\"")""]","2026-08-24T08:38:36.062+00:00","2026-08-24T08:38:36.062+00:00","740065","false",
"6a8c034370f1c57c930d","[""read(\""user:6a8bf0195b9a9b8ab82c\"")""]","2026-08-24T08:39:31.612+00:00","2026-08-24T08:39:31.612+00:00","924972","false",
"6a8c035d6934d171be83","[""read(\""user:6a8bf0195b9a9b8ab82c\"")""]","2026-08-24T08:39:57.561+00:00","2026-08-24T08:39:57.561+00:00","397625","false",
"6a8c036455a36c83a280","[""read(\""user:6a043a3ca350772576ce\"")""]","2026-08-24T08:40:04.475+00:00","2026-08-24T08:40:04.475+00:00","542670","false",
"6a8c03ee0d589fcae29c","[""read(\""user:6a043a3ca350772576ce\"")""]","2026-08-24T08:42:22.171+00:00","2026-08-24T08:42:22.171+00:00","207696","false",
"6a8c04389d855df42637","[""read(\""user:69f1daac856b88102653\"")""]","2026-08-24T08:43:36.751+00:00","2026-08-24T08:43:36.751+00:00","940461","false",
"6a8c046e57171a3e448b","[""read(\""user:6a043a3ca350772576ce\"")""]","2026-08-24T08:44:30.471+00:00","2026-08-24T08:44:30.471+00:00","954940","false",
"6a8c047309052cd5782b","[""read(\""user:6a8c0377002c434073c7\"")""]","2026-08-24T08:44:35.145+00:00","2026-08-24T08:44:35.145+00:00","375656","false",
"6a8c048e08273d819459","[""read(\""user:6a8c04379c07863094a6\"")""]","2026-08-24T08:45:02.144+00:00","2026-08-24T08:45:02.144+00:00","046600","false",
"6a8c051409dfcfe4e076","[""read(\""user:6a84745b0022b65fd0cd\"")""]","2026-08-24T08:47:16.145+00:00","2026-08-24T08:47:16.145+00:00","259800","false",
"6a8c0514a76396337bc1","[""read(\""user:6a0abba2c02c10243a03\"")""]","2026-08-24T08:47:16.796+00:00","2026-08-24T08:47:16.796+00:00","851249","false",
"6a8c052ca25f21ece346","[""read(\""user:6a02b210132776500b92\"")""]","2026-08-24T08:47:40.776+00:00","2026-08-24T08:47:40.776+00:00","700419","false",
"6a8c059ad18c07ef4655","[""read(\""user:6a02b210132776500b92\"")""]","2026-08-24T08:49:30.965+00:00","2026-08-24T08:49:30.965+00:00","478456","false",
"6a8c05a92384f5f502de","[""read(\""user:6a02b210132776500b92\"")""]","2026-08-24T08:49:45.250+00:00","2026-08-24T08:49:45.250+00:00","054030","false",
"6a8c05e391c58167902d","[""read(\""user:69eee2c94e415688dfa2\"")""]","2026-08-24T08:50:43.709+00:00","2026-08-24T08:50:43.709+00:00","249888","false",
"6a8c06c6dcf4abb9b69b","[""read(\""user:6a8c05db0fca9d2a476f\"")""]","2026-08-24T08:54:31.012+00:00","2026-08-24T08:54:31.012+00:00","360729","false",
"6a8c075ea07a1b3b17d4","[""read(\""user:69eee2c94e415688dfa2\"")""]","2026-08-24T08:57:02.761+00:00","2026-08-24T08:57:02.761+00:00","626708","false",
"6a8c077a51b6420b0111","[""read(\""user:6a8807160f8a7bd6d9ee\"")""]","2026-08-24T08:57:30.434+00:00","2026-08-24T08:57:30.434+00:00","670119","false",
"6a8c0786e05d7fa76af7","[""read(\""user:69eee2c94e415688dfa2\"")""]","2026-08-24T08:57:43.054+00:00","2026-08-24T08:57:43.054+00:00","882992","false",
"6a8c07c55f495923a708","[""read(\""user:6a8c074bab9deb07429c\"")""]","2026-08-24T08:58:45.496+00:00","2026-08-24T08:58:45.496+00:00","971090","false",
"6a8c07ecea4466aafe11","[""read(\""user:6a5b152e001dc098b9de\"")""]","2026-08-24T08:59:25.059+00:00","2026-08-24T08:59:25.059+00:00","362862","false",
"6a8c08485478a4df5f0b","[""read(\""user:6a0c13a300387b31f9a4\"")""]","2026-08-24T09:00:56.465+00:00","2026-08-24T09:00:56.465+00:00","252316","false",
"6a8c0940abd236c3466f","[""read(\""user:6a8812e9047c83a2b88e\"")""]","2026-08-24T09:05:05.124+00:00","2026-08-24T09:05:05.124+00:00","378594","false",
"6a8c0cedea8de4504f39","[""read(\""user:6a5f15d5ed0801344018\"")""]","2026-08-24T09:20:46.067+00:00","2026-08-24T09:20:46.067+00:00","066171","false",
"6a8c0d677c0df65fe4fb","[""read(\""user:6a0fcf20887064a04307\"")""]","2026-08-24T09:22:47.616+00:00","2026-08-24T09:22:47.616+00:00","315028","false",
"6a8c0d7a305136551ded","[""read(\""user:6a8c0cc0001734a581e1\"")""]","2026-08-24T09:23:06.300+00:00","2026-08-24T09:23:06.300+00:00","216493","false",
"6a8c0d963a277ac53e15","[""read(\""user:6a8c0d2222eb6c269fc9\"")""]","2026-08-24T09:23:34.371+00:00","2026-08-24T09:23:34.371+00:00","276427","false",
"6a8c0e0fcbc8e1953443","[""read(\""user:69eee49ac95be3f7ff70\"")""]","2026-08-24T09:25:35.944+00:00","2026-08-24T09:25:35.944+00:00","098993","false",
"6a8c0e1372dae2509acf","[""read(\""user:6a8c0d2222eb6c269fc9\"")""]","2026-08-24T09:25:39.575+00:00","2026-08-24T09:25:39.575+00:00","408610","false",
"6a8c0e64b70542c4cbc6","[""read(\""user:69fd6437e8cb8792993f\"")""]","2026-08-24T09:27:00.856+00:00","2026-08-24T09:27:00.856+00:00","557851","false",
"6a8c0e7b182e25c4c4c8","[""read(\""user:69eee49ac95be3f7ff70\"")""]","2026-08-24T09:27:23.202+00:00","2026-08-24T09:27:23.202+00:00","842661","false",
"6a8c0ebfbaa017bdf1aa","[""read(\""user:6a5ee5ab640c5e925541\"")""]","2026-08-24T09:28:31.880+00:00","2026-08-24T09:28:31.880+00:00","628698","false",
"6a8c0f059cd145db7c19","[""read(\""user:6a8c0d8b6a51da4bfff8\"")""]","2026-08-24T09:29:42.015+00:00","2026-08-24T09:29:42.015+00:00","059055","false",
"6a8c0f6fc329cb9c410c","[""read(\""user:6a83dd69f1f60c6f25a6\"")""]","2026-08-24T09:31:27.902+00:00","2026-08-24T09:31:27.902+00:00","854867","false",
"6a8c0ff68a9f05feddfb","[""read(\""user:69eee49ac95be3f7ff70\"")""]","2026-08-24T09:33:42.680+00:00","2026-08-24T09:33:42.680+00:00","081797","false",
"6a8c102db50c1756de30","[""read(\""user:69fc4df83e2dcdb30e11\"")""]","2026-08-24T09:34:37.899+00:00","2026-08-24T09:34:37.899+00:00","260317","false",
"6a8c10c9cf831ac88f4d","[""read(\""user:6a58a6eb8ecc07584077\"")""]","2026-08-24T09:37:13.955+00:00","2026-08-24T09:37:13.955+00:00","284144","false",
"6a8c1108d49955e7e46b","[""read(\""user:6a58a6eb8ecc07584077\"")""]","2026-08-24T09:38:16.984+00:00","2026-08-24T09:38:16.984+00:00","486805","false",
"6a8c11184944cb70ed43","[""read(\""user:6a7944d95c15af542f96\"")""]","2026-08-24T09:38:32.418+00:00","2026-08-24T09:38:32.418+00:00","182271","false",
"6a8c117a13951b21289f","[""read(\""user:6a58a6eb8ecc07584077\"")""]","2026-08-24T09:40:10.192+00:00","2026-08-24T09:40:10.192+00:00","523525","false",
"6a8c117e2443604ba2ee","[""read(\""user:6a8c0d8b6a51da4bfff8\"")""]","2026-08-24T09:40:14.267+00:00","2026-08-24T09:40:14.267+00:00","329568","false",
"6a8c11e5425c2673dc50","[""read(\""user:6a7944d95c15af542f96\"")""]","2026-08-24T09:41:57.377+00:00","2026-08-24T09:41:57.377+00:00","902080","false",
"6a8c121200cab0fbaba2","[""read(\""user:6a8c11abc34457650775\"")""]","2026-08-24T09:42:42.109+00:00","2026-08-24T09:42:42.109+00:00","921449","false",
"6a8c12504e9e492ef049","[""read(\""user:6a8c11e200078c7df43f\"")""]","2026-08-24T09:43:44.427+00:00","2026-08-24T09:43:44.427+00:00","259133","false",
"6a8c125d51e8fd9a0879","[""read(\""user:6a8c1229c5814f075a52\"")""]","2026-08-24T09:43:57.440+00:00","2026-08-24T09:43:57.440+00:00","623698","false",
"6a8c133b825678295eeb","[""read(\""user:6a8691882fdb22b20a4d\"")""]","2026-08-24T09:47:39.641+00:00","2026-08-24T09:47:39.641+00:00","161508","false",
"6a8c1368cf2d1a5e39a4","[""read(\""user:6a5c67b5754ba5691c5f\"")""]","2026-08-24T09:48:24.952+00:00","2026-08-24T09:48:24.952+00:00","197110","false",
"6a8c13992a1719e49b59","[""read(\""user:6a8c1341001657515eeb\"")""]","2026-08-24T09:49:13.273+00:00","2026-08-24T09:49:13.273+00:00","316908","false",
"6a8c14d4d3bb53b7a7b1","[""read(\""user:6a8c146c133bee2dc7db\"")""]","2026-08-24T09:54:28.981+00:00","2026-08-24T09:54:28.981+00:00","938138","false",
"6a8c15b97562187bfb5d","[""read(\""user:6a8c146c133bee2dc7db\"")""]","2026-08-24T09:58:17.703+00:00","2026-08-24T09:58:17.703+00:00","396335","false",
"6a8c1663dc5859464c3a","[""read(\""user:6a8c1229c5814f075a52\"")""]","2026-08-24T10:01:08.024+00:00","2026-08-24T10:01:08.024+00:00","657582","false",
"6a8c176ead603829b1c5","[""read(\""user:69eb2e3476c679caec80\"")""]","2026-08-24T10:05:34.847+00:00","2026-08-24T10:05:34.847+00:00","500707","false",
"6a8c1771d1f4b0be1029","[""read(\""user:6a7ec56d9e34f7659225\"")""]","2026-08-24T10:05:37.973+00:00","2026-08-24T10:05:37.973+00:00","089437","false",
"6a8c17740e2520dcd819","[""read(\""user:69eb2e3476c679caec80\"")""]","2026-08-24T10:05:40.186+00:00","2026-08-24T10:05:40.186+00:00","094981","false",
"6a8c1779e4cccc0a330b","[""read(\""user:69eb2e3476c679caec80\"")""]","2026-08-24T10:05:46.050+00:00","2026-08-24T10:05:46.050+00:00","014453","false",
"6a8c17a0ef8a7f3c53ab","[""read(\""user:69eb2e3476c679caec80\"")""]","2026-08-24T10:06:25.161+00:00","2026-08-24T10:06:25.161+00:00","303000","false",
"6a8c17a54103a3878413","[""read(\""user:6a58a6eb8ecc07584077\"")""]","2026-08-24T10:06:29.376+00:00","2026-08-24T10:06:29.376+00:00","598466","false",
"6a8c17cf22a851fabcef","[""read(\""user:69eb2e3476c679caec80\"")""]","2026-08-24T10:07:11.259+00:00","2026-08-24T10:07:11.259+00:00","397654","false",
"6a8c17feea2f5f32446d","[""read(\""user:69eb2e3476c679caec80\"")""]","2026-08-24T10:07:59.070+00:00","2026-08-24T10:07:59.070+00:00","214577","false",
"6a8c186d917edde76e93","[""read(\""user:69eb2e3476c679caec80\"")""]","2026-08-24T10:09:49.730+00:00","2026-08-24T10:09:49.730+00:00","861127","false",
"6a8c18a0c0c4a6f2579e","[""read(\""user:69eb2e3476c679caec80\"")""]","2026-08-24T10:10:40.899+00:00","2026-08-24T10:10:40.899+00:00","487550","false",
"6a8c1ad9a5203c6e28d2","[""read(\""user:6a893733000ea55d5b56\"")""]","2026-08-24T10:20:09.796+00:00","2026-08-24T10:20:09.796+00:00","868530","false",
"6a8c1ca354c9d408a4b2","[""read(\""user:69f31463a5aee697f90c\"")""]","2026-08-24T10:27:47.462+00:00","2026-08-24T10:27:47.462+00:00","843786","false",
"6a8c1d007e7fac4cd829","[""read(\""user:69fd6437e8cb8792993f\"")""]","2026-08-24T10:29:20.618+00:00","2026-08-24T10:29:20.618+00:00","726778","false",
"6a8c1eb5d727ec478128","[""read(\""user:69fc441da437d3031943\"")""]","2026-08-24T10:36:37.999+00:00","2026-08-24T10:36:37.999+00:00","545140","false",
"6a8c20149c18e67e0321","[""read(\""user:6a8c1d5545c25f87ed9b\"")""]","2026-08-24T10:42:28.742+00:00","2026-08-24T10:42:28.742+00:00","040918","false",
"6a8c2025034d3e4564fc","[""read(\""user:6a589a00287e1ee91c20\"")""]","2026-08-24T10:42:45.123+00:00","2026-08-24T10:42:45.123+00:00","025543","false",
"6a8c209c2a6b08efdb2f","[""read(\""user:6a51bf13e9d7d4fc657d\"")""]","2026-08-24T10:44:44.297+00:00","2026-08-24T10:44:44.297+00:00","776913","false",
"6a8c20b267941c0a0ca3","[""read(\""user:6a5b057dc52a7f0297b1\"")""]","2026-08-24T10:45:06.587+00:00","2026-08-24T10:45:06.587+00:00","344059","false",
"6a8c216b680222fcff1d","[""read(\""user:69fc441da437d3031943\"")""]","2026-08-24T10:48:11.580+00:00","2026-08-24T10:48:11.580+00:00","576414","false",
"6a8c21bb47d47994c083","[""read(\""user:69fc441da437d3031943\"")""]","2026-08-24T10:49:31.409+00:00","2026-08-24T10:49:31.409+00:00","397912","false",
"6a8c223f407dda66a502","[""read(\""user:6a7944d95c15af542f96\"")""]","2026-08-24T10:51:43.386+00:00","2026-08-24T10:51:43.386+00:00","317073","false",
"6a8c22fb680321feaf65","[""read(\""user:6a8c2182a0ef54d23695\"")""]","2026-08-24T10:54:51.525+00:00","2026-08-24T10:54:51.525+00:00","953453","false",
"6a8c236354d2c170c383","[""read(\""user:6a7318e619eab033e1fc\"")""]","2026-08-24T10:56:35.457+00:00","2026-08-24T10:56:35.457+00:00","260218","false",
"6a8c23741ed15aed424b","[""read(\""user:6a7318e619eab033e1fc\"")""]","2026-08-24T10:56:52.240+00:00","2026-08-24T10:56:52.240+00:00","632817","false",
"6a8c23810426cff0db96","[""read(\""user:6a7318e619eab033e1fc\"")""]","2026-08-24T10:57:05.127+00:00","2026-08-24T10:57:05.127+00:00","733024","false",
"6a8c238db023782d42a9","[""read(\""user:6a7318e619eab033e1fc\"")""]","2026-08-24T10:57:17.837+00:00","2026-08-24T10:57:17.837+00:00","790018","false",
"6a8c23eebd8bfc9043d7","[""read(\""user:6a5b057dc52a7f0297b1\"")""]","2026-08-24T10:58:54.878+00:00","2026-08-24T10:58:54.878+00:00","487820","false",
"6a8c2477207f91b62334","[""read(\""user:6a7318e619eab033e1fc\"")""]","2026-08-24T11:01:11.243+00:00","2026-08-24T11:01:11.243+00:00","206921","false",
"6a8c2485079ca60d0ff2","[""read(\""user:6a5c5f05ad016d61fbe4\"")""]","2026-08-24T11:01:25.130+00:00","2026-08-24T11:01:25.130+00:00","233895","false",
"6a8c24af889dcc8798bf","[""read(\""user:6a7318e619eab033e1fc\"")""]","2026-08-24T11:02:07.674+00:00","2026-08-24T11:02:07.674+00:00","890185","false",
"6a8c24f4b1941f2b9482","[""read(\""user:6a5b057dc52a7f0297b1\"")""]","2026-08-24T11:03:16.834+00:00","2026-08-24T11:03:16.834+00:00","556088","false",
"6a8c254a770bdc36f04c","[""read(\""user:6a8c24d63a8ff2d752ab\"")""]","2026-08-24T11:04:42.586+00:00","2026-08-24T11:04:42.586+00:00","530341","false",
"6a8c25b757b8d54ef317","[""read(\""user:6a74395c0011cc1e259a\"")""]","2026-08-24T11:06:31.471+00:00","2026-08-24T11:06:31.471+00:00","842845","false",
"6a8c25f26ce74f91c4fe","[""read(\""user:6a8c2557003bb1f567af\"")""]","2026-08-24T11:07:30.600+00:00","2026-08-24T11:07:30.600+00:00","462418","false",
"6a8c2741c97f7e7a3163","[""read(\""user:6a5612b6acf0f44b7adf\"")""]","2026-08-24T11:13:05.936+00:00","2026-08-24T11:13:05.936+00:00","730249","false",
"6a8c2786ec6435b5455c","[""read(\""user:6a5b057dc52a7f0297b1\"")""]","2026-08-24T11:14:15.080+00:00","2026-08-24T11:14:15.080+00:00","034467","false",
"6a8c27ead5a4726019f8","[""read(\""user:6a7d82dab92c81032fed\"")""]","2026-08-24T11:15:54.988+00:00","2026-08-24T11:15:54.988+00:00","394455","false",
"6a8c27f5a78595b5c39f","[""read(\""user:6a8c26a740b977b5f385\"")""]","2026-08-24T11:16:05.891+00:00","2026-08-24T11:16:05.891+00:00","808106","false",
"6a8c2a4cbb1e5c255a19","[""read(\""user:6a8c074bab9deb07429c\"")""]","2026-08-24T11:26:04.874+00:00","2026-08-24T11:26:04.874+00:00","330107","false",
"6a8c3ca0b38b335136bd","[""read(\""user:6a8c3bb10003ebbdc9be\"")""]","2026-08-24T12:44:16.844+00:00","2026-08-24T12:44:16.844+00:00","225049","false",
"6a8c3ebb5bec1ab29f4e","[""read(\""user:6a8c3bb10003ebbdc9be\"")""]","2026-08-24T12:53:15.481+00:00","2026-08-24T12:53:15.481+00:00","644906","false",
"6a8c3f72253dc03145cc","[""read(\""user:6a8c3de96b59e914158c\"")""]","2026-08-24T12:56:18.272+00:00","2026-08-24T12:56:18.272+00:00","480242","false",
"6a8c41a1784a515ae753","[""read(\""user:6a8c4072002edbedc50d\"")""]","2026-08-24T13:05:37.593+00:00","2026-08-24T13:05:37.593+00:00","660756","false",
"6a8c7bfa863ba189c15d","[""read(\""user:6a8c7bab2e47323361ba\"")""]","2026-08-24T17:14:34.653+00:00","2026-08-24T17:14:34.653+00:00","260896","false",
"6a8cfb67e5f8b8ae832c","[""read(\""user:6a1954ffcea2144611bd\"")""]","2026-08-25T02:18:16.051+00:00","2026-08-25T02:18:16.051+00:00","814025","false",
"6a8cfe08bf1b5a4d92f9","[""read(\""user:6a8cfd9832f0daa3a7f7\"")""]","2026-08-25T02:29:28.888+00:00","2026-08-25T02:29:28.888+00:00","654478","false",
"6a8d068d25fb3760b7c9","[""read(\""user:6a850914d8ce926a268a\"")""]","2026-08-25T03:05:49.256+00:00","2026-08-25T03:05:49.256+00:00","500332","false",
"6a8d06c341c3ee273e0c","[""read(\""user:6a82c8dd699dd36b6f3a\"")""]","2026-08-25T03:06:43.372+00:00","2026-08-25T03:06:43.372+00:00","468384","false",
"6a8d0769b9406accb38b","[""read(\""user:69fd6437e8cb8792993f\"")""]","2026-08-25T03:09:29.861+00:00","2026-08-25T03:09:29.861+00:00","254957","false",
"6a8d085cc845e12d5fd3","[""read(\""user:6a850914d8ce926a268a\"")""]","2026-08-25T03:13:32.924+00:00","2026-08-25T03:13:32.924+00:00","210032","false",
"6a8d086bd174336bf050","[""read(\""user:6a82c8dd699dd36b6f3a\"")""]","2026-08-25T03:13:48.003+00:00","2026-08-25T03:13:48.003+00:00","974025","false",
"6a8d08900ce64b2da398","[""read(\""user:69eee4a3d5684043a8a9\"")""]","2026-08-25T03:14:24.159+00:00","2026-08-25T03:14:24.159+00:00","316980","false",
"6a8d094cf19aadfbde1e","[""read(\""user:6a8d08930003b0aee80c\"")""]","2026-08-25T03:17:33.105+00:00","2026-08-25T03:17:33.105+00:00","186646","false",
"6a8d09530916aae10bd6","[""read(\""user:6a850914d8ce926a268a\"")""]","2026-08-25T03:17:39.142+00:00","2026-08-25T03:17:39.142+00:00","104974","false",
"6a8d09695453ebc032d2","[""read(\""user:6a8d08eb6469f60817d0\"")""]","2026-08-25T03:18:01.447+00:00","2026-08-25T03:18:01.447+00:00","930796","false",
"6a8d09b7bc23934f9852","[""read(\""user:69eee4a3d5684043a8a9\"")""]","2026-08-25T03:19:19.876+00:00","2026-08-25T03:19:19.876+00:00","861707","false",
"6a8d09be3d0d2aba80b9","[""read(\""user:6a8d08eb6469f60817d0\"")""]","2026-08-25T03:19:26.348+00:00","2026-08-25T03:19:26.348+00:00","914983","false",
"6a8d09c6a518bf946c84","[""read(\""user:6a8d09140b80319462bd\"")""]","2026-08-25T03:19:34.787+00:00","2026-08-25T03:19:34.787+00:00","698795","false",
"6a8d09d20f3cfbfe3b43","[""read(\""user:69eef04828cb80fe3041\"")""]","2026-08-25T03:19:46.165+00:00","2026-08-25T03:19:46.165+00:00","557038","false",
"6a8d09ebb0e75fc17c7e","[""read(\""user:6a8d08930003b0aee80c\"")""]","2026-08-25T03:20:11.824+00:00","2026-08-25T03:20:11.824+00:00","778944","false",
"6a8d0a01a9a29d0b6aad","[""read(\""user:6a8d08d100dcdeed62d0\"")""]","2026-08-25T03:20:33.802+00:00","2026-08-25T03:20:33.802+00:00","539461","false",
"6a8d0a5b69f76bd7c844","[""read(\""user:6a8d08930003b0aee80c\"")""]","2026-08-25T03:22:03.537+00:00","2026-08-25T03:22:03.537+00:00","381827","false",
"6a8d0b17d8b952e0723f","[""read(\""user:6a8d09140b80319462bd\"")""]","2026-08-25T03:25:11.989+00:00","2026-08-25T03:25:11.989+00:00","902773","false",
"6a8d0b602c8c97dd8138","[""read(\""user:6a8d0a92000446231e1e\"")""]","2026-08-25T03:26:24.287+00:00","2026-08-25T03:26:24.287+00:00","035396","false",
"6a8d0b6be6591b7092b6","[""read(\""user:6a8d0ab059bc0fbc8111\"")""]","2026-08-25T03:26:36.062+00:00","2026-08-25T03:26:36.062+00:00","220291","false",
"6a8d0bc01f30ce654bd0","[""read(\""user:6a57327145f4161918a1\"")""]","2026-08-25T03:28:00.234+00:00","2026-08-25T03:28:00.234+00:00","449535","false",
"6a8d0bcd620ffa09433f","[""read(\""user:6a8d0b38283602f3e045\"")""]","2026-08-25T03:28:13.507+00:00","2026-08-25T03:28:13.507+00:00","227726","false",
"6a8d0bfbbec6a089794c","[""read(\""user:6a8d0bc699f40c762efd\"")""]","2026-08-25T03:28:59.881+00:00","2026-08-25T03:28:59.881+00:00","349562","false",
"6a8d0c044f5f0ab09f18","[""read(\""user:6a57327145f4161918a1\"")""]","2026-08-25T03:29:08.430+00:00","2026-08-25T03:29:08.430+00:00","944384","false",
"6a8d0c0fa3c36d4f07fc","[""read(\""user:6a8d0bcc003481d2d937\"")""]","2026-08-25T03:29:19.770+00:00","2026-08-25T03:29:19.770+00:00","052375","false",
"6a8d0c1a5c89baa5fb4b","[""read(\""user:6a8d0bcc003481d2d937\"")""]","2026-08-25T03:29:30.484+00:00","2026-08-25T03:29:30.484+00:00","258913","false",
"6a8d0c640f6f79f8d9d1","[""read(\""user:6a0596d7af94e11584b0\"")""]","2026-08-25T03:30:44.165+00:00","2026-08-25T03:30:44.165+00:00","004323","false",
"6a8d0c7052f158abcf0b","[""read(\""user:6a8d0b38283602f3e045\"")""]","2026-08-25T03:30:56.453+00:00","2026-08-25T03:30:56.453+00:00","945604","false",
"6a8d0ca42e71ceff6d93","[""read(\""user:6a8523b00035acc3bc3b\"")""]","2026-08-25T03:31:48.292+00:00","2026-08-25T03:31:48.292+00:00","389466","false",
"6a8d0ce319f79974bbe7","[""read(\""user:6a8d0bc699f40c762efd\"")""]","2026-08-25T03:32:51.209+00:00","2026-08-25T03:32:51.209+00:00","902926","false",
"6a8d10abc007dbde2c18","[""read(\""user:6a703e718d0e9e6b86b2\"")""]","2026-08-25T03:48:59.894+00:00","2026-08-25T03:48:59.894+00:00","073180","false",
"6a8d11869eb23ae9f06f","[""read(\""user:6a703e718d0e9e6b86b2\"")""]","2026-08-25T03:52:38.754+00:00","2026-08-25T03:52:38.754+00:00","436543","false",
"6a8d11f5aa30877f0a34","[""read(\""user:6a8d105ab71cb67ed0b0\"")""]","2026-08-25T03:54:29.804+00:00","2026-08-25T03:54:29.804+00:00","988286","false",
"6a8d120d641ffee1f824","[""read(\""user:6a8d105ab71cb67ed0b0\"")""]","2026-08-25T03:54:53.526+00:00","2026-08-25T03:54:53.526+00:00","190168","false",
"6a8d122376f43ce15767","[""read(\""user:6a8d11bb0278db7594dd\"")""]","2026-08-25T03:55:15.590+00:00","2026-08-25T03:55:15.590+00:00","040330","false",
"6a8d12a33518050185da","[""read(\""user:6a8d105ab71cb67ed0b0\"")""]","2026-08-25T03:57:23.321+00:00","2026-08-25T03:57:23.321+00:00","000978","false",
"6a8d144c3e9a757c1157","[""read(\""user:6a8d1409e9812e3db98b\"")""]","2026-08-25T04:04:28.374+00:00","2026-08-25T04:04:28.374+00:00","793808","false",
"6a8d145f13a36b23f736","[""read(\""user:6a8d14280ea4ec9c566f\"")""]","2026-08-25T04:04:47.188+00:00","2026-08-25T04:04:47.188+00:00","875942","false",
"6a8d14eaa8a9246a4c48","[""read(\""user:6a8d14280ea4ec9c566f\"")""]","2026-08-25T04:07:06.790+00:00","2026-08-25T04:07:06.790+00:00","676644","false",
"6a8d15a280c32d2357e8","[""read(\""user:6a8d15685de51bee031e\"")""]","2026-08-25T04:10:10.634+00:00","2026-08-25T04:10:10.634+00:00","048179","false",
"6a8d1626d12f81812df1","[""read(\""user:6a8d16002d3efb550185\"")""]","2026-08-25T04:12:22.975+00:00","2026-08-25T04:12:22.975+00:00","994024","false",
"6a8d1673ae9edb89f6d2","[""read(\""user:6a83ca2ae6155bdd72f9\"")""]","2026-08-25T04:13:39.869+00:00","2026-08-25T04:13:39.869+00:00","249799","false",
"6a8d17326d38ab3cac80","[""read(\""user:6a8d1654a53e65e2c115\"")""]","2026-08-25T04:16:50.550+00:00","2026-08-25T04:16:50.550+00:00","678812","false",
"6a8d18c70cc83745b603","[""read(\""user:6a8d16e17b373cf60caf\"")""]","2026-08-25T04:23:35.242+00:00","2026-08-25T04:23:35.242+00:00","873342","false",
"6a8d1bec37efc8bf94e8","[""read(\""user:6a8d1add00072c46ff25\"")""]","2026-08-25T04:37:00.337+00:00","2026-08-25T04:37:00.337+00:00","904849","false",
"6a8d1c7250f93821ce98","[""read(\""user:6a8d1add00072c46ff25\"")""]","2026-08-25T04:39:14.445+00:00","2026-08-25T04:39:14.445+00:00","196156","false",
"6a8d1d98b7f5c2a4b891","[""read(\""user:6a8d1d2a00155b72862e\"")""]","2026-08-25T04:44:08.868+00:00","2026-08-25T04:44:08.868+00:00","540965","false",
"6a8d1f946dbd12d887b3","[""read(\""user:6a102ad3989895297c72\"")""]","2026-08-25T04:52:36.557+00:00","2026-08-25T04:52:36.557+00:00","119850","false",
"6a8d1feb9ae4c6037c6c","[""read(\""user:6a8d1f960037411d49d3\"")""]","2026-08-25T04:54:03.746+00:00","2026-08-25T04:54:03.746+00:00","772610","false",
"6a8d2135630b7a063a43","[""read(\""user:6a102ad3989895297c72\"")""]","2026-08-25T04:59:33.514+00:00","2026-08-25T04:59:33.514+00:00","623202","false",
"6a8d216210702b523982","[""read(\""user:6a1947b00b8a69106cd9\"")""]","2026-08-25T05:00:18.169+00:00","2026-08-25T05:00:18.169+00:00","346912","false",
"6a8d2177a04406b693e5","[""read(\""user:6a8d20c42bf4ec7b96a4\"")""]","2026-08-25T05:00:39.762+00:00","2026-08-25T05:00:39.762+00:00","117622","false",
"6a8d2294bc6218417b64","[""read(\""user:6a1e8a3b27a9efa70c4b\"")""]","2026-08-25T05:05:24.878+00:00","2026-08-25T05:05:24.878+00:00","361450","false",
"6a8d229d6e59c90b96a5","[""read(\""user:6a1a8cb7b170c1b98288\"")""]","2026-08-25T05:05:33.559+00:00","2026-08-25T05:05:33.559+00:00","396081","false",
"6a8d22c5da926178190c","[""read(\""user:69fef18630b5fd1b661e\"")""]","2026-08-25T05:06:14.006+00:00","2026-08-25T05:06:14.006+00:00","620692","false",
"6a8d22dcbaa93df0aa33","[""read(\""user:6a8d22a3343edcfa33f3\"")""]","2026-08-25T05:06:36.875+00:00","2026-08-25T05:06:36.875+00:00","002009","false",
"6a8d231838ef5c382f70","[""read(\""user:69fef18630b5fd1b661e\"")""]","2026-08-25T05:07:36.341+00:00","2026-08-25T05:07:36.341+00:00","538715","false",
"6a8d23315fa72c792976","[""read(\""user:6a102ad3989895297c72\"")""]","2026-08-25T05:08:01.505+00:00","2026-08-25T05:08:01.505+00:00","021001","false",
"6a8d23709919dc4ada93","[""read(\""user:69fd7251db1c6093daf0\"")""]","2026-08-25T05:09:04.740+00:00","2026-08-25T05:09:04.740+00:00","774399","false",
"6a8d23cad11e183e3816","[""read(\""user:69f189ad67586b618c74\"")""]","2026-08-25T05:10:34.960+00:00","2026-08-25T05:10:34.960+00:00","516852","false",
"6a8d23e58f24e2d17f3e","[""read(\""user:69f189ad67586b618c74\"")""]","2026-08-25T05:11:01.702+00:00","2026-08-25T05:11:01.702+00:00","321984","false",
"6a8d24dd88c88c574fc9","[""read(\""user:69f189ad67586b618c74\"")""]","2026-08-25T05:15:09.664+00:00","2026-08-25T05:15:09.664+00:00","887954","false",
"6a8d26372110b5c1daf7","[""read(\""user:6a8d2523002527bf8615\"")""]","2026-08-25T05:20:55.258+00:00","2026-08-25T05:20:55.258+00:00","394197","false",
"6a8d27019e43f7518afc","[""read(\""user:6a8d25f6001cfaae7752\"")""]","2026-08-25T05:24:17.764+00:00","2026-08-25T05:24:17.764+00:00","013521","false",
"6a8d2727d1c8ef7dec1e","[""read(\""user:6a7436b60d5da09b9b76\"")""]","2026-08-25T05:24:55.967+00:00","2026-08-25T05:24:55.967+00:00","235919","false",
"6a8d279e3cd33bc97565","[""read(\""user:69f0988eab2f1af121ac\"")""]","2026-08-25T05:26:54.370+00:00","2026-08-25T05:26:54.370+00:00","074577","false",
"6a8d27a0f3e518a114c0","[""read(\""user:6a8d25979280f185648a\"")""]","2026-08-25T05:26:57.104+00:00","2026-08-25T05:26:57.104+00:00","361316","false",
"6a8d27be108cb09ed7d1","[""read(\""user:69f8154cb1a291da6fb7\"")""]","2026-08-25T05:27:26.183+00:00","2026-08-25T05:27:26.183+00:00","943970","false",
"6a8d27fc6c01bc2a0817","[""read(\""user:6a55c7957b38c327e4a9\"")""]","2026-08-25T05:28:28.571+00:00","2026-08-25T05:28:28.571+00:00","104988","false",
"6a8d28146d27422d5ba1","[""read(\""user:6a8d16e17b373cf60caf\"")""]","2026-08-25T05:28:52.575+00:00","2026-08-25T05:28:52.575+00:00","148504","false",
"6a8d282f3877a65e75a9","[""read(\""user:6a1683a300010dfa4278\"")""]","2026-08-25T05:29:19.337+00:00","2026-08-25T05:29:19.337+00:00","392049","false",
"6a8d2856f04d7cc7be04","[""read(\""user:6a8d16e17b373cf60caf\"")""]","2026-08-25T05:29:59.102+00:00","2026-08-25T05:29:59.102+00:00","936730","false",
"6a8d2a4c019524af2f1f","[""read(\""user:6a894641bd40de908284\"")""]","2026-08-25T05:38:20.126+00:00","2026-08-25T05:38:20.126+00:00","108071","false",
"6a8d2a52e0340695f87c","[""read(\""user:6a894641bd40de908284\"")""]","2026-08-25T05:38:27.020+00:00","2026-08-25T05:38:27.020+00:00","450632","false",
"6a8d2a630f4fdeb9fb37","[""read(\""user:6a894641bd40de908284\"")""]","2026-08-25T05:38:43.202+00:00","2026-08-25T05:38:43.202+00:00","597499","false",
"6a8d2a717903101ea4f2","[""read(\""user:6a894641bd40de908284\"")""]","2026-08-25T05:38:57.604+00:00","2026-08-25T05:38:57.604+00:00","432365","false",
"6a8d2a7a18f5e85d0267","[""read(\""user:6a8d16e17b373cf60caf\"")""]","2026-08-25T05:39:06.227+00:00","2026-08-25T05:39:06.227+00:00","464810","false",
"6a8d2a88d42f5aadd303","[""read(\""user:6a55d5cf995928afbf04\"")""]","2026-08-25T05:39:21.651+00:00","2026-08-25T05:39:21.651+00:00","929325","false",
"6a8d2a89c51c8d898aa4","[""read(\""user:6a894641bd40de908284\"")""]","2026-08-25T05:39:21.920+00:00","2026-08-25T05:39:21.920+00:00","685875","false",
"6a8d2a920d6cd2c1f039","[""read(\""user:6a894641bd40de908284\"")""]","2026-08-25T05:39:30.234+00:00","2026-08-25T05:39:30.234+00:00","365061","false",
"6a8d2ab4a84ce692417f","[""read(\""user:6a83d7a8ccb9e476e1c8\"")""]","2026-08-25T05:40:04.876+00:00","2026-08-25T05:40:04.876+00:00","833154","false",
"6a8d2ab50f97a7a32256","[""read(\""user:6a8d2a1297d0c18d3713\"")""]","2026-08-25T05:40:05.171+00:00","2026-08-25T05:40:05.171+00:00","176161","false",
"6a8d2af022e159156be1","[""read(\""user:6a8415ee000ecf621b95\"")""]","2026-08-25T05:41:04.255+00:00","2026-08-25T05:41:04.255+00:00","817506","false",
"6a8d2afc1c85f78f1244","[""read(\""user:69eaf107d8192f1c7b61\"")""]","2026-08-25T05:41:16.219+00:00","2026-08-25T05:41:16.219+00:00","144058","false",
"6a8d2b01c890aec78845","[""read(\""user:6a8d2a8f64ba41e98baf\"")""]","2026-08-25T05:41:21.924+00:00","2026-08-25T05:41:21.924+00:00","812430","false",
"6a8d2b57482022c7ca06","[""read(\""user:6a8d2a840015b66b2555\"")""]","2026-08-25T05:42:47.397+00:00","2026-08-25T05:42:47.397+00:00","108893","false",
"6a8d2b7302da99f79cc8","[""read(\""user:6a8d2a840015b66b2555\"")""]","2026-08-25T05:43:15.115+00:00","2026-08-25T05:43:15.115+00:00","285045","false",
"6a8d2bc0b681df461925","[""read(\""user:6a8d2a8f64ba41e98baf\"")""]","2026-08-25T05:44:32.861+00:00","2026-08-25T05:44:32.861+00:00","910427","false",
"6a8d2bdd6cb6b2f41ae6","[""read(\""user:6a8d2a89b2a30f43af2d\"")""]","2026-08-25T05:45:01.560+00:00","2026-08-25T05:45:01.560+00:00","789546","false",
"6a8d2bf2525c86ea97ab","[""read(\""user:6a8d16e17b373cf60caf\"")""]","2026-08-25T05:45:22.440+00:00","2026-08-25T05:45:22.440+00:00","883312","false",
"6a8d2bf2685cd4a255b3","[""read(\""user:6a55d5cf995928afbf04\"")""]","2026-08-25T05:45:22.528+00:00","2026-08-25T05:45:22.528+00:00","345449","false",
"6a8d2bf489f80cb856db","[""read(\""user:6a8d2a126ab88d584069\"")""]","2026-08-25T05:45:24.701+00:00","2026-08-25T05:45:24.701+00:00","566959","false",
"6a8d2c2fe88416180e7a","[""read(\""user:6a0596d7af94e11584b0\"")""]","2026-08-25T05:46:24.059+00:00","2026-08-25T05:46:24.059+00:00","494342","false",
"6a8d2c43ea075e0b9fe4","[""read(\""user:6a8d2bd4c34108760736\"")""]","2026-08-25T05:46:44.147+00:00","2026-08-25T05:46:44.147+00:00","644735","false",
"6a8d2c6ab7737dfaf1b6","[""read(\""user:6a8d2a8f64ba41e98baf\"")""]","2026-08-25T05:47:22.854+00:00","2026-08-25T05:47:22.854+00:00","506062","false",
"6a8d2c8c62e287edaef8","[""read(\""user:6a55d5cf995928afbf04\"")""]","2026-08-25T05:47:56.523+00:00","2026-08-25T05:47:56.523+00:00","770712","false",
"6a8d2cfbde9d8afea6b8","[""read(\""user:6a8d2cc314f24a62665f\"")""]","2026-08-25T05:49:48.024+00:00","2026-08-25T05:49:48.024+00:00","435028","false",
"6a8d2d6c3379606cbd43","[""read(\""user:6a8d2d05000e33d20646\"")""]","2026-08-25T05:51:40.331+00:00","2026-08-25T05:51:40.331+00:00","559227","false",
"6a8d2dbbe205c2c469e5","[""read(\""user:6a1557387db058525989\"")""]","2026-08-25T05:53:00.034+00:00","2026-08-25T05:53:00.034+00:00","281552","false",
"6a8d2dc59e739f026a85","[""read(\""user:6a8d1654a53e65e2c115\"")""]","2026-08-25T05:53:09.753+00:00","2026-08-25T05:53:09.753+00:00","797165","false",
"6a8d2e184c5aea331124","[""read(\""user:6a8d2dbba1c99445a98e\"")""]","2026-08-25T05:54:32.424+00:00","2026-08-25T05:54:32.424+00:00","747785","false",
"6a8d2e3e0a2a0a7275a9","[""read(\""user:6a8d22a3343edcfa33f3\"")""]","2026-08-25T05:55:10.155+00:00","2026-08-25T05:55:10.155+00:00","030728","false",
"6a8d2f087a2f3f1402a5","[""read(\""user:6a1557387db058525989\"")""]","2026-08-25T05:58:32.615+00:00","2026-08-25T05:58:32.615+00:00","445889","false",
"6a8d2f13b4d12512230c","[""read(\""user:6a8d2e39d918b5bb8b08\"")""]","2026-08-25T05:58:44.103+00:00","2026-08-25T05:58:44.103+00:00","746808","false",
"6a8d3099c1ac7d5296c1","[""read(\""user:6a13e63871674e90703b\"")""]","2026-08-25T06:05:13.919+00:00","2026-08-25T06:05:13.919+00:00","428427","false",
"6a8d309da279075e647a","[""read(\""user:6a8d2fddf3203a24553d\"")""]","2026-08-25T06:05:17.774+00:00","2026-08-25T06:05:17.774+00:00","825224","false",
"6a8d31d0072aa3c09520","[""read(\""user:6a0c15714a8d55231103\"")""]","2026-08-25T06:10:24.139+00:00","2026-08-25T06:10:24.139+00:00","892312","false",
"6a8d31d38679f4ad1e38","[""read(\""user:6a8d316100061ab2c8da\"")""]","2026-08-25T06:10:27.663+00:00","2026-08-25T06:10:27.663+00:00","716802","false",
"6a8d32d9af2f4195602e","[""read(\""user:6a89248fcd2d4c940076\"")""]","2026-08-25T06:14:50.177+00:00","2026-08-25T06:14:50.177+00:00","417725","false",
"6a8d32e15f1ee38fb780","[""read(\""user:6a8d327964530db9c0ff\"")""]","2026-08-25T06:14:57.513+00:00","2026-08-25T06:14:57.513+00:00","060131","false",
"6a8d339f5be7ef4f83ad","[""read(\""user:6a8d32cd6bd4c9619a6b\"")""]","2026-08-25T06:18:07.496+00:00","2026-08-25T06:18:07.496+00:00","256440","false",
"6a8d33a9352bd9017813","[""read(\""user:6a55c9b87e2ff52c0752\"")""]","2026-08-25T06:18:17.321+00:00","2026-08-25T06:18:17.321+00:00","787201","false",
"6a8d33c936bade607bc2","[""read(\""user:6a8bc1f31ecdd86eb59d\"")""]","2026-08-25T06:18:49.352+00:00","2026-08-25T06:18:49.352+00:00","491900","false",
"6a8d33d585a7044e3e07","[""read(\""user:6a8d31f38c31d61db135\"")""]","2026-08-25T06:19:01.650+00:00","2026-08-25T06:19:01.650+00:00","839676","false",
"6a8d33dfcee6d5c11b59","[""read(\""user:6a740cef8fb447c1325e\"")""]","2026-08-25T06:19:11.960+00:00","2026-08-25T06:19:11.960+00:00","865374","false",
"6a8d3457bd662d03dbfa","[""read(\""user:69f80fd4bcf769ce357c\"")""]","2026-08-25T06:21:12.037+00:00","2026-08-25T06:21:12.037+00:00","896894","false",
"6a8d3492e41f43c99d1e","[""read(\""user:6a8d0ce6dcbda9a59089\"")""]","2026-08-25T06:22:11.042+00:00","2026-08-25T06:22:11.042+00:00","161987","false",
"6a8d34941100acd585c6","[""read(\""user:6a1687461e95d780531f\"")""]","2026-08-25T06:22:12.173+00:00","2026-08-25T06:22:12.173+00:00","412496","false",
"6a8d34ba2aaf4f09ae1d","[""read(\""user:6a15123b81b8d82f09f7\"")""]","2026-08-25T06:22:50.288+00:00","2026-08-25T06:22:50.288+00:00","338035","false",
"6a8d35aa3b047c972ed3","[""read(\""user:69f80fd4bcf769ce357c\"")""]","2026-08-25T06:26:50.531+00:00","2026-08-25T06:26:50.531+00:00","522126","false",
"6a8d35c77e0a6eecb371","[""read(\""user:6a8d3525a10fd79d595e\"")""]","2026-08-25T06:27:19.632+00:00","2026-08-25T06:27:19.632+00:00","745271","false",
"6a8d35f0898faf38ec19","[""read(\""user:6a8c7bab2e47323361ba\"")""]","2026-08-25T06:28:00.674+00:00","2026-08-25T06:28:00.674+00:00","694288","false",
"6a8d35f62368d8b3f35e","[""read(\""user:6a8c15c700280be9293a\"")""]","2026-08-25T06:28:06.264+00:00","2026-08-25T06:28:06.264+00:00","961146","false",
"6a8d36525c58858f643e","[""read(\""user:6a8d35e4001cf9ebb85f\"")""]","2026-08-25T06:29:38.497+00:00","2026-08-25T06:29:38.497+00:00","690197","false",
"6a8d3655a8e7b97d5d4d","[""read(\""user:6a8d3525a10fd79d595e\"")""]","2026-08-25T06:29:41.796+00:00","2026-08-25T06:29:41.796+00:00","681782","false",
"6a8d36763e399c038c94","[""read(\""user:6a8c4ecbd523d39b6ac8\"")""]","2026-08-25T06:30:14.368+00:00","2026-08-25T06:30:14.368+00:00","289079","false",
"6a8d36ee522df98f1f5d","[""read(\""user:6a7be6884c103aa2d600\"")""]","2026-08-25T06:32:14.541+00:00","2026-08-25T06:32:14.541+00:00","296723","false",
"6a8d37003824d1e206c7","[""read(\""user:6a8d35e4001cf9ebb85f\"")""]","2026-08-25T06:32:32.332+00:00","2026-08-25T06:32:32.332+00:00","142044","false",
"6a8d37175da8de86a37a","[""read(\""user:6a8d368aadf14e8eaed3\"")""]","2026-08-25T06:32:55.487+00:00","2026-08-25T06:32:55.487+00:00","045923","false",
"6a8d373a59694e434fa7","[""read(\""user:69f8114f827faf183192\"")""]","2026-08-25T06:33:30.471+00:00","2026-08-25T06:33:30.471+00:00","208433","false",
"6a8d38bd02f65156fbc6","[""read(\""user:6a8d38753b59fcb1f8fb\"")""]","2026-08-25T06:39:57.115+00:00","2026-08-25T06:39:57.115+00:00","125156","false",
"6a8d38da2905b45039e9","[""read(\""user:6a7be6884c103aa2d600\"")""]","2026-08-25T06:40:26.308+00:00","2026-08-25T06:40:26.308+00:00","672157","false",
"6a8d3912ee181eda670b","[""read(\""user:6a8d37edc465a6ebe277\"")""]","2026-08-25T06:41:23.094+00:00","2026-08-25T06:41:23.094+00:00","702337","false",
"6a8d3924b63acce6f016","[""read(\""user:6a8d3874d9c76fc3a2b1\"")""]","2026-08-25T06:41:40.855+00:00","2026-08-25T06:41:40.855+00:00","559627","false",
"6a8d392d3e4c146a2dec","[""read(\""user:6a7be6884c103aa2d600\"")""]","2026-08-25T06:41:49.371+00:00","2026-08-25T06:41:49.371+00:00","967101","false",
"6a8d39ba5890f0de125d","[""read(\""user:6a8d38753b59fcb1f8fb\"")""]","2026-08-25T06:44:10.475+00:00","2026-08-25T06:44:10.475+00:00","589453","false",
"6a8d3b67c9ec90dbad15","[""read(\""user:69f31f06e6f204a98a55\"")""]","2026-08-25T06:51:19.928+00:00","2026-08-25T06:51:19.928+00:00","648352","false",
"6a8d3c1cbc571b63e43f","[""read(\""user:6a8d3b0a001294a6350c\"")""]","2026-08-25T06:54:20.893+00:00","2026-08-25T06:54:20.893+00:00","871883","false",
"6a8d3c21909faffc6494","[""read(\""user:6a044e4b2a6b690d2f12\"")""]","2026-08-25T06:54:25.700+00:00","2026-08-25T06:54:25.700+00:00","073739","false",
"6a8d3c68c3ae38bbf130","[""read(\""user:6a06d174be6e4bdbf212\"")""]","2026-08-25T06:55:36.909+00:00","2026-08-25T06:55:36.909+00:00","637201","false",
"6a8d3c68e9dfdbe853af","[""read(\""user:6a87de835603d27c8608\"")""]","2026-08-25T06:55:37.070+00:00","2026-08-25T06:55:37.070+00:00","388020","false",
"6a8d3d605b0212470baf","[""read(\""user:69f065e015e40d73553e\"")""]","2026-08-25T06:59:44.502+00:00","2026-08-25T06:59:44.502+00:00","334483","false",
"6a8d3d7139e9a851a106","[""read(\""user:6a86cccb001f12277586\"")""]","2026-08-25T07:00:01.563+00:00","2026-08-25T07:00:01.563+00:00","898497","false",
"6a8d3db8dcfa14c258ab","[""read(\""user:6a1947b00b8a69106cd9\"")""]","2026-08-25T07:01:13.041+00:00","2026-08-25T07:01:13.041+00:00","740419","false",
"6a8d3e3931bb3e116333","[""read(\""user:6a1947b00b8a69106cd9\"")""]","2026-08-25T07:03:21.315+00:00","2026-08-25T07:03:21.315+00:00","586926","false",
"6a8d3e4424eb99e0fdf0","[""read(\""user:6a1947b00b8a69106cd9\"")""]","2026-08-25T07:03:32.264+00:00","2026-08-25T07:03:32.264+00:00","941710","false",
"6a8d3ea9706a567fe78e","[""read(\""user:6a5df204ccbed36c27c8\"")""]","2026-08-25T07:05:13.560+00:00","2026-08-25T07:05:13.560+00:00","817609","false",
"6a8d3ed0009ea197ba4a","[""read(\""user:69fef18630b5fd1b661e\"")""]","2026-08-25T07:05:52.108+00:00","2026-08-25T07:05:52.108+00:00","340625","false",
"6a8d3ee46578cf6650b3","[""read(\""user:6a8d3e1a7d8afe922c17\"")""]","2026-08-25T07:06:12.537+00:00","2026-08-25T07:06:12.537+00:00","521783","false",
"6a8d3ef4c0019fc462e3","[""read(\""user:6a044e4b2a6b690d2f12\"")""]","2026-08-25T07:06:28.897+00:00","2026-08-25T07:06:28.897+00:00","133983","false",
"6a8d3fc36a61b82bfd0d","[""read(\""user:6a5ee56d4e17d9559711\"")""]","2026-08-25T07:09:55.542+00:00","2026-08-25T07:09:55.542+00:00","253542","false",
"6a8d3fcca6b5e9b15e26","[""read(\""user:6a8be810000239f48c91\"")""]","2026-08-25T07:10:04.801+00:00","2026-08-25T07:10:04.801+00:00","007499","false",
"6a8d3fff2d1ee7e26b9c","[""read(\""user:6a8d3e1a7d8afe922c17\"")""]","2026-08-25T07:10:55.297+00:00","2026-08-25T07:10:55.297+00:00","332788","false",
"6a8d407bb7fbe7e2d4ac","[""read(\""user:6a8d3fc060971881f258\"")""]","2026-08-25T07:12:59.875+00:00","2026-08-25T07:12:59.875+00:00","352572","false",
"6a8d4086b433fac6755f","[""read(\""user:69fc441da437d3031943\"")""]","2026-08-25T07:13:10.840+00:00","2026-08-25T07:13:10.840+00:00","114875","false",
"6a8d408b36883af04a71","[""read(\""user:6a166bb4ea849fbd3b95\"")""]","2026-08-25T07:13:15.329+00:00","2026-08-25T07:13:15.329+00:00","363894","false",
"6a8d40a608dc9d9fc5fb","[""read(\""user:6a8d3fc060971881f258\"")""]","2026-08-25T07:13:42.145+00:00","2026-08-25T07:13:42.145+00:00","365623","false",
"6a8d40cef0119b0d25c5","[""read(\""user:6a8d3fe516984d450d27\"")""]","2026-08-25T07:14:23.090+00:00","2026-08-25T07:14:23.090+00:00","397160","false",
"6a8d40e6594f81ea882d","[""read(\""user:6a703e718d0e9e6b86b2\"")""]","2026-08-25T07:14:46.487+00:00","2026-08-25T07:14:46.487+00:00","263671","false",
"6a8d40f4a2b058734560","[""read(\""user:6a844d306f57d85ae840\"")""]","2026-08-25T07:15:00.773+00:00","2026-08-25T07:15:00.773+00:00","727449","false",
"6a8d4133609e62de5349","[""read(\""user:6a5ee56d4e17d9559711\"")""]","2026-08-25T07:16:03.512+00:00","2026-08-25T07:16:03.512+00:00","900310","false",
"6a8d4171a6978d592d39","[""read(\""user:6a5c6c9f1746a2394b79\"")""]","2026-08-25T07:17:05.872+00:00","2026-08-25T07:17:05.872+00:00","787890","false",
"6a8d41a010b96415b72a","[""read(\""user:6a55c9b87e2ff52c0752\"")""]","2026-08-25T07:17:52.262+00:00","2026-08-25T07:17:52.262+00:00","772538","false",
"6a8d41c9280955158909","[""read(\""user:6a8d4149dfe3bb961099\"")""]","2026-08-25T07:18:33.280+00:00","2026-08-25T07:18:33.280+00:00","086326","false",
"6a8d421e6d0fd1dbd288","[""read(\""user:6a5ee56d4e17d9559711\"")""]","2026-08-25T07:19:58.572+00:00","2026-08-25T07:19:58.572+00:00","667894","false",
"6a8d42be312723a963f7","[""read(\""user:6a5ee56d4e17d9559711\"")""]","2026-08-25T07:22:38.306+00:00","2026-08-25T07:22:38.306+00:00","129455","false",
"6a8d42e613cc1fae4fa8","[""read(\""user:6a8d420ecfba85083b0c\"")""]","2026-08-25T07:23:18.210+00:00","2026-08-25T07:23:18.210+00:00","388784","false",
"6a8d430b4f46f576b358","[""read(\""user:69fc4df83e2dcdb30e11\"")""]","2026-08-25T07:23:55.433+00:00","2026-08-25T07:23:55.433+00:00","733221","false",
"6a8d430cddbe95fa1806","[""read(\""user:6a756939003d20180e13\"")""]","2026-08-25T07:23:57.041+00:00","2026-08-25T07:23:57.041+00:00","964361","false",
"6a8d4365be847663f7e0","[""read(\""user:6a0803ae34efdc970dda\"")""]","2026-08-25T07:25:25.896+00:00","2026-08-25T07:25:25.896+00:00","673226","false",
"6a8d436fee305d77c9d1","[""read(\""user:6a8d4149dfe3bb961099\"")""]","2026-08-25T07:25:36.103+00:00","2026-08-25T07:25:36.103+00:00","596518","false",
"6a8d440a9feed7d4b3c6","[""read(\""user:6a5b4142000486422320\"")""]","2026-08-25T07:28:10.762+00:00","2026-08-25T07:28:10.762+00:00","460057","false",
"6a8d44211d1968383241","[""read(\""user:6a0d4a057f3afd722633\"")""]","2026-08-25T07:28:33.248+00:00","2026-08-25T07:28:33.248+00:00","109058","false",
"6a8d44705532d2aa958b","[""read(\""user:6a8d42ef7e46e705fbe1\"")""]","2026-08-25T07:29:52.458+00:00","2026-08-25T07:29:52.458+00:00","929767","false",
"6a8d44e6c2a0d0c7168e","[""read(\""user:6a8d4444d5aa3c90ef22\"")""]","2026-08-25T07:31:50.914+00:00","2026-08-25T07:31:50.914+00:00","941003","false",
"6a8d44f7f298774e1133","[""read(\""user:6a8d449e0023b024a717\"")""]","2026-08-25T07:32:08.105+00:00","2026-08-25T07:32:08.105+00:00","736229","false",
"6a8d452768a642fb7d47","[""read(\""user:6a0839cd0a6ef7bbc2bb\"")""]","2026-08-25T07:32:55.537+00:00","2026-08-25T07:32:55.537+00:00","237729","false",
"6a8d452a44260af34cfb","[""read(\""user:6a8d42ef7e46e705fbe1\"")""]","2026-08-25T07:32:58.389+00:00","2026-08-25T07:32:58.389+00:00","581764","false",
"6a8d452e6ba6486cf33f","[""read(\""user:6a8d4444d5aa3c90ef22\"")""]","2026-08-25T07:33:02.740+00:00","2026-08-25T07:33:02.740+00:00","975581","false",
"6a8d45ab50dd33a6fc4f","[""read(\""user:6a8d444d00272d10604b\"")""]","2026-08-25T07:35:07.469+00:00","2026-08-25T07:35:07.469+00:00","235946","false",
"6a8d45db554f4b8a5e0b","[""read(\""user:6a8d4444d5aa3c90ef22\"")""]","2026-08-25T07:35:55.460+00:00","2026-08-25T07:35:55.460+00:00","790857","false",
"6a8d4612557a19bfb237","[""read(\""user:6a5b1636c52e0b678a43\"")""]","2026-08-25T07:36:50.453+00:00","2026-08-25T07:36:50.453+00:00","056000","false",
"6a8d46cb7c2bc2685e62","[""read(\""user:6a8d46452cc9237fe3ab\"")""]","2026-08-25T07:39:55.641+00:00","2026-08-25T07:39:55.641+00:00","051589","false",
"6a8d48124e37aea084ad","[""read(\""user:6a758d500031c80f2002\"")""]","2026-08-25T07:45:22.425+00:00","2026-08-25T07:45:22.425+00:00","541761","false",
"6a8d4827671b775e3165","[""read(\""user:6a0a873fa2294a3f2c8c\"")""]","2026-08-25T07:45:43.523+00:00","2026-08-25T07:45:43.523+00:00","085557","false",
"6a8d4844503de93b4d7d","[""read(\""user:6a0a873fa2294a3f2c8c\"")""]","2026-08-25T07:46:12.429+00:00","2026-08-25T07:46:12.429+00:00","763274","false",
"6a8d486760c17efd96cc","[""read(\""user:6a08483f7d0ddbd6ebe3\"")""]","2026-08-25T07:46:47.500+00:00","2026-08-25T07:46:47.500+00:00","714736","false",
"6a8d487c27bb9a74ab1b","[""read(\""user:69fac2e0eca1e87535f0\"")""]","2026-08-25T07:47:08.340+00:00","2026-08-25T07:47:08.340+00:00","812428","false",
"6a8d48a4cf03205ea676","[""read(\""user:6a758d500031c80f2002\"")""]","2026-08-25T07:47:48.957+00:00","2026-08-25T07:47:48.957+00:00","815537","false",
"6a8d4963e861190f1587","[""read(\""user:6a08483f7d0ddbd6ebe3\"")""]","2026-08-25T07:51:00.059+00:00","2026-08-25T07:51:00.059+00:00","641735","false",
"6a8d499099355613dacb","[""read(\""user:6a8d37edc465a6ebe277\"")""]","2026-08-25T07:51:44.753+00:00","2026-08-25T07:51:44.753+00:00","553226","false",
"6a8d499c598b825a03bc","[""read(\""user:6a6049a6bfd1e98e0c25\"")""]","2026-08-25T07:51:56.466+00:00","2026-08-25T07:51:56.466+00:00","803388","false",
"6a8d49d23aade2846143","[""read(\""user:6a0d4a057f3afd722633\"")""]","2026-08-25T07:52:50.354+00:00","2026-08-25T07:52:50.354+00:00","713471","false",
"6a8d49d53e51fe57bda0","[""read(\""user:69fac2e0eca1e87535f0\"")""]","2026-08-25T07:52:53.364+00:00","2026-08-25T07:52:53.364+00:00","544567","false",
"6a8d4a2fefaa95a0bd05","[""read(\""user:6a75a874001d90435549\"")""]","2026-08-25T07:54:24.092+00:00","2026-08-25T07:54:24.092+00:00","941053","false",
"6a8d4a58ef61e71693fe","[""read(\""user:6a8d368aadf14e8eaed3\"")""]","2026-08-25T07:55:05.085+00:00","2026-08-25T07:55:05.085+00:00","709278","false",
"6a8d4abef0d177a6c1d2","[""read(\""user:6a0d4a057f3afd722633\"")""]","2026-08-25T07:56:47.112+00:00","2026-08-25T07:56:47.112+00:00","847793","false",
"6a8d4ac0551dee78c7fd","[""read(\""user:6a8d498200274e3ffbf7\"")""]","2026-08-25T07:56:48.468+00:00","2026-08-25T07:56:48.468+00:00","656372","false",
"6a8d4b29b2d23baf3ed7","[""read(\""user:6a8d4af1eaf77d1cb7b3\"")""]","2026-08-25T07:58:33.856+00:00","2026-08-25T07:58:33.856+00:00","491950","false",
"6a8d4b396020c7a24783","[""read(\""user:6a8d4adfc12bd373f74f\"")""]","2026-08-25T07:58:49.508+00:00","2026-08-25T07:58:49.508+00:00","395623","false",
"6a8d4bab145d08bf8ade","[""read(\""user:6a75a874001d90435549\"")""]","2026-08-25T08:00:43.191+00:00","2026-08-25T08:00:43.191+00:00","586299","false",
"6a8d4bed4c38fd7e6839","[""read(\""user:6a894641bd40de908284\"")""]","2026-08-25T08:01:49.418+00:00","2026-08-25T08:01:49.418+00:00","707643","false",
"6a8d4c103b703bc88720","[""read(\""user:6a5da04c8e52b2a4b1a9\"")""]","2026-08-25T08:02:24.370+00:00","2026-08-25T08:02:24.370+00:00","324186","false",
"6a8d4c2d32daecc7c385","[""read(\""user:6a894641bd40de908284\"")""]","2026-08-25T08:02:53.314+00:00","2026-08-25T08:02:53.314+00:00","076083","false",
"6a8d4c5f2fc071f90d26","[""read(\""user:6a5f00455934645378b9\"")""]","2026-08-25T08:03:43.301+00:00","2026-08-25T08:03:43.301+00:00","417680","false",
"6a8d4d242c8e1981b7a7","[""read(\""user:6a5f00455934645378b9\"")""]","2026-08-25T08:07:00.294+00:00","2026-08-25T08:07:00.294+00:00","053738","false",
"6a8d4d509296036cf355","[""read(\""user:6a83d7a8ccb9e476e1c8\"")""]","2026-08-25T08:07:44.752+00:00","2026-08-25T08:07:44.752+00:00","517274","false",
"6a8d4d902d52577c3c15","[""read(\""user:6a8d4c9e87a12fbbbbd3\"")""]","2026-08-25T08:08:48.291+00:00","2026-08-25T08:08:48.291+00:00","304060","false",
"6a8d4e78d636917796b3","[""read(\""user:6a8d4de10017d89c001a\"")""]","2026-08-25T08:12:40.979+00:00","2026-08-25T08:12:40.979+00:00","205178","false",
"6a8d5122ee5fec8a403e","[""read(\""user:6a8d4c924523f0f35c45\"")""]","2026-08-25T08:24:03.150+00:00","2026-08-25T08:24:03.150+00:00","880092","false",
"6a8d516156c5e36444ae","[""read(\""user:6a8d4c924523f0f35c45\"")""]","2026-08-25T08:25:05.486+00:00","2026-08-25T08:25:05.486+00:00","385075","false",
"6a8d519ecb7407897e89","[""read(\""user:6a8d5116d5ca16a58be7\"")""]","2026-08-25T08:26:06.941+00:00","2026-08-25T08:26:06.941+00:00","707816","false",
"6a8d51d0d4304acc2ba9","[""read(\""user:6a8d50523173ca7f37e2\"")""]","2026-08-25T08:26:56.974+00:00","2026-08-25T08:26:56.974+00:00","080817","false",
"6a8d52ed8c0cf249424e","[""read(\""user:69fc4df83e2dcdb30e11\"")""]","2026-08-25T08:31:41.693+00:00","2026-08-25T08:31:41.693+00:00","149595","false",
"6a8d5300dba289596362","[""read(\""user:6a8d52730031da1c7406\"")""]","2026-08-25T08:32:01.007+00:00","2026-08-25T08:32:01.007+00:00","316076","false",
"6a8d53113d5f4cfa2c7b","[""read(\""user:6a82e3dabaf8576c0798\"")""]","2026-08-25T08:32:17.355+00:00","2026-08-25T08:32:17.355+00:00","252454","false",
"6a8d53116c3b953b15b8","[""read(\""user:6a842a810032ecfdedff\"")""]","2026-08-25T08:32:17.557+00:00","2026-08-25T08:32:17.557+00:00","351405","false",
"6a8d5321a18d0fd99f87","[""read(\""user:6a8d52102b3dbc66d6db\"")""]","2026-08-25T08:32:33.771+00:00","2026-08-25T08:32:33.771+00:00","422162","false",
"6a8d5349777927a0d8ab","[""read(\""user:69fc4df83e2dcdb30e11\"")""]","2026-08-25T08:33:13.831+00:00","2026-08-25T08:33:13.831+00:00","960739","false",
"6a8d53a5202d78841069","[""read(\""user:69fc4df83e2dcdb30e11\"")""]","2026-08-25T08:34:45.244+00:00","2026-08-25T08:34:45.244+00:00","523478","false",
"6a8d53eab29bcc0ddf29","[""read(\""user:6a82e3dabaf8576c0798\"")""]","2026-08-25T08:35:54.852+00:00","2026-08-25T08:35:54.852+00:00","726833","false",
"6a8d540f594917667be9","[""read(\""user:6a0e858e3bde2d58e21d\"")""]","2026-08-25T08:36:31.475+00:00","2026-08-25T08:36:31.475+00:00","106715","false",
"6a8d542468a7a58cd401","[""read(\""user:6a8d53d355c62ffceb01\"")""]","2026-08-25T08:36:52.540+00:00","2026-08-25T08:36:52.540+00:00","563785","false",
"6a8d54aad2230e758851","[""read(\""user:6a8d368aadf14e8eaed3\"")""]","2026-08-25T08:39:06.976+00:00","2026-08-25T08:39:06.976+00:00","647515","false",
"6a8d5574787d8a2edf03","[""read(\""user:6a0a873fa2294a3f2c8c\"")""]","2026-08-25T08:42:28.601+00:00","2026-08-25T08:42:28.601+00:00","917394","false",
"6a8d56052f6d25684acf","[""read(\""user:6a54a9f60004735f26d9\"")""]","2026-08-25T08:44:53.309+00:00","2026-08-25T08:44:53.309+00:00","444862","false",
"6a8d567e87c49597ea8a","[""read(\""user:6a8d55bd003df9bbae01\"")""]","2026-08-25T08:46:54.661+00:00","2026-08-25T08:46:54.661+00:00","537273","false",
"6a8d569e6fd53c40e884","[""read(\""user:69fc4df83e2dcdb30e11\"")""]","2026-08-25T08:47:26.577+00:00","2026-08-25T08:47:26.577+00:00","748858","false",
"6a8d56aca3136f035f99","[""read(\""user:69fc4df83e2dcdb30e11\"")""]","2026-08-25T08:47:40.774+00:00","2026-08-25T08:47:40.774+00:00","534150","false",
"6a8d56b13f7c5bd67020","[""read(\""user:6a0a89785316c62aeee4\"")""]","2026-08-25T08:47:45.366+00:00","2026-08-25T08:47:45.366+00:00","706077","false",
"6a8d56e8332278a9672d","[""read(\""user:69fc4df83e2dcdb30e11\"")""]","2026-08-25T08:48:40.323+00:00","2026-08-25T08:48:40.323+00:00","699183","false",
"6a8d57533c2856add530","[""read(\""user:69fc4df83e2dcdb30e11\"")""]","2026-08-25T08:50:27.621+00:00","2026-08-25T08:50:27.621+00:00","925779","false",
"6a8d57a82e0ebc8ce00d","[""read(\""user:6a8d55bd003df9bbae01\"")""]","2026-08-25T08:51:52.300+00:00","2026-08-25T08:51:52.300+00:00","485262","false",
"6a8d57bb38bfc87be274","[""read(\""user:69fc4df83e2dcdb30e11\"")""]","2026-08-25T08:52:11.342+00:00","2026-08-25T08:52:11.342+00:00","714737","false",
"6a8d5840cf9365d091f9","[""read(\""user:6a607128127dd7fb50c2\"")""]","2026-08-25T08:54:24.956+00:00","2026-08-25T08:54:24.956+00:00","894265","false",
"6a8d5caae641f770bcaa","[""read(\""user:6a8d5b32000284b9b637\"")""]","2026-08-25T09:13:15.055+00:00","2026-08-25T09:13:15.055+00:00","102663","false",
"6a8d5de1750fa9ff5eef","[""read(\""user:6a8d5b32000284b9b637\"")""]","2026-08-25T09:18:25.830+00:00","2026-08-25T09:18:25.830+00:00","389394","false",
"6a8d5df4eb454f421563","[""read(\""user:6a8d5b32000284b9b637\"")""]","2026-08-25T09:18:45.076+00:00","2026-08-25T09:18:45.076+00:00","724186","false",
"6a8d612a8892c577f24c","[""read(\""user:69f2d95e5e8f47bf440e\"")""]","2026-08-25T09:32:26.680+00:00","2026-08-25T09:32:26.680+00:00","137627","false",
"6a8d616d5ce10e8fd451","[""read(\""user:69f2d95e5e8f47bf440e\"")""]","2026-08-25T09:33:33.504+00:00","2026-08-25T09:33:33.504+00:00","958199","false",
"6a8d61a1e177569c4f5f","[""read(\""user:69fecbe9b41c31179e5f\"")""]","2026-08-25T09:34:26.056+00:00","2026-08-25T09:34:26.056+00:00","748004","false",
"6a8d62b7e8231d1a7149","[""read(\""user:6a8d61830026533c58d5\"")""]","2026-08-25T09:39:04.068+00:00","2026-08-25T09:39:04.068+00:00","435818","false",
"6a8d62d1d9e590fd682b","[""read(\""user:6a0c184e000a1a8678e3\"")""]","2026-08-25T09:39:30.000+00:00","2026-08-25T09:39:30.000+00:00","385798","false",
"6a8d637159eb2990e424","[""read(\""user:6a0aa1ee46be27850836\"")""]","2026-08-25T09:42:09.481+00:00","2026-08-25T09:42:09.481+00:00","745547","false",
"6a8d640974b91448ced3","[""read(\""user:6a8d62603ec60e1a6b7a\"")""]","2026-08-25T09:44:41.611+00:00","2026-08-25T09:44:41.611+00:00","003469","false",
"6a8d68c18ef4d4ba1ea5","[""read(\""user:6a8d1409e9812e3db98b\"")""]","2026-08-25T10:04:49.696+00:00","2026-08-25T10:04:49.696+00:00","947183","false",
"6a8d68e08ce813389def","[""read(\""user:6a8d681d10fdb1cf43c4\"")""]","2026-08-25T10:05:20.686+00:00","2026-08-25T10:05:20.686+00:00","545971","false",
"6a8d6ba2617e244ee1e5","[""read(\""user:6a87e467001254eca0d1\"")""]","2026-08-25T10:17:06.517+00:00","2026-08-25T10:17:06.517+00:00","228523","false",
"6a8d6cbb35818519c003","[""read(\""user:69f066060000dc187acf\"")""]","2026-08-25T10:21:47.555+00:00","2026-08-25T10:21:47.555+00:00","649659","false",
"6a8d6ccc8985fc7a913d","[""read(\""user:69fabdc6a679adfc4cd8\"")""]","2026-08-25T10:22:05.307+00:00","2026-08-25T10:22:05.307+00:00","845631","false",
"6a8d6ce11d7fc42e0492","[""read(\""user:69f066060000dc187acf\"")""]","2026-08-25T10:22:25.486+00:00","2026-08-25T10:22:25.486+00:00","579373","false",
"6a8d6f9911827c1cb463","[""read(\""user:6a8d6ea80013ec98f889\"")""]","2026-08-25T10:34:01.175+00:00","2026-08-25T10:34:01.175+00:00","170533","false",
"6a8d7023589343799fd2","[""read(\""user:6a8d6eec32a05ce5cd9e\"")""]","2026-08-25T10:36:19.477+00:00","2026-08-25T10:36:19.477+00:00","713390","false",
"6a8d70b38b282cfe235d","[""read(\""user:6a8d6eec32a05ce5cd9e\"")""]","2026-08-25T10:38:43.678+00:00","2026-08-25T10:38:43.678+00:00","774501","false",
"6a8d71bb82aa2dc185c7","[""read(\""user:6a8d6eec32a05ce5cd9e\"")""]","2026-08-25T10:43:07.635+00:00","2026-08-25T10:43:07.635+00:00","896180","false",
"6a8d7376e32d2cd6caa0","[""read(\""user:6a844d306f57d85ae840\"")""]","2026-08-25T10:50:31.059+00:00","2026-08-25T10:50:31.059+00:00","462024","false",
"6a8d73d0783669fca6ca","[""read(\""user:6a56050e76fb0cd2de48\"")""]","2026-08-25T10:52:00.597+00:00","2026-08-25T10:52:00.597+00:00","347136","false",
"6a8d7654ab1b2714a951","[""read(\""user:69f811ac2880990222e5\"")""]","2026-08-25T11:02:44.812+00:00","2026-08-25T11:02:44.812+00:00","906725","false",
"6a8d7705eb30f6ba4a9c","[""read(\""user:69f811ac2880990222e5\"")""]","2026-08-25T11:05:42.076+00:00","2026-08-25T11:05:42.076+00:00","014751","false",
"6a8d77740ebe9e82ee2e","[""read(\""user:6a5c562770ee83348aef\"")""]","2026-08-25T11:07:32.171+00:00","2026-08-25T11:07:32.171+00:00","598114","false",
"6a8d77e2b906168acae0","[""read(\""user:6a5da13c6fb2ab443721\"")""]","2026-08-25T11:09:22.874+00:00","2026-08-25T11:09:22.874+00:00","048893","false",
"6a8d7834395733e0fb84","[""read(\""user:6a5c562770ee83348aef\"")""]","2026-08-25T11:10:44.361+00:00","2026-08-25T11:10:44.361+00:00","055048","false",
"6a8d8c76529c4b82e636","[""read(\""user:6a8d8c1e7901cbf28567\"")""]","2026-08-25T12:37:10.453+00:00","2026-08-25T12:37:10.453+00:00","806946","false",
"6a8d8e740facad2418f2","[""read(\""user:6a8d8e3438ab55b3a630\"")""]","2026-08-25T12:45:40.176+00:00","2026-08-25T12:45:40.176+00:00","412499","false",
"6a8d919b5f5307b0733e","[""read(\""user:6a8d912900349fc0fd75\"")""]","2026-08-25T12:59:07.507+00:00","2026-08-25T12:59:07.507+00:00","736184","false",
"6a8d91aea753f7ef1057","[""read(\""user:6a8d912900349fc0fd75\"")""]","2026-08-25T12:59:26.792+00:00","2026-08-25T12:59:26.792+00:00","992427","false",
"6a8d93268b496f0afa55","[""read(\""user:6a8d92f678b08c5a8974\"")""]","2026-08-25T13:05:42.679+00:00","2026-08-25T13:05:42.679+00:00","641496","false",
"6a8da912764a8eef0cc7","[""read(\""user:6a8aa87992e4e7a64732\"")""]","2026-08-25T14:39:14.594+00:00","2026-08-25T14:39:14.594+00:00","775580","false",
"6a8db106f0004a6a52aa","[""read(\""user:6a51f994130362ec27c8\"")""]","2026-08-25T15:13:11.094+00:00","2026-08-25T15:13:11.094+00:00","876966","false",
"6a8e618f4bfedec1a5a3","[""read(\""user:6a8d0bc699f40c762efd\"")""]","2026-08-26T03:46:23.425+00:00","2026-08-26T03:46:23.425+00:00","828029","false",
"6a8e64c10f04ebdbb294","[""read(\""user:6a8d0bc699f40c762efd\"")""]","2026-08-26T04:00:01.168+00:00","2026-08-26T04:00:01.168+00:00","152046","false",
"6a8e65e4f187937cd7f9","[""read(\""user:6a8e653a0d43fe3a0cea\"")""]","2026-08-26T04:04:53.100+00:00","2026-08-26T04:04:53.100+00:00","484568","false",
"6a8e65f765ab9e1fb1cc","[""read(\""user:6a8e653a0d43fe3a0cea\"")""]","2026-08-26T04:05:11.535+00:00","2026-08-26T04:05:11.535+00:00","742942","false",
"6a8e6652ed8024ce7814","[""read(\""user:6a8e653a0d43fe3a0cea\"")""]","2026-08-26T04:06:43.077+00:00","2026-08-26T04:06:43.077+00:00","305829","false",
"6a8e74b517fee3c17daa","[""read(\""user:6a8e7345c1f196d849ef\"")""]","2026-08-26T05:08:05.207+00:00","2026-08-26T05:08:05.207+00:00","570687","false",
"6a8e771e766bb583a215","[""read(\""user:6a8e76f9c1922a30eb7a\"")""]","2026-08-26T05:18:22.681+00:00","2026-08-26T05:18:22.681+00:00","063267","false",
"6a8e9fa802d215b3fa06","[""read(\""user:6a83074feb87f31f3ad8\"")""]","2026-08-26T08:11:20.123+00:00","2026-08-26T08:11:20.123+00:00","592548","false",
"6a8ea0ab7a68fc90ab91","[""read(\""user:6a8ea083ea263341f258\"")""]","2026-08-26T08:15:39.605+00:00","2026-08-26T08:15:39.605+00:00","948136","false",
"6a8ea2b23cc0efdc4f4e","[""read(\""user:6a847dc1003281f1a7f9\"")""]","2026-08-26T08:24:18.380+00:00","2026-08-26T08:24:18.380+00:00","666493","false",
"6a8eadbede3eb57aa1c7","[""read(\""user:6a886946714485581f3c\"")""]","2026-08-26T09:11:27.066+00:00","2026-08-26T09:11:27.066+00:00","446063","false",
"6a8eb04f5ecaf8bf45c2","[""read(\""user:6a88087f3bc5c8def2e8\"")""]","2026-08-26T09:22:23.494+00:00","2026-08-26T09:22:23.494+00:00","138476","false",
"6a8ee29751b2ee8155f1","[""read(\""user:6a8bde570005c93da08e\"")""]","2026-08-26T12:56:55.445+00:00","2026-08-26T12:56:55.445+00:00","129916","false",
"6a8ee2a79e9e4322b5c6","[""read(\""user:6a8bde570005c93da08e\"")""]","2026-08-26T12:57:11.760+00:00","2026-08-26T12:57:11.760+00:00","509512","false",
"6a8ee4e6c92e714dbf57","[""read(\""user:6a85447803b77a9f35ae\"")""]","2026-08-26T13:06:46.934+00:00","2026-08-26T13:06:46.934+00:00","304942","false",
"6a8ee4f0b6c6a5b9f13b","[""read(\""user:6a8ee4bea82e1c251855\"")""]","2026-08-26T13:06:56.868+00:00","2026-08-26T13:06:56.868+00:00","725660","false",
"6a8eeb3e083efa03ccea","[""read(\""user:6a19e6e1c0957def6126\"")""]","2026-08-26T13:33:50.158+00:00","2026-08-26T13:33:50.158+00:00","956807","false",
"6a8eebe3dbc4903f9a11","[""read(\""user:6a19e6e1c0957def6126\"")""]","2026-08-26T13:36:36.029+00:00","2026-08-26T13:36:36.029+00:00","974051","false",
"6a8efff5569e4fb3910a","[""read(\""user:6a8eff84003a499a5b05\"")""]","2026-08-26T15:02:13.482+00:00","2026-08-26T15:02:13.482+00:00","054570","false",
"6a8f00a6e3ef82745e38","[""read(\""user:6a8eff84003a499a5b05\"")""]","2026-08-26T15:05:11.047+00:00","2026-08-26T15:05:11.047+00:00","076852","false",
"6a8f00ba189694d04fe6","[""read(\""user:6a8eff84003a499a5b05\"")""]","2026-08-26T15:05:30.224+00:00","2026-08-26T15:05:30.224+00:00","871017","false",
"6a8f00d6c1fe776df367","[""read(\""user:6a8eff84003a499a5b05\"")""]","2026-08-26T15:05:58.916+00:00","2026-08-26T15:05:58.916+00:00","582670","false",
"6a8f015d38705810a0af","[""read(\""user:6a8eff84003a499a5b05\"")""]","2026-08-26T15:08:13.348+00:00","2026-08-26T15:08:13.348+00:00","998247","false",
"6a8f01a28a09e5750799","[""read(\""user:6a8eff84003a499a5b05\"")""]","2026-08-26T15:09:22.680+00:00","2026-08-26T15:09:22.680+00:00","104860","false",
"6a8f034fec75618c1990","[""read(\""user:6a81c6340016bcddff0b\"")""]","2026-08-26T15:16:32.085+00:00","2026-08-26T15:16:32.085+00:00","638561","false",
"6a8f03a785acb697096c","[""read(\""user:6a81c6340016bcddff0b\"")""]","2026-08-26T15:17:59.660+00:00","2026-08-26T15:17:59.660+00:00","842824","false",
"6a8f03f4755cb8080795","[""read(\""user:6a8eff84003a499a5b05\"")""]","2026-08-26T15:19:16.592+00:00","2026-08-26T15:19:16.592+00:00","738708","false",
"6a8f042f312961abcd8c","[""read(\""user:6a8eff84003a499a5b05\"")""]","2026-08-26T15:20:15.314+00:00","2026-08-26T15:20:15.314+00:00","360010","false",
"6a8f0513cb40c55b997c","[""read(\""user:6a81c6340016bcddff0b\"")""]","2026-08-26T15:24:03.962+00:00","2026-08-26T15:24:03.962+00:00","140530","false",
"6a8f05a7caab5d894b88","[""read(\""user:6a0ae6a42b068b2d2f5a\"")""]","2026-08-26T15:26:31.938+00:00","2026-08-26T15:26:31.938+00:00","643917","false",
"6a8f05b106ab026b121f","[""read(\""user:6a0ae6a42b068b2d2f5a\"")""]","2026-08-26T15:26:41.164+00:00","2026-08-26T15:26:41.164+00:00","060235","false",
"6a8f05c4a8e7a6be1fe3","[""read(\""user:6a19e6e1c0957def6126\"")""]","2026-08-26T15:27:00.800+00:00","2026-08-26T15:27:00.800+00:00","497706","false",
"6a8f05d7ad6a8b9d9ae5","[""read(\""user:6a19e6e1c0957def6126\"")""]","2026-08-26T15:27:19.815+00:00","2026-08-26T15:27:19.815+00:00","308816","false",
"6a8f0a0bbf5ff4d3eacc","[""read(\""user:6a8f098d5358e40771da\"")""]","2026-08-26T15:45:15.891+00:00","2026-08-26T15:45:15.891+00:00","449855","false",
"6a8f0ba724896f271c55","[""read(\""user:6a8ec05d001e0fee9c5b\"")""]","2026-08-26T15:52:07.270+00:00","2026-08-26T15:52:07.270+00:00","468935","false",
"6a8f0bf309106f16a9e2","[""read(\""user:6a8ec05d001e0fee9c5b\"")""]","2026-08-26T15:53:23.153+00:00","2026-08-26T15:53:23.153+00:00","724325","false",
"6a8f9d1481d267cbcfbe","[""read(\""user:6a8f9c5900193d06385c\"")""]","2026-08-27T02:12:36.639+00:00","2026-08-27T02:12:36.639+00:00","883238","false",
"6a8f9e6ee7441eafcfc7","[""read(\""user:6a8f9dd1001bb83ad2cb\"")""]","2026-08-27T02:18:23.053+00:00","2026-08-27T02:18:23.053+00:00","956685","false",
"6a8f9f04e8b9fa51bea9","[""read(\""user:6a8f9dd1001bb83ad2cb\"")""]","2026-08-27T02:20:53.054+00:00","2026-08-27T02:20:53.054+00:00","711166","false",
"6a8f9ff2ee3386351c42","[""read(\""user:6a8f9c5900193d06385c\"")""]","2026-08-27T02:24:51.083+00:00","2026-08-27T02:24:51.083+00:00","910615","false",
"6a8fa16bb711c2e4b588","[""read(\""user:69f9c35e586444a0c81b\"")""]","2026-08-27T02:31:07.852+00:00","2026-08-27T02:31:07.852+00:00","407432","false",
"6a8fa374b9445d7bf3c0","[""read(\""user:69f9c35e586444a0c81b\"")""]","2026-08-27T02:39:48.861+00:00","2026-08-27T02:39:48.861+00:00","754924","false",
"6a8fa441c52305f85ec1","[""read(\""user:69f9c35e586444a0c81b\"")""]","2026-08-27T02:43:13.921+00:00","2026-08-27T02:43:13.921+00:00","073257","false",
"6a8fa5ecd070f01aa661","[""read(\""user:6a0beed962210abbf717\"")""]","2026-08-27T02:50:20.976+00:00","2026-08-27T02:50:20.976+00:00","649462","false",
"6a8fa80722a16734d6b5","[""read(\""user:6a8bb1991fd33c154e28\"")""]","2026-08-27T02:59:19.252+00:00","2026-08-27T02:59:19.252+00:00","018058","false",
"6a8faa07d87e27f23a57","[""read(\""user:6a5f15d5ed0801344018\"")""]","2026-08-27T03:07:52.030+00:00","2026-08-27T03:07:52.030+00:00","992958","false",
"6a8faa7d47abf35aab9d","[""read(\""user:6a79446fa7ffa39e92e1\"")""]","2026-08-27T03:09:49.406+00:00","2026-08-27T03:09:49.406+00:00","513011","false",
"6a8faadd2c5c2bb9d01a","[""read(\""user:69f31f06e6f204a98a55\"")""]","2026-08-27T03:11:25.283+00:00","2026-08-27T03:11:25.283+00:00","441356","false",
"6a8fab080973b07ea234","[""read(\""user:6a79446fa7ffa39e92e1\"")""]","2026-08-27T03:12:08.150+00:00","2026-08-27T03:12:08.150+00:00","428016","false",
"6a8fab1008ed95f12ad1","[""read(\""user:6a265b2136a612a2fd8c\"")""]","2026-08-27T03:12:16.137+00:00","2026-08-27T03:12:16.137+00:00","749397","false",
"6a8fab640a7e92bc6588","[""read(\""user:69f31f06e6f204a98a55\"")""]","2026-08-27T03:13:40.152+00:00","2026-08-27T03:13:40.152+00:00","267245","false",
"6a8fac1e5d6d60dbce31","[""read(\""user:69f31f06e6f204a98a55\"")""]","2026-08-27T03:16:46.496+00:00","2026-08-27T03:16:46.496+00:00","092043","false",
"6a8fac5a9317a13b0d3f","[""read(\""user:6a1663aadf669507fda2\"")""]","2026-08-27T03:17:46.711+00:00","2026-08-27T03:17:46.711+00:00","730184","false",
"6a8facffbb987b813d6e","[""read(\""user:69eadf8914d70a240f86\"")""]","2026-08-27T03:20:31.877+00:00","2026-08-27T03:20:31.877+00:00","371835","false",
"6a8fad6760820c3f305d","[""read(\""user:6a350c471699cbe179a2\"")""]","2026-08-27T03:22:15.515+00:00","2026-08-27T03:22:15.515+00:00","793156","false",
"6a8fae13204bda7458e4","[""read(\""user:6a8fad16bc670e5df75e\"")""]","2026-08-27T03:25:07.248+00:00","2026-08-27T03:25:07.248+00:00","016671","false",
"6a8fae58442c0ab8b0f0","[""read(\""user:6a08483f7d0ddbd6ebe3\"")""]","2026-08-27T03:26:16.382+00:00","2026-08-27T03:26:16.382+00:00","344355","false",
"6a8faecf14debda2a73f","[""read(\""user:6a26583c0037e64c01a2\"")""]","2026-08-27T03:28:15.193+00:00","2026-08-27T03:28:15.193+00:00","550702","false",
"6a8faf0718849842a905","[""read(\""user:6a8faec3518899557b41\"")""]","2026-08-27T03:29:11.206+00:00","2026-08-27T03:29:11.206+00:00","143110","false",
"6a8faf4856908d2310fc","[""read(\""user:69eb109d4ed7084cc25f\"")""]","2026-08-27T03:30:16.460+00:00","2026-08-27T03:30:16.460+00:00","339348","false",
"6a8fafc3b47ac8cb26a5","[""read(\""user:69fd8172c62e6b62e454\"")""]","2026-08-27T03:32:19.852+00:00","2026-08-27T03:32:19.852+00:00","488046","false",
"6a8fb056113eda213a34","[""read(\""user:6a5c709b6d80ffd809b8\"")""]","2026-08-27T03:34:46.170+00:00","2026-08-27T03:34:46.170+00:00","367678","false",
"6a8fb1c1d85a9a8e8bcf","[""read(\""user:6a8be810000239f48c91\"")""]","2026-08-27T03:40:50.001+00:00","2026-08-27T03:40:50.001+00:00","222953","false",
"6a8fb2026063ca42939f","[""read(\""user:6a8569345a4145303d8d\"")""]","2026-08-27T03:41:54.500+00:00","2026-08-27T03:41:54.500+00:00","301813","false",
"6a8fb485005de3189494","[""read(\""user:6a8bbed41126ceaff0e7\"")""]","2026-08-27T03:52:37.121+00:00","2026-08-27T03:52:37.121+00:00","424621","false",
"6a8fb4b9403a84df8b99","[""read(\""user:6a8fb4421c43d7d8ecaa\"")""]","2026-08-27T03:53:29.366+00:00","2026-08-27T03:53:29.366+00:00","784533","false",
"6a8fb4ef210efe6d3aea","[""read(\""user:6a19e6e1c0957def6126\"")""]","2026-08-27T03:54:23.267+00:00","2026-08-27T03:54:23.267+00:00","343686","false",
"6a8fb50247500df5b883","[""read(\""user:6a8bbed41126ceaff0e7\"")""]","2026-08-27T03:54:42.407+00:00","2026-08-27T03:54:42.407+00:00","497359","false",
"6a8fb5062dbfd3d16612","[""read(\""user:6a8fb423001dc7768835\"")""]","2026-08-27T03:54:46.303+00:00","2026-08-27T03:54:46.303+00:00","529186","false",
"6a8fb50e49df38910eb0","[""read(\""user:6a8fb4692e5533c35ec5\"")""]","2026-08-27T03:54:54.403+00:00","2026-08-27T03:54:54.403+00:00","404895","false",
"6a8fb535e8054f2ba723","[""read(\""user:6a8fb510949a2b855316\"")""]","2026-08-27T03:55:34.065+00:00","2026-08-27T03:55:34.065+00:00","886121","false",
"6a8fb5892ebf4de51649","[""read(\""user:6a8bbed41126ceaff0e7\"")""]","2026-08-27T03:56:57.306+00:00","2026-08-27T03:56:57.306+00:00","495882","false",
"6a8fb5faa586730e8b35","[""read(\""user:6a8bbed41126ceaff0e7\"")""]","2026-08-27T03:58:50.791+00:00","2026-08-27T03:58:50.791+00:00","859075","false",
"6a8fb6050873bca2fea5","[""read(\""user:69eaf9754d7c086f8229\"")""]","2026-08-27T03:59:01.139+00:00","2026-08-27T03:59:01.139+00:00","207333","false",
"6a8fb609517330a8191a","[""read(\""user:6a8fb4421c43d7d8ecaa\"")""]","2026-08-27T03:59:05.447+00:00","2026-08-27T03:59:05.447+00:00","858485","false",
"6a8fb63c13709ae3ac7a","[""read(\""user:69eaf9754d7c086f8229\"")""]","2026-08-27T03:59:56.197+00:00","2026-08-27T03:59:56.197+00:00","928606","false",
"6a8fb645eecf965ba206","[""read(\""user:6a83fb756e4b03d58345\"")""]","2026-08-27T04:00:06.087+00:00","2026-08-27T04:00:06.087+00:00","085816","false",
"6a8fb705d46b3f211311","[""read(\""user:6a83fb756e4b03d58345\"")""]","2026-08-27T04:03:17.984+00:00","2026-08-27T04:03:17.984+00:00","693050","false",
"6a8fb72b878bc24dc597","[""read(\""user:69eaf9754d7c086f8229\"")""]","2026-08-27T04:03:55.660+00:00","2026-08-27T04:03:55.660+00:00","733504","false",
"6a8fb7a19509edc07db4","[""read(\""user:6a8bbed41126ceaff0e7\"")""]","2026-08-27T04:05:53.723+00:00","2026-08-27T04:05:53.723+00:00","216387","false",
"6a8fb7cc865863371ead","[""read(\""user:6a4f689e31e42deca0e7\"")""]","2026-08-27T04:06:36.661+00:00","2026-08-27T04:06:36.661+00:00","637323","false",
"6a8fb7f265f9ad8681bc","[""read(\""user:69eaf9754d7c086f8229\"")""]","2026-08-27T04:07:14.521+00:00","2026-08-27T04:07:14.521+00:00","948627","false",
"6a8fb8b63130a976213f","[""read(\""user:6a8c1229c5814f075a52\"")""]","2026-08-27T04:10:30.315+00:00","2026-08-27T04:10:30.315+00:00","470133","false",
"6a8fb970db519c6447a1","[""read(\""user:69eaf8fb251058ccff9b\"")""]","2026-08-27T04:13:37.085+00:00","2026-08-27T04:13:37.085+00:00","176604","false",
"6a8fb97714a8a784ccb4","[""read(\""user:6a0a9e6dc1c89eb35c79\"")""]","2026-08-27T04:13:43.235+00:00","2026-08-27T04:13:43.235+00:00","301049","false",
"6a8fb9978eb41746efc4","[""read(\""user:6a1eb069002668d9d334\"")""]","2026-08-27T04:14:15.687+00:00","2026-08-27T04:14:15.687+00:00","943478","false",
"6a8fba3677a6aa3c2d94","[""read(\""user:6a72e797002ae7c5f19a\"")""]","2026-08-27T04:16:54.601+00:00","2026-08-27T04:16:54.601+00:00","834391","false",
"6a8fba3ce6d89ba4e062","[""read(\""user:6a168714df53cca2cade\"")""]","2026-08-27T04:17:01.048+00:00","2026-08-27T04:17:01.048+00:00","160099","false",
"6a8fbba31d49258fe1de","[""read(\""user:6a1eb069002668d9d334\"")""]","2026-08-27T04:22:59.225+00:00","2026-08-27T04:22:59.225+00:00","904236","false",
"6a8fbbefb1cf015d5fb4","[""read(\""user:6a83dd69f1f60c6f25a6\"")""]","2026-08-27T04:24:15.843+00:00","2026-08-27T04:24:15.843+00:00","348881","false",
"6a8fbc495e50dea72588","[""read(\""user:6a1eb069002668d9d334\"")""]","2026-08-27T04:25:45.497+00:00","2026-08-27T04:25:45.497+00:00","370483","false",
"6a8fbc868fbcb46d020d","[""read(\""user:6a83dd69f1f60c6f25a6\"")""]","2026-08-27T04:26:46.694+00:00","2026-08-27T04:26:46.694+00:00","501985","false",
"6a8fbc984147c8d1c76b","[""read(\""user:6a1eb069002668d9d334\"")""]","2026-08-27T04:27:04.386+00:00","2026-08-27T04:27:04.386+00:00","009015","false",
"6a8fbcbc406c29257a37","[""read(\""user:6a8c0d8b6a51da4bfff8\"")""]","2026-08-27T04:27:40.380+00:00","2026-08-27T04:27:40.380+00:00","976685","false",
"6a8fbd4155c0f0b6233c","[""read(\""user:6a8c0d8b6a51da4bfff8\"")""]","2026-08-27T04:29:53.456+00:00","2026-08-27T04:29:53.456+00:00","993900","false",
"6a8fbedba21243c3b117","[""read(\""user:6a70452920b89d670a8a\"")""]","2026-08-27T04:36:43.779+00:00","2026-08-27T04:36:43.779+00:00","870596","false",
"6a8fc1288de57f73faa3","[""read(\""user:6a560c629ff4af239514\"")""]","2026-08-27T04:46:32.689+00:00","2026-08-27T04:46:32.689+00:00","511830","false",
"6a8fc13d3dc2a0c889f6","[""read(\""user:6a8fc0eb7255df9134c0\"")""]","2026-08-27T04:46:53.362+00:00","2026-08-27T04:46:53.362+00:00","871467","false",
"6a8fc38abcaaae2c8943","[""read(\""user:69eaf107d8192f1c7b61\"")""]","2026-08-27T04:56:42.879+00:00","2026-08-27T04:56:42.879+00:00","001484","false",
"6a8fc51099a3bc23e74b","[""read(\""user:6a0a873fa2294a3f2c8c\"")""]","2026-08-27T05:03:12.743+00:00","2026-08-27T05:03:12.743+00:00","069243","false",
"6a8fc52c2cc894018fa2","[""read(\""user:6a0a873fa2294a3f2c8c\"")""]","2026-08-27T05:03:40.332+00:00","2026-08-27T05:03:40.332+00:00","025430","false",
"6a8fc5fadb116735c068","[""read(\""user:6a019fa0afedba4a0dab\"")""]","2026-08-27T05:07:07.017+00:00","2026-08-27T05:07:07.017+00:00","833241","false",
"6a8fc617406aa5018c0d","[""read(\""user:6a83dd69f1f60c6f25a6\"")""]","2026-08-27T05:07:35.384+00:00","2026-08-27T05:07:35.384+00:00","565178","false",
"6a8fc6425ae2dae5ef56","[""read(\""user:6a0a873fa2294a3f2c8c\"")""]","2026-08-27T05:08:18.504+00:00","2026-08-27T05:08:18.504+00:00","296273","false",
"6a8fc672e05a15db3444","[""read(\""user:69fad7e887742b999888\"")""]","2026-08-27T05:09:07.072+00:00","2026-08-27T05:09:07.072+00:00","098169","false",
"6a8fc6aa7ac3e05b6060","[""read(\""user:6a545a214f3d59065030\"")""]","2026-08-27T05:10:02.612+00:00","2026-08-27T05:10:02.612+00:00","074078","false",
"6a8fc6d7ed9cbd16d6a6","[""read(\""user:6a8fc582342103246209\"")""]","2026-08-27T05:10:48.089+00:00","2026-08-27T05:10:48.089+00:00","126249","false",
"6a8fc6dd295f64a3e97b","[""read(\""user:6a8fc582342103246209\"")""]","2026-08-27T05:10:53.274+00:00","2026-08-27T05:10:53.274+00:00","703148","false",
"6a8fc6df767763591463","[""read(\""user:6a8fc582342103246209\"")""]","2026-08-27T05:10:55.634+00:00","2026-08-27T05:10:55.634+00:00","268422","false",
"6a8fc6eeaf1bed559fef","[""read(\""user:6a841ae500104cb924aa\"")""]","2026-08-27T05:11:10.827+00:00","2026-08-27T05:11:10.827+00:00","899153","false",
"6a8fc705e4df11f013aa","[""read(\""user:6a545a214f3d59065030\"")""]","2026-08-27T05:11:34.039+00:00","2026-08-27T05:11:34.039+00:00","668620","false",
"6a8fc720ba62fb9a710e","[""read(\""user:6a8fc582342103246209\"")""]","2026-08-27T05:12:00.940+00:00","2026-08-27T05:12:00.940+00:00","169985","false",
"6a8fc72ad2d34b41ea8e","[""read(\""user:6a8fc582342103246209\"")""]","2026-08-27T05:12:10.971+00:00","2026-08-27T05:12:10.971+00:00","596438","false",
"6a8fc732e43cd57c74bd","[""read(\""user:6a8fc582342103246209\"")""]","2026-08-27T05:12:19.051+00:00","2026-08-27T05:12:19.051+00:00","928865","false",
"6a8fc73b2a89b0c8101f","[""read(\""user:6a8fc582342103246209\"")""]","2026-08-27T05:12:27.307+00:00","2026-08-27T05:12:27.307+00:00","571692","false",
"6a8fc73b5805813c386f","[""read(\""user:69fad7e887742b999888\"")""]","2026-08-27T05:12:27.479+00:00","2026-08-27T05:12:27.479+00:00","380746","false",
"6a8fc74a8e708e567500","[""read(\""user:6a8fc582342103246209\"")""]","2026-08-27T05:12:42.696+00:00","2026-08-27T05:12:42.696+00:00","667610","false",
"6a8fc78fb3f25cdc9df5","[""read(\""user:6a8fc582342103246209\"")""]","2026-08-27T05:13:51.841+00:00","2026-08-27T05:13:51.841+00:00","264527","false",
"6a8fc8885bb4789ade9d","[""read(\""user:6a8fc8085446c2c9bdaa\"")""]","2026-08-27T05:18:00.484+00:00","2026-08-27T05:18:00.484+00:00","299866","false",
"6a8fc89e82f4d8eb8919","[""read(\""user:69f9c35e586444a0c81b\"")""]","2026-08-27T05:18:22.648+00:00","2026-08-27T05:18:22.648+00:00","907366","false",
"6a8fc8b92d7547ef81a7","[""read(\""user:6a3607cba99913b21319\"")""]","2026-08-27T05:18:49.295+00:00","2026-08-27T05:18:49.295+00:00","805592","false",
"6a8fc8f0219be53d4e7e","[""read(\""user:6a5726295de5f2f26228\"")""]","2026-08-27T05:19:44.244+00:00","2026-08-27T05:19:44.244+00:00","065898","false",
"6a8fc8f1407b9487b5de","[""read(\""user:69f9c35e586444a0c81b\"")""]","2026-08-27T05:19:45.376+00:00","2026-08-27T05:19:45.376+00:00","960830","false",
"6a8fc9b327f0b9580dd8","[""read(\""user:6a8fc8fa841a804b6955\"")""]","2026-08-27T05:22:59.280+00:00","2026-08-27T05:22:59.280+00:00","743227","false",
"6a8fc9be6083c936d975","[""read(\""user:69f9c35e586444a0c81b\"")""]","2026-08-27T05:23:10.497+00:00","2026-08-27T05:23:10.497+00:00","640625","false",
"6a8fc9eb5f77e0cc8f7d","[""read(\""user:6a8fc904bd5ac60dda0d\"")""]","2026-08-27T05:23:55.510+00:00","2026-08-27T05:23:55.510+00:00","129164","false",
"6a8fca3eaaa948e8e86a","[""read(\""user:6a0c184e000a1a8678e3\"")""]","2026-08-27T05:25:18.825+00:00","2026-08-27T05:25:18.825+00:00","829372","false",
"6a8fcade0994df0931e4","[""read(\""user:69fc52174e16ca057271\"")""]","2026-08-27T05:27:58.149+00:00","2026-08-27T05:27:58.149+00:00","163977","false",
"6a8fcb0bd91228a99d3d","[""read(\""user:6a8fc96db912edaecefd\"")""]","2026-08-27T05:28:44.000+00:00","2026-08-27T05:28:44.000+00:00","006057","false",
"6a8fcbb8bf2087b4840c","[""read(\""user:6a8fcb64f13a5ac3d6d2\"")""]","2026-08-27T05:31:36.893+00:00","2026-08-27T05:31:36.893+00:00","723616","false",
"6a8fcc1e3f57d2dc3f5d","[""read(\""user:69fc52174e16ca057271\"")""]","2026-08-27T05:33:18.378+00:00","2026-08-27T05:33:18.378+00:00","918446","false",
"6a8fcc2ecee2c0f8dd59","[""read(\""user:6a83074feb87f31f3ad8\"")""]","2026-08-27T05:33:34.968+00:00","2026-08-27T05:33:34.968+00:00","639033","false",
"6a8fcce8d02cc72e8be7","[""read(\""user:69fc52174e16ca057271\"")""]","2026-08-27T05:36:40.961+00:00","2026-08-27T05:36:40.961+00:00","285401","false",
"6a8fccea2a076fab7a44","[""read(\""user:6a8fc904bd5ac60dda0d\"")""]","2026-08-27T05:36:42.294+00:00","2026-08-27T05:36:42.294+00:00","878608","false",
"6a8fccf9e45caea35d9b","[""read(\""user:6a8fc904bd5ac60dda0d\"")""]","2026-08-27T05:36:58.075+00:00","2026-08-27T05:36:58.075+00:00","637776","false",
"6a8fcd67421bb14d148a","[""read(\""user:6a850a587b4dafa9c882\"")""]","2026-08-27T05:38:47.386+00:00","2026-08-27T05:38:47.386+00:00","221872","false",
"6a8fcd7c118a4a0724d6","[""read(\""user:6a8fcc0f8225c48566b9\"")""]","2026-08-27T05:39:08.190+00:00","2026-08-27T05:39:08.190+00:00","435746","false",
"6a8fcda41b570d9ae2ae","[""read(\""user:69fc52174e16ca057271\"")""]","2026-08-27T05:39:48.232+00:00","2026-08-27T05:39:48.232+00:00","974219","false",
"6a8fcda82b33d30b6920","[""read(\""user:69fc52174e16ca057271\"")""]","2026-08-27T05:39:52.292+00:00","2026-08-27T05:39:52.292+00:00","860194","false",
"6a8fcdd3898df0f3ca47","[""read(\""user:6a82a0300028dc216bb9\"")""]","2026-08-27T05:40:35.677+00:00","2026-08-27T05:40:35.677+00:00","425280","false",
"6a8fce12c0dfe69aef9a","[""read(\""user:6a8fcd4cf2b241cb5d38\"")""]","2026-08-27T05:41:38.897+00:00","2026-08-27T05:41:38.897+00:00","189572","false",
"6a8fcf020eac46ba2c19","[""read(\""user:69fc52174e16ca057271\"")""]","2026-08-27T05:45:38.170+00:00","2026-08-27T05:45:38.170+00:00","351138","false",
"6a8fcf04f0df794c976e","[""read(\""user:6a8fce9ec7ca33cae41b\"")""]","2026-08-27T05:45:41.103+00:00","2026-08-27T05:45:41.103+00:00","406394","false",
"6a8fcf1c0cfc4414ff84","[""read(\""user:69fc52174e16ca057271\"")""]","2026-08-27T05:46:04.185+00:00","2026-08-27T05:46:04.185+00:00","682994","false",
"6a8fcf5532a8ae861036","[""read(\""user:6a8fce9ec7ca33cae41b\"")""]","2026-08-27T05:47:01.328+00:00","2026-08-27T05:47:01.328+00:00","449258","false",
"6a8fcf88a56c3d6f37c9","[""read(\""user:6a8fce9ec7ca33cae41b\"")""]","2026-08-27T05:47:52.805+00:00","2026-08-27T05:47:52.805+00:00","599630","false",
"6a8fcf8f7dbb0e26e23f","[""read(\""user:6a83d943002b4956a64c\"")""]","2026-08-27T05:47:59.644+00:00","2026-08-27T05:47:59.644+00:00","893838","false",
"6a8fd0b17e477bacf83d","[""read(\""user:6a5d9b228330333b49da\"")""]","2026-08-27T05:52:49.632+00:00","2026-08-27T05:52:49.632+00:00","485871","false",
"6a8fd1a9e6aca8de59fa","[""read(\""user:6a5d9b228330333b49da\"")""]","2026-08-27T05:56:58.063+00:00","2026-08-27T05:56:58.063+00:00","656128","false",
"6a8fd1e4e2137a2eb736","[""read(\""user:6a5d9b228330333b49da\"")""]","2026-08-27T05:57:57.032+00:00","2026-08-27T05:57:57.032+00:00","202727","false",
"6a8fd26ee7f373c5d765","[""read(\""user:6a8fd1d90004bd9da21a\"")""]","2026-08-27T06:00:15.071+00:00","2026-08-27T06:00:15.071+00:00","478373","false",
"6a8fd31f19f73e716a75","[""read(\""user:6a472a5bc794e9cfdbc6\"")""]","2026-08-27T06:03:11.317+00:00","2026-08-27T06:03:11.317+00:00","447615","false",
"6a8fd33426300d469550","[""read(\""user:6a5d9b228330333b49da\"")""]","2026-08-27T06:03:32.280+00:00","2026-08-27T06:03:32.280+00:00","867289","false",
"6a8fd3c75330a39b0170","[""read(\""user:6a5d9b228330333b49da\"")""]","2026-08-27T06:05:59.475+00:00","2026-08-27T06:05:59.475+00:00","197315","false",
"6a8fd3e8c49008313fc1","[""read(\""user:6a07f05ac0010967775d\"")""]","2026-08-27T06:06:33.080+00:00","2026-08-27T06:06:33.080+00:00","180396","false",
"6a8fd4068a5c4e2d11f6","[""read(\""user:6a8fd371daa771c403b0\"")""]","2026-08-27T06:07:02.679+00:00","2026-08-27T06:07:02.679+00:00","926746","false",
"6a8fd4d6cfb9933799c9","[""read(\""user:69ef3daf88159a5fa2ea\"")""]","2026-08-27T06:10:31.019+00:00","2026-08-27T06:10:31.019+00:00","384100","false",
"6a8fd53b95f0c09bdf86","[""read(\""user:6a06b6f800035577409b\"")""]","2026-08-27T06:12:11.732+00:00","2026-08-27T06:12:11.732+00:00","443965","false",
"6a8fd5549aa36aebde3a","[""read(\""user:6a74395c0011cc1e259a\"")""]","2026-08-27T06:12:36.759+00:00","2026-08-27T06:12:36.759+00:00","698998","false",
"6a8fd57eaf981295172c","[""read(\""user:6a06b6f800035577409b\"")""]","2026-08-27T06:13:18.840+00:00","2026-08-27T06:13:18.840+00:00","411782","false",
"6a8fd600221ddabaea4a","[""read(\""user:6a8fd467000a669499f6\"")""]","2026-08-27T06:15:28.264+00:00","2026-08-27T06:15:28.264+00:00","071178","false",
"6a8fd670661459f6c859","[""read(\""user:6a5d9b228330333b49da\"")""]","2026-08-27T06:17:20.544+00:00","2026-08-27T06:17:20.544+00:00","873729","false",
"6a8fd7595313e2bee525","[""read(\""user:6a8fd6fdae837c0179c1\"")""]","2026-08-27T06:21:13.459+00:00","2026-08-27T06:21:13.459+00:00","489380","false",
"6a8fd7bed0295c0409d7","[""read(\""user:6a8fd6eb0037174949ad\"")""]","2026-08-27T06:22:54.968+00:00","2026-08-27T06:22:54.968+00:00","918025","false",
"6a8fd975aed023e567f0","[""read(\""user:6a8d449e0023b024a717\"")""]","2026-08-27T06:30:13.856+00:00","2026-08-27T06:30:13.856+00:00","437338","false",
"6a8fd9b59f74a5bae02d","[""read(\""user:6a8d449e0023b024a717\"")""]","2026-08-27T06:31:17.854+00:00","2026-08-27T06:31:17.854+00:00","898210","false",
"6a8fd9c82c91ee89fc1e","[""read(\""user:6a8d449e0023b024a717\"")""]","2026-08-27T06:31:36.483+00:00","2026-08-27T06:31:36.483+00:00","425895","false",
"6a8fdb356a7d6fdea1aa","[""read(\""user:6a8fd371daa771c403b0\"")""]","2026-08-27T06:37:41.555+00:00","2026-08-27T06:37:41.555+00:00","100305","false",
"6a8fdd5feb72d2227cc6","[""read(\""user:6a8fd9f1003d6a1a4974\"")""]","2026-08-27T06:46:56.097+00:00","2026-08-27T06:46:56.097+00:00","824416","false",
"6a8fdea2099976e2c70e","[""read(\""user:6a8fdd37ac9d38d22636\"")""]","2026-08-27T06:52:18.161+00:00","2026-08-27T06:52:18.161+00:00","846666","false",
"6a8fdfc4df2bcb6bcb69","[""read(\""user:69ef3daf88159a5fa2ea\"")""]","2026-08-27T06:57:09.050+00:00","2026-08-27T06:57:09.050+00:00","927285","false",
"6a8fdfccf418d7a8b1c7","[""read(\""user:6a8fdf29db8c91357e2d\"")""]","2026-08-27T06:57:17.123+00:00","2026-08-27T06:57:17.123+00:00","599917","false",
"6a8fe031a3b14e3e533f","[""read(\""user:6a841ae500104cb924aa\"")""]","2026-08-27T06:58:57.860+00:00","2026-08-27T06:58:57.860+00:00","571611","false",
"6a8fe167c603cd0067f0","[""read(\""user:6a84745b0022b65fd0cd\"")""]","2026-08-27T07:04:07.928+00:00","2026-08-27T07:04:07.928+00:00","174815","false",
"6a8fe1a56c74a086ece7","[""read(\""user:6a042cd5aef7297b5d2d\"")""]","2026-08-27T07:05:09.555+00:00","2026-08-27T07:05:09.555+00:00","771443","false",
"6a8fe1ac148c79013a90","[""read(\""user:6a8fe16fe22320e7facd\"")""]","2026-08-27T07:05:16.201+00:00","2026-08-27T07:05:16.201+00:00","002813","false",
"6a8fe258ebfb18a287f7","[""read(\""user:6a8fe1e769cc3d217822\"")""]","2026-08-27T07:08:09.103+00:00","2026-08-27T07:08:09.103+00:00","530067","false",
"6a8fe3ae05bdf7f23e0e","[""read(\""user:6a841ae500104cb924aa\"")""]","2026-08-27T07:13:50.166+00:00","2026-08-27T07:13:50.166+00:00","817919","false",
"6a8fe40b66b51e114cea","[""read(\""user:6a841ae500104cb924aa\"")""]","2026-08-27T07:15:23.538+00:00","2026-08-27T07:15:23.538+00:00","174645","false",
"6a8fe4a8773e98823da5","[""read(\""user:6a841ae500104cb924aa\"")""]","2026-08-27T07:18:00.605+00:00","2026-08-27T07:18:00.605+00:00","745186","false",
"6a8fe4efc3f111541fdf","[""read(\""user:6a8fe40a0c17749c8f54\"")""]","2026-08-27T07:19:11.932+00:00","2026-08-27T07:19:11.932+00:00","453116","false",
"6a8fe5bfe21d02bf9c95","[""read(\""user:69f1b13c9da01ee624d7\"")""]","2026-08-27T07:22:40.038+00:00","2026-08-27T07:22:40.038+00:00","713774","false",
"6a8fe5fcdf12b72a9ae9","[""read(\""user:69f1b13c9da01ee624d7\"")""]","2026-08-27T07:23:41.020+00:00","2026-08-27T07:23:41.020+00:00","375712","false",
"6a8fe61f3096ef2cfff4","[""read(\""user:6a8fe5a1000426b3ea13\"")""]","2026-08-27T07:24:15.311+00:00","2026-08-27T07:24:15.311+00:00","724595","false",
"6a8fe62fd3392b37061a","[""read(\""user:6a8d4de10017d89c001a\"")""]","2026-08-27T07:24:31.994+00:00","2026-08-27T07:24:31.994+00:00","899324","false",
"6a8fe708a8963e0d26fa","[""read(\""user:6a5c64fa0027cb2f0f8d\"")""]","2026-08-27T07:28:08.801+00:00","2026-08-27T07:28:08.801+00:00","709417","false",
"6a8fe788a07bd5220759","[""read(\""user:6a8c074bab9deb07429c\"")""]","2026-08-27T07:30:16.853+00:00","2026-08-27T07:30:16.853+00:00","612751","false",
"6a8fe7cd412d9a340e0e","[""read(\""user:6a8fe454003915281aec\"")""]","2026-08-27T07:31:25.388+00:00","2026-08-27T07:31:25.388+00:00","361912","false",
"6a8fe81e05dca871b96e","[""read(\""user:6a8fe72e141aca84b209\"")""]","2026-08-27T07:32:46.169+00:00","2026-08-27T07:32:46.169+00:00","074023","false",
"6a8fe83f20937796295c","[""read(\""user:6a8c074bab9deb07429c\"")""]","2026-08-27T07:33:19.240+00:00","2026-08-27T07:33:19.240+00:00","202454","false",
"6a8fe8a1353062f004d6","[""read(\""user:6a5c6c9f1746a2394b79\"")""]","2026-08-27T07:34:57.401+00:00","2026-08-27T07:34:57.401+00:00","667658","false",
"6a8fe96458c15f0e59f1","[""read(\""user:6a841ae500104cb924aa\"")""]","2026-08-27T07:38:12.480+00:00","2026-08-27T07:38:12.480+00:00","826166","false",
"6a8fe99270056925245e","[""read(\""user:69eb2bcf3f9179d88621\"")""]","2026-08-27T07:38:58.609+00:00","2026-08-27T07:38:58.609+00:00","077426","false",
"6a8fe9cc45ba484fa43e","[""read(\""user:6a8fe85a001caaf43eef\"")""]","2026-08-27T07:39:56.418+00:00","2026-08-27T07:39:56.418+00:00","510413","false",
"6a8fea16ee60029d9f37","[""read(\""user:6a8fe98a9acf3ecf69b9\"")""]","2026-08-27T07:41:11.095+00:00","2026-08-27T07:41:11.095+00:00","501289","false",
"6a8feab9ea30f8ec9c4d","[""read(\""user:69eb2bcf3f9179d88621\"")""]","2026-08-27T07:43:54.093+00:00","2026-08-27T07:43:54.093+00:00","077810","false",
"6a8feb190ea1a7bb402c","[""read(\""user:69f2f0de272a2f889ff1\"")""]","2026-08-27T07:45:29.167+00:00","2026-08-27T07:45:29.167+00:00","220502","false",
"6a8feb2f872b2a1139df","[""read(\""user:6a841c53cbc5d88ac0c0\"")""]","2026-08-27T07:45:51.693+00:00","2026-08-27T07:45:51.693+00:00","994636","false",
"6a8feb4fd7fb214575b2","[""read(\""user:6a841c53cbc5d88ac0c0\"")""]","2026-08-27T07:46:24.002+00:00","2026-08-27T07:46:24.002+00:00","307094","false",
"6a8fec1dd73669aad0b4","[""read(\""user:6a05a55b0e814939d335\"")""]","2026-08-27T07:49:50.035+00:00","2026-08-27T07:49:50.035+00:00","473817","false",
"6a8fec2e3c11678f03bc","[""read(\""user:6a05a55b0e814939d335\"")""]","2026-08-27T07:50:06.534+00:00","2026-08-27T07:50:06.534+00:00","020387","false",
"6a8fec460a6ef46391ff","[""read(\""user:6a5c61a7b7f20fe53d64\"")""]","2026-08-27T07:50:30.166+00:00","2026-08-27T07:50:30.166+00:00","998680","false",
"6a8fec48eca66861714b","[""read(\""user:6a05a55b0e814939d335\"")""]","2026-08-27T07:50:33.081+00:00","2026-08-27T07:50:33.081+00:00","739790","false",
"6a8fec61eb5998f8a3cc","[""read(\""user:6a05a55b0e814939d335\"")""]","2026-08-27T07:50:58.075+00:00","2026-08-27T07:50:58.075+00:00","756849","false",
"6a8fec9d603959ca3fad","[""read(\""user:6a608f2614924a95bfec\"")""]","2026-08-27T07:51:57.507+00:00","2026-08-27T07:51:57.507+00:00","616668","false",
"6a8fecebba09ac46b832","[""read(\""user:6a5c61a7b7f20fe53d64\"")""]","2026-08-27T07:53:15.874+00:00","2026-08-27T07:53:15.874+00:00","383494","false",
"6a8fecf201792a17d379","[""read(\""user:6a8febbb0019871f1cae\"")""]","2026-08-27T07:53:22.133+00:00","2026-08-27T07:53:22.133+00:00","737451","false",
"6a8fede52fb3daa0557c","[""read(\""user:6a58a6eb8ecc07584077\"")""]","2026-08-27T07:57:25.303+00:00","2026-08-27T07:57:25.303+00:00","319507","false",
"6a8fee757ba999f35b2e","[""read(\""user:6a608f2614924a95bfec\"")""]","2026-08-27T07:59:49.612+00:00","2026-08-27T07:59:49.612+00:00","537326","false",
"6a8feece235b1cc282fc","[""read(\""user:6a58a6eb8ecc07584077\"")""]","2026-08-27T08:01:18.271+00:00","2026-08-27T08:01:18.271+00:00","470950","false",
"6a8feee309daac2cb1e1","[""read(\""user:6a8d61830026533c58d5\"")""]","2026-08-27T08:01:39.189+00:00","2026-08-27T08:01:39.189+00:00","794459","false",
"6a8feee54e3096d6be55","[""read(\""user:6a8fee7497992f57a7c4\"")""]","2026-08-27T08:01:41.448+00:00","2026-08-27T08:01:41.448+00:00","950460","false",
"6a8fef6fd8adcebfbdbe","[""read(\""user:6a858c374d3fef5b638c\"")""]","2026-08-27T08:03:59.994+00:00","2026-08-27T08:03:59.994+00:00","142745","false",
"6a8fefb5a85313eb7833","[""read(\""user:6a8fef1e001ef2c23580\"")""]","2026-08-27T08:05:09.803+00:00","2026-08-27T08:05:09.803+00:00","871828","false",
"6a8ff0201bd0d74d778a","[""read(\""user:6a8fef4a4fec4fe250b4\"")""]","2026-08-27T08:06:56.225+00:00","2026-08-27T08:06:56.225+00:00","959013","false",
"6a8ff04b5512cd7309f2","[""read(\""user:6a83074feb87f31f3ad8\"")""]","2026-08-27T08:07:39.469+00:00","2026-08-27T08:07:39.469+00:00","063667","false",
"6a8ff050da01329dabc0","[""read(\""user:6a89593c003d046a2f99\"")""]","2026-08-27T08:07:45.021+00:00","2026-08-27T08:07:45.021+00:00","756116","false",
"6a8ff08301bdd7c2e4aa","[""read(\""user:6a8fd371daa771c403b0\"")""]","2026-08-27T08:08:35.241+00:00","2026-08-27T08:08:35.241+00:00","674987","false",
"6a8ff086d38b29c35817","[""read(\""user:6a5dc0cc688069eb7834\"")""]","2026-08-27T08:08:38.979+00:00","2026-08-27T08:08:38.979+00:00","649565","false",
"6a8ff0b11f2a3fe97c19","[""read(\""user:6a8fcc0f8225c48566b9\"")""]","2026-08-27T08:09:21.245+00:00","2026-08-27T08:09:21.245+00:00","154887","false",
"6a8ff0d4c39ce3632f26","[""read(\""user:6a5f15d5ed0801344018\"")""]","2026-08-27T08:09:56.924+00:00","2026-08-27T08:09:56.924+00:00","311868","false",
"6a8ff13732661106933d","[""read(\""user:6a89593c003d046a2f99\"")""]","2026-08-27T08:11:35.320+00:00","2026-08-27T08:11:35.320+00:00","301910","false",
"6a8ff13ae1043e9ed109","[""read(\""user:6a89571e0029199a2fe8\"")""]","2026-08-27T08:11:39.124+00:00","2026-08-27T08:11:39.124+00:00","182155","false",
"6a8ff18a0081ba1bd429","[""read(\""user:6a574a737682cda8928b\"")""]","2026-08-27T08:12:58.132+00:00","2026-08-27T08:12:58.132+00:00","478771","false",
"6a8ff18f1da2ee996357","[""read(\""user:6a8fedad78a5e14ed0f1\"")""]","2026-08-27T08:13:03.234+00:00","2026-08-27T08:13:03.234+00:00","379829","false",
"6a8ff1ae03b4933a7132","[""read(\""user:6a8ff01f3fffb456256c\"")""]","2026-08-27T08:13:34.140+00:00","2026-08-27T08:13:34.140+00:00","175685","false",
"6a8ff2489f6e697cebc7","[""read(\""user:6a8ff01f3fffb456256c\"")""]","2026-08-27T08:16:08.762+00:00","2026-08-27T08:16:08.762+00:00","506839","false",
"6a8ff2537f8d9a3a6b63","[""read(\""user:6a8d2b8100298ae7c277\"")""]","2026-08-27T08:16:19.649+00:00","2026-08-27T08:16:19.649+00:00","971058","false",
"6a8ff2a5ea3fb7356d47","[""read(\""user:6a8fd371daa771c403b0\"")""]","2026-08-27T08:17:42.077+00:00","2026-08-27T08:17:42.077+00:00","325459","false",
"6a8ff3cf9b96277c1702","[""read(\""user:6a8ff2246c773cb45f35\"")""]","2026-08-27T08:22:39.777+00:00","2026-08-27T08:22:39.777+00:00","627181","false",
"6a8ff3dde9fbe32b0f0e","[""read(\""user:6a8ff2246c773cb45f35\"")""]","2026-08-27T08:22:54.078+00:00","2026-08-27T08:22:54.078+00:00","838665","false",
"6a8ff3e78020ee0beee8","[""read(\""user:6a8ff2f163ab187c88e2\"")""]","2026-08-27T08:23:03.643+00:00","2026-08-27T08:23:03.643+00:00","478861","false",
"6a8ff4cccdbf7b5ffab7","[""read(\""user:6a842f67002e44792d98\"")""]","2026-08-27T08:26:52.963+00:00","2026-08-27T08:26:52.963+00:00","474248","false",
"6a8ff5c057cfed37cf66","[""read(\""user:6a54a9f60004735f26d9\"")""]","2026-08-27T08:30:56.476+00:00","2026-08-27T08:30:56.476+00:00","882485","false",
"6a8ff77be7f50d839a33","[""read(\""user:6a8ff7170007cd669071\"")""]","2026-08-27T08:38:20.056+00:00","2026-08-27T08:38:20.056+00:00","935312","false",
"6a8ff85e01d5b415fe62","[""read(\""user:6a8ff75d0005f1187858\"")""]","2026-08-27T08:42:06.139+00:00","2026-08-27T08:42:06.139+00:00","189476","false",
"6a8ff95d6ef58a58116f","[""read(\""user:6a8fe52be5bdeb1fe745\"")""]","2026-08-27T08:46:21.573+00:00","2026-08-27T08:46:21.573+00:00","809649","false",
"6a8ffa6aba8cde89e7e4","[""read(\""user:6a741e7f0021ab991584\"")""]","2026-08-27T08:50:50.901+00:00","2026-08-27T08:50:50.901+00:00","432745","false",
"6a8ffa7639f5a138730b","[""read(\""user:6a741e7f0021ab991584\"")""]","2026-08-27T08:51:02.376+00:00","2026-08-27T08:51:02.376+00:00","014708","false",
"6a8ffb043fa59faad95a","[""read(\""user:6a8d2b8100298ae7c277\"")""]","2026-08-27T08:53:24.392+00:00","2026-08-27T08:53:24.392+00:00","576870","false",
"6a8ffd67bf7afeedfeca","[""read(\""user:69eaec4459f4d234f86a\"")""]","2026-08-27T09:03:35.963+00:00","2026-08-27T09:03:35.963+00:00","999696","false",
"6a8fff8616f1243bf989","[""read(\""user:6a8ffd670f761e134a99\"")""]","2026-08-27T09:12:38.219+00:00","2026-08-27T09:12:38.219+00:00","551116","false",
"6a9001fd62218e2b1b16","[""read(\""user:6a9000dc001531b5e51a\"")""]","2026-08-27T09:23:09.516+00:00","2026-08-27T09:23:09.516+00:00","792505","false",
"6a90025b54dc24c50aba","[""read(\""user:6a8fc582342103246209\"")""]","2026-08-27T09:24:43.478+00:00","2026-08-27T09:24:43.478+00:00","386881","false",
"6a900284992613d19318","[""read(\""user:6a8fc582342103246209\"")""]","2026-08-27T09:25:24.733+00:00","2026-08-27T09:25:24.733+00:00","272640","false",
"6a9002b2094e35696457","[""read(\""user:6a8d2b991577a9203e49\"")""]","2026-08-27T09:26:10.175+00:00","2026-08-27T09:26:10.175+00:00","087857","false",
"6a9002c06e7f71d6b1b0","[""read(\""user:6a8fc582342103246209\"")""]","2026-08-27T09:26:24.633+00:00","2026-08-27T09:26:24.633+00:00","566227","false",
"6a90036d696932f105a0","[""read(\""user:6a8d2b991577a9203e49\"")""]","2026-08-27T09:29:17.554+00:00","2026-08-27T09:29:17.554+00:00","641545","false",
"6a9003c2e6155eadc10a","[""read(\""user:6a1eb069002668d9d334\"")""]","2026-08-27T09:30:43.056+00:00","2026-08-27T09:30:43.056+00:00","523791","false",
"6a9003e437cd61462ce9","[""read(\""user:6a1d4692863a59dc9113\"")""]","2026-08-27T09:31:16.370+00:00","2026-08-27T09:31:16.370+00:00","878488","false",
"6a90045e9f55519df463","[""read(\""user:6a7052e56b3cd9937dc7\"")""]","2026-08-27T09:33:18.766+00:00","2026-08-27T09:33:18.766+00:00","375722","false",
"6a9004f67d6c4fdb33ec","[""read(\""user:6a0c15714a8d55231103\"")""]","2026-08-27T09:35:50.654+00:00","2026-08-27T09:35:50.654+00:00","277498","false",
"6a90060284249694a70d","[""read(\""user:6a70452920b89d670a8a\"")""]","2026-08-27T09:40:18.670+00:00","2026-08-27T09:40:18.670+00:00","214948","false",
"6a9006810a3794530a93","[""read(\""user:6a90062acace30167482\"")""]","2026-08-27T09:42:25.167+00:00","2026-08-27T09:42:25.167+00:00","165536","false",
"6a9007c8cb21d75c0934","[""read(\""user:6a5867ff4633522c3830\"")""]","2026-08-27T09:47:52.948+00:00","2026-08-27T09:47:52.948+00:00","662463","false",
"6a9007ff43cfe0ac432c","[""read(\""user:6a9007432c65512e6b2a\"")""]","2026-08-27T09:48:47.442+00:00","2026-08-27T09:48:47.442+00:00","134011","false",
"6a9009a7e0d10d0fab79","[""read(\""user:6a9008d6e0ec5208f149\"")""]","2026-08-27T09:55:52.063+00:00","2026-08-27T09:55:52.063+00:00","213891","false",
"6a900a82e047a653a123","[""read(\""user:69f2cffc29d64240f963\"")""]","2026-08-27T09:59:31.062+00:00","2026-08-27T09:59:31.062+00:00","471142","false",
"6a900c44c05e10246fa3","[""read(\""user:6a900b4e65715448ade1\"")""]","2026-08-27T10:07:00.912+00:00","2026-08-27T10:07:00.912+00:00","982176","false",
"6a900dea4ba39fa62c7f","[""read(\""user:6a900d62da8dd30cd139\"")""]","2026-08-27T10:14:02.423+00:00","2026-08-27T10:14:02.423+00:00","950188","false",
"6a900e3d3e59eb4a7d4a","[""read(\""user:6a900d62da8dd30cd139\"")""]","2026-08-27T10:15:25.372+00:00","2026-08-27T10:15:25.372+00:00","427953","false",
"6a900f2d52c276704319","[""read(\""user:6a900e7d6e4001b20bb9\"")""]","2026-08-27T10:19:25.447+00:00","2026-08-27T10:19:25.447+00:00","360231","false",
"6a901122e1d480a78fee","[""read(\""user:6a9010b4003063bc3462\"")""]","2026-08-27T10:27:47.034+00:00","2026-08-27T10:27:47.034+00:00","119969","false",
"6a90129e0df7606f3e83","[""read(\""user:6a858946c87563edeb8e\"")""]","2026-08-27T10:34:06.167+00:00","2026-08-27T10:34:06.167+00:00","583984","false",
"6a9016546a464b3e015f","[""read(\""user:6a51bf13e9d7d4fc657d\"")""]","2026-08-27T10:49:56.548+00:00","2026-08-27T10:49:56.548+00:00","350192","false",
"6a9017673b35e821e413","[""read(\""user:6a86b8d8bd0ad91868ce\"")""]","2026-08-27T10:54:31.381+00:00","2026-08-27T10:54:31.381+00:00","681280","false",
"6a9018fb8701ce273eda","[""read(\""user:6a90175e414f6185a2a7\"")""]","2026-08-27T11:01:15.659+00:00","2026-08-27T11:01:15.659+00:00","219869","false",
"6a901988d93668813077","[""read(\""user:6a901882001e4a4807e8\"")""]","2026-08-27T11:03:36.993+00:00","2026-08-27T11:03:36.993+00:00","798631","false",
"6a901a113f536e3f9511","[""read(\""user:6a901882001e4a4807e8\"")""]","2026-08-27T11:05:53.431+00:00","2026-08-27T11:05:53.431+00:00","936973","false",
"6a901af997523fa6aa48","[""read(\""user:6a5517cea05fa971c876\"")""]","2026-08-27T11:09:45.743+00:00","2026-08-27T11:09:45.743+00:00","394792","false",
"6a901c28d1294824f4b8","[""read(\""user:6a5c682a00011a7d6baf\"")""]","2026-08-27T11:14:48.962+00:00","2026-08-27T11:14:48.962+00:00","227974","false",
"6a901c5d5c71e16b2e5b","[""read(\""user:6a05a55b0e814939d335\"")""]","2026-08-27T11:15:41.490+00:00","2026-08-27T11:15:41.490+00:00","781188","false",
"6a901cc80e0e743b1bf7","[""read(\""user:6a5c6918003b551a7e98\"")""]","2026-08-27T11:17:28.182+00:00","2026-08-27T11:17:28.182+00:00","789141","false",
"6a901ccb6f9973d68e80","[""read(\""user:6a901c305dca76b971e3\"")""]","2026-08-27T11:17:31.563+00:00","2026-08-27T11:17:31.563+00:00","046657","false",
"6a901cd2d0180e9146dc","[""read(\""user:6a901c305dca76b971e3\"")""]","2026-08-27T11:17:38.966+00:00","2026-08-27T11:17:38.966+00:00","139686","false",
"6a901cddb00b61f7d747","[""read(\""user:6a5c6918003b551a7e98\"")""]","2026-08-27T11:17:49.835+00:00","2026-08-27T11:17:49.835+00:00","040892","false",
"6a901ce6728fede0f11c","[""read(\""user:6a901c305dca76b971e3\"")""]","2026-08-27T11:17:58.576+00:00","2026-08-27T11:17:58.576+00:00","163555","false",
"6a901cf6b29a2f77ca34","[""read(\""user:6a901c305dca76b971e3\"")""]","2026-08-27T11:18:14.835+00:00","2026-08-27T11:18:14.835+00:00","001662","false",
"6a901d2a6117ce1793e6","[""read(\""user:6a5c6918003b551a7e98\"")""]","2026-08-27T11:19:06.539+00:00","2026-08-27T11:19:06.539+00:00","080748","false",
"6a901d41257b48c91dd1","[""read(\""user:6a5c5f05ad016d61fbe4\"")""]","2026-08-27T11:19:29.264+00:00","2026-08-27T11:19:29.264+00:00","587470","false",
"6a901dfb50fcd25d3e5e","[""read(\""user:6a901c305dca76b971e3\"")""]","2026-08-27T11:22:35.439+00:00","2026-08-27T11:22:35.439+00:00","343794","false",
"6a9021c72c60eee38744","[""read(\""user:6a90214e2bab2ed2ac05\"")""]","2026-08-27T11:38:47.292+00:00","2026-08-27T11:38:47.292+00:00","071901","false",
"6a904ff80aa5a5a358b2","[""read(\""user:6a8fda8c0b83fcdeadc9\"")""]","2026-08-27T14:55:52.190+00:00","2026-08-27T14:55:52.190+00:00","930517","false",
"6a9050734f8cbd9a2a27","[""read(\""user:6a8fda8c0b83fcdeadc9\"")""]","2026-08-27T14:57:55.441+00:00","2026-08-27T14:57:55.441+00:00","680577","false",
"6a90520da57145a1dcd2","[""read(\""user:6a8473d20024755e6b6e\"")""]","2026-08-27T15:04:45.807+00:00","2026-08-27T15:04:45.807+00:00","119050","false",
"6a905242827c3f88b456","[""read(\""user:6a8fda8c0b83fcdeadc9\"")""]","2026-08-27T15:05:38.644+00:00","2026-08-27T15:05:38.644+00:00","236107","false",
"6a9054d6b4d2f83edbd6","[""read(\""user:6a8473d20024755e6b6e\"")""]","2026-08-27T15:16:38.854+00:00","2026-08-27T15:16:38.854+00:00","612015","false",
"6a90556b615e7e7cb969","[""read(\""user:6a8fda8c0b83fcdeadc9\"")""]","2026-08-27T15:19:07.503+00:00","2026-08-27T15:19:07.503+00:00","505026","false",
"6a9055e9e833b9c51f26","[""read(\""user:6a8473d20024755e6b6e\"")""]","2026-08-27T15:21:14.060+00:00","2026-08-27T15:21:14.060+00:00","333151","false",
"6a90577594b2789d94f0","[""read(\""user:6a90569c72d7083e1fae\"")""]","2026-08-27T15:27:49.723+00:00","2026-08-27T15:27:49.723+00:00","121771","false",
"6a9057979b24441d9416","[""read(\""user:6a90569c72d7083e1fae\"")""]","2026-08-27T15:28:23.763+00:00","2026-08-27T15:28:23.763+00:00","729919","false",
"6a9057fe5a19eb71f0bf","[""read(\""user:6a8473d20024755e6b6e\"")""]","2026-08-27T15:30:06.487+00:00","2026-08-27T15:30:06.487+00:00","220564","false",
"6a9058245a9b3e56c550","[""read(\""user:6a90569c72d7083e1fae\"")""]","2026-08-27T15:30:44.484+00:00","2026-08-27T15:30:44.484+00:00","269596","false",
"6a90583847be7efd8b18","[""read(\""user:6a8473d20024755e6b6e\"")""]","2026-08-27T15:31:04.401+00:00","2026-08-27T15:31:04.401+00:00","001017","false",
"6a90587eb65716038492","[""read(\""user:6a90569c72d7083e1fae\"")""]","2026-08-27T15:32:14.867+00:00","2026-08-27T15:32:14.867+00:00","979024","false",
"6a9058978f85f5a94e9f","[""read(\""user:6a8473d20024755e6b6e\"")""]","2026-08-27T15:32:39.699+00:00","2026-08-27T15:32:39.699+00:00","317438","false",
"6a90596e086f70300f73","[""read(\""user:6a90569c72d7083e1fae\"")""]","2026-08-27T15:36:14.147+00:00","2026-08-27T15:36:14.147+00:00","307473","false",
"6a90f9e2312c0e960e8f","[""read(\""user:6a850914d8ce926a268a\"")""]","2026-08-28T03:00:50.306+00:00","2026-08-28T03:00:50.306+00:00","657293","false",
"6a90fa3c224e3c167120","[""read(\""user:6a850914d8ce926a268a\"")""]","2026-08-28T03:02:20.255+00:00","2026-08-28T03:02:20.255+00:00","870715","false",
"6a90faa05fd0f52bc107","[""read(\""user:6a850914d8ce926a268a\"")""]","2026-08-28T03:04:00.496+00:00","2026-08-28T03:04:00.496+00:00","891307","false",
"6a90fb40e16161cbfc10","[""read(\""user:69eadae26e0781e47cbe\"")""]","2026-08-28T03:06:41.040+00:00","2026-08-28T03:06:41.040+00:00","888693","false",
"6a90fbb0eabe60f4a904","[""read(\""user:6a0c13a300387b31f9a4\"")""]","2026-08-28T03:08:33.073+00:00","2026-08-28T03:08:33.073+00:00","684777","false",
"6a90fbce85002a08980a","[""read(\""user:6a90fb9e061fe3fb8b79\"")""]","2026-08-28T03:09:02.655+00:00","2026-08-28T03:09:02.655+00:00","195415","false",
"6a90fbd16f0bf1d31846","[""read(\""user:69eaddd743337f6647d8\"")""]","2026-08-28T03:09:05.560+00:00","2026-08-28T03:09:05.560+00:00","015929","false",
"6a90fcde211aebd03151","[""read(\""user:6a0830fd6c259d6d54b4\"")""]","2026-08-28T03:13:34.238+00:00","2026-08-28T03:13:34.238+00:00","821938","false",
"6a90fea928abac69897a","[""read(\""user:69eadae26e0781e47cbe\"")""]","2026-08-28T03:21:13.269+00:00","2026-08-28T03:21:13.269+00:00","551973","false",
"6a90feb44ad811480389","[""read(\""user:6a7944d95c15af542f96\"")""]","2026-08-28T03:21:24.413+00:00","2026-08-28T03:21:24.413+00:00","444106","false",
"6a90ff667e3de54c33f5","[""read(\""user:69eadae26e0781e47cbe\"")""]","2026-08-28T03:24:22.620+00:00","2026-08-28T03:24:22.620+00:00","255714","false",
"6a90ff8dab9396e47371","[""read(\""user:69eadf8914d70a240f86\"")""]","2026-08-28T03:25:01.804+00:00","2026-08-28T03:25:01.804+00:00","771606","false",
"6a90ffa1d830938c5c28","[""read(\""user:69eadf8914d70a240f86\"")""]","2026-08-28T03:25:21.994+00:00","2026-08-28T03:25:21.994+00:00","392232","false",
"6a90ffb906a3468e4b4c","[""read(\""user:6a8473d20024755e6b6e\"")""]","2026-08-28T03:25:45.131+00:00","2026-08-28T03:25:45.131+00:00","403298","false",
"6a910088adf92b7e0a72","[""read(\""user:6a8bda5da71203509b3e\"")""]","2026-08-28T03:29:13.034+00:00","2026-08-28T03:29:13.034+00:00","945781","false",
"6a910141423c9be33cd4","[""read(\""user:6a8bda5da71203509b3e\"")""]","2026-08-28T03:32:17.377+00:00","2026-08-28T03:32:17.377+00:00","929939","false",
"6a9101e84039dbfbc638","[""read(\""user:6a8bda5da71203509b3e\"")""]","2026-08-28T03:35:04.366+00:00","2026-08-28T03:35:04.366+00:00","946757","false",
"6a9102656f4242f3ef19","[""read(\""user:6a1533922030846ab191\"")""]","2026-08-28T03:37:09.584+00:00","2026-08-28T03:37:09.584+00:00","955984","false",
"6a91031810268c36feaa","[""read(\""user:6a8fee7497992f57a7c4\"")""]","2026-08-28T03:40:08.170+00:00","2026-08-28T03:40:08.170+00:00","499535","false",
"6a9104b0433df618442c","[""read(\""user:6a85621f088d87bffdad\"")""]","2026-08-28T03:46:56.387+00:00","2026-08-28T03:46:56.387+00:00","995793","false",
"6a91059f2342746d326e","[""read(\""user:6a8fee7497992f57a7c4\"")""]","2026-08-28T03:50:55.254+00:00","2026-08-28T03:50:55.254+00:00","686481","false",
"6a9105c50fd5156153ca","[""read(\""user:6a85621f088d87bffdad\"")""]","2026-08-28T03:51:33.171+00:00","2026-08-28T03:51:33.171+00:00","573813","false",
"6a910609ccf1ae7a1711","[""read(\""user:6a8fee7497992f57a7c4\"")""]","2026-08-28T03:52:41.964+00:00","2026-08-28T03:52:41.964+00:00","249739","false",
"6a9106252bbdf2bdbfce","[""read(\""user:6a8fee7497992f57a7c4\"")""]","2026-08-28T03:53:09.297+00:00","2026-08-28T03:53:09.297+00:00","249150","false",
"6a91079cee8ae57389e5","[""read(\""user:6a85621f088d87bffdad\"")""]","2026-08-28T03:59:25.092+00:00","2026-08-28T03:59:25.092+00:00","385539","false",
"6a910e3e200451baf9fa","[""read(\""user:6a01a87dd8485e18c27f\"")""]","2026-08-28T04:27:42.244+00:00","2026-08-28T04:27:42.244+00:00","322509","false",
"6a910f68d92f1c285dbb","[""read(\""user:6a910e71779df36c30da\"")""]","2026-08-28T04:32:41.004+00:00","2026-08-28T04:32:41.004+00:00","779368","false",
"6a91102e496b1239a5be","[""read(\""user:6a910e71779df36c30da\"")""]","2026-08-28T04:35:58.426+00:00","2026-08-28T04:35:58.426+00:00","103151","false",
"6a911202d86905ed42ae","[""read(\""user:6a91119d78c42506c56d\"")""]","2026-08-28T04:43:47.013+00:00","2026-08-28T04:43:47.013+00:00","178136","false",
"6a911237f0113bd2547e","[""read(\""user:6a910e71779df36c30da\"")""]","2026-08-28T04:44:40.089+00:00","2026-08-28T04:44:40.089+00:00","880031","false",
"6a91144f6d88644d203b","[""read(\""user:69fc07c13226480df2e5\"")""]","2026-08-28T04:53:35.566+00:00","2026-08-28T04:53:35.566+00:00","823101","false",
"6a91145fb3b11fc59f11","[""read(\""user:69fc07c13226480df2e5\"")""]","2026-08-28T04:53:51.862+00:00","2026-08-28T04:53:51.862+00:00","911478","false",
"6a9114df0da4153d8a2e","[""read(\""user:6a9114aacf76158ba0fc\"")""]","2026-08-28T04:55:59.186+00:00","2026-08-28T04:55:59.186+00:00","207635","false",
"6a9114f5e5a8d8664213","[""read(\""user:6a910e71779df36c30da\"")""]","2026-08-28T04:56:22.060+00:00","2026-08-28T04:56:22.060+00:00","399047","false",
"6a9115e2eb79e6992800","[""read(\""user:69eee4a3d5684043a8a9\"")""]","2026-08-28T05:00:19.078+00:00","2026-08-28T05:00:19.078+00:00","283740","false",
"6a91164cdc9a090d75a8","[""read(\""user:69eaf107d8192f1c7b61\"")""]","2026-08-28T05:02:05.009+00:00","2026-08-28T05:02:05.009+00:00","460532","false",
"6a9116ebe0e7e51a99c9","[""read(\""user:69fc07c13226480df2e5\"")""]","2026-08-28T05:04:44.069+00:00","2026-08-28T05:04:44.069+00:00","129668","false",
"6a9117021ffebe78cbd6","[""read(\""user:69fc07c13226480df2e5\"")""]","2026-08-28T05:05:06.240+00:00","2026-08-28T05:05:06.240+00:00","845537","false",
"6a9117199b9b338c3680","[""read(\""user:69fc07c13226480df2e5\"")""]","2026-08-28T05:05:29.763+00:00","2026-08-28T05:05:29.763+00:00","425948","false",
"6a911728ede922afbbf2","[""read(\""user:6a72e797002ae7c5f19a\"")""]","2026-08-28T05:05:45.086+00:00","2026-08-28T05:05:45.086+00:00","273016","false",
"6a9117a93f70a2b6bb79","[""read(\""user:69fc52174e16ca057271\"")""]","2026-08-28T05:07:53.433+00:00","2026-08-28T05:07:53.433+00:00","147353","false",
"6a9117a96fbd10c4f4f1","[""read(\""user:6a911787896f19396e5d\"")""]","2026-08-28T05:07:53.628+00:00","2026-08-28T05:07:53.628+00:00","665555","false",
"6a9117bdbecebb2289cc","[""read(\""user:6a758d500031c80f2002\"")""]","2026-08-28T05:08:13.905+00:00","2026-08-28T05:08:13.905+00:00","995587","false",
"6a9117de5b88bf5aeee7","[""read(\""user:6a71985f30f64dbc12a4\"")""]","2026-08-28T05:08:46.495+00:00","2026-08-28T05:08:46.495+00:00","971820","false",
"6a91180b38b78f742141","[""read(\""user:6a75a874001d90435549\"")""]","2026-08-28T05:09:31.334+00:00","2026-08-28T05:09:31.334+00:00","214011","false",
"6a91180d2b039fef10f3","[""read(\""user:6a6979d60c637f3cb45a\"")""]","2026-08-28T05:09:33.424+00:00","2026-08-28T05:09:33.424+00:00","603763","false",
"6a9118220050b536a2bd","[""read(\""user:69fc52174e16ca057271\"")""]","2026-08-28T05:09:54.104+00:00","2026-08-28T05:09:54.104+00:00","034753","false",
"6a911854d2d487b41657","[""read(\""user:6a7ad2af8786ffa93a70\"")""]","2026-08-28T05:10:44.971+00:00","2026-08-28T05:10:44.971+00:00","079247","false",
"6a91186b95cf8c82a37b","[""read(\""user:6a6979d60c637f3cb45a\"")""]","2026-08-28T05:11:07.985+00:00","2026-08-28T05:11:07.985+00:00","534062","false",
"6a91189a472d4bd35677","[""read(\""user:69fc52174e16ca057271\"")""]","2026-08-28T05:11:54.413+00:00","2026-08-28T05:11:54.413+00:00","564546","false",
"6a9118b5c3d3c1cde60a","[""read(\""user:6a5ee56d4e17d9559711\"")""]","2026-08-28T05:12:21.917+00:00","2026-08-28T05:12:21.917+00:00","958088","false",
"6a9118e985ca35a7fba6","[""read(\""user:6a7ad2af8786ffa93a70\"")""]","2026-08-28T05:13:13.665+00:00","2026-08-28T05:13:13.665+00:00","579809","false",
"6a91197365b7553866a4","[""read(\""user:6a15558de9591f58efec\"")""]","2026-08-28T05:15:31.553+00:00","2026-08-28T05:15:31.553+00:00","414818","false",
"6a9119e6e60d82fd4ca0","[""read(\""user:6a69bc1e001df89a3ee8\"")""]","2026-08-28T05:17:27.054+00:00","2026-08-28T05:17:27.054+00:00","873154","false",
"6a911c0a96536b0e6bf7","[""read(\""user:69eaf107d8192f1c7b61\"")""]","2026-08-28T05:26:34.749+00:00","2026-08-28T05:26:34.749+00:00","695327","false",
"6a911c0fc8377dab377e","[""read(\""user:6a168e29f31856f36baf\"")""]","2026-08-28T05:26:39.959+00:00","2026-08-28T05:26:39.959+00:00","873290","false",
"6a911c329ebf6e6503c4","[""read(\""user:6a168e29f31856f36baf\"")""]","2026-08-28T05:27:14.785+00:00","2026-08-28T05:27:14.785+00:00","062131","false",
"6a911c74033509941aef","[""read(\""user:6a168e29f31856f36baf\"")""]","2026-08-28T05:28:20.122+00:00","2026-08-28T05:28:20.122+00:00","855672","false",
"6a911c86f416d0523612","[""read(\""user:6a7ec56d9e34f7659225\"")""]","2026-08-28T05:28:39.119+00:00","2026-08-28T05:28:39.119+00:00","422714","false",
"6a911ce76e32cebcded0","[""read(\""user:6a741e7f0021ab991584\"")""]","2026-08-28T05:30:15.584+00:00","2026-08-28T05:30:15.584+00:00","515120","false",
"6a911cfb4427bcaf9682","[""read(\""user:6a08205d73dabccfad33\"")""]","2026-08-28T05:30:35.479+00:00","2026-08-28T05:30:35.479+00:00","764467","false",
"6a911d3ce82ce0c3da3e","[""read(\""user:69f182eccfc5abb88ab2\"")""]","2026-08-28T05:31:41.121+00:00","2026-08-28T05:31:41.121+00:00","117734","false",
"6a911d5c9138a8964ed5","[""read(\""user:6a911cb52c98f0d6117f\"")""]","2026-08-28T05:32:12.795+00:00","2026-08-28T05:32:12.795+00:00","079405","false",
"6a911e25f092ef52e66b","[""read(\""user:6a911cb52c98f0d6117f\"")""]","2026-08-28T05:35:34.125+00:00","2026-08-28T05:35:34.125+00:00","510106","false",
"6a911e5e5ef58a4bc002","[""read(\""user:6a0eb770e48c66c1fa5b\"")""]","2026-08-28T05:36:30.512+00:00","2026-08-28T05:36:30.512+00:00","635214","false",
"6a911e9114e974b67b95","[""read(\""user:6a0eb770e48c66c1fa5b\"")""]","2026-08-28T05:37:21.237+00:00","2026-08-28T05:37:21.237+00:00","177322","false",
"6a911f80bd6a94e3b341","[""read(\""user:6a08205d73dabccfad33\"")""]","2026-08-28T05:41:20.903+00:00","2026-08-28T05:41:20.903+00:00","096252","false",
"6a911fdd1dace277a8d7","[""read(\""user:6a8d2a126ab88d584069\"")""]","2026-08-28T05:42:53.269+00:00","2026-08-28T05:42:53.269+00:00","824945","false",
"6a9121371328f81687fd","[""read(\""user:6a912064283ed51ae37b\"")""]","2026-08-28T05:48:39.194+00:00","2026-08-28T05:48:39.194+00:00","028040","false",
"6a91217956d4af3767e5","[""read(\""user:6a168e29f31856f36baf\"")""]","2026-08-28T05:49:45.476+00:00","2026-08-28T05:49:45.476+00:00","064164","false",
"6a91234ec80ac8b36925","[""read(\""user:6a8bda5da71203509b3e\"")""]","2026-08-28T05:57:34.935+00:00","2026-08-28T05:57:34.935+00:00","339509","false",
"6a91248a0a93c2e1a55e","[""read(\""user:6a8bda5da71203509b3e\"")""]","2026-08-28T06:02:50.195+00:00","2026-08-28T06:02:50.195+00:00","688884","false",
"6a9125285e97b519e2c2","[""read(\""user:6a7ad2af8786ffa93a70\"")""]","2026-08-28T06:05:28.508+00:00","2026-08-28T06:05:28.508+00:00","523997","false",
"6a9127e440ce78530133","[""read(\""user:6a70452920b89d670a8a\"")""]","2026-08-28T06:17:08.481+00:00","2026-08-28T06:17:08.481+00:00","447114","false",
"6a912aa0103f6cebf11a","[""read(\""user:6a0eb770e48c66c1fa5b\"")""]","2026-08-28T06:28:48.183+00:00","2026-08-28T06:28:48.183+00:00","795381","false",
"6a912ac4473c02714b17","[""read(\""user:6a0eb770e48c66c1fa5b\"")""]","2026-08-28T06:29:24.413+00:00","2026-08-28T06:29:24.413+00:00","780040","false",
"6a912b618b2702381e23","[""read(\""user:6a0eb770e48c66c1fa5b\"")""]","2026-08-28T06:32:01.681+00:00","2026-08-28T06:32:01.681+00:00","244975","false",
"6a912bfe184cd624edea","[""read(\""user:6a912b4a0c7b44feed49\"")""]","2026-08-28T06:34:38.228+00:00","2026-08-28T06:34:38.228+00:00","702929","false",
"6a912ffcbf2c2c96c8fb","[""read(\""user:6a4b53422d23487e1924\"")""]","2026-08-28T06:51:40.899+00:00","2026-08-28T06:51:40.899+00:00","015857","false",
"6a91300749b1fb6fe23a","[""read(\""user:6a16a4afd164a057533c\"")""]","2026-08-28T06:51:51.419+00:00","2026-08-28T06:51:51.419+00:00","334474","false",
"6a9130151aaa9f6bbb77","[""read(\""user:6a4b53422d23487e1924\"")""]","2026-08-28T06:52:05.237+00:00","2026-08-28T06:52:05.237+00:00","456471","false",
"6a91303b753c1511ad0e","[""read(\""user:69fc07c13226480df2e5\"")""]","2026-08-28T06:52:43.626+00:00","2026-08-28T06:52:43.626+00:00","778075","false",
"6a91308196f7b21466f8","[""read(\""user:69fc07c13226480df2e5\"")""]","2026-08-28T06:53:53.742+00:00","2026-08-28T06:53:53.742+00:00","989953","false",
"6a91308ea5b2c8709415","[""read(\""user:6a912ffd6faedcd07552\"")""]","2026-08-28T06:54:06.796+00:00","2026-08-28T06:54:06.796+00:00","237102","false",
"6a9130b0d21c8b31a2c6","[""read(\""user:6a912ffd6faedcd07552\"")""]","2026-08-28T06:54:41.034+00:00","2026-08-28T06:54:41.034+00:00","450210","false",
"6a9130b138bea26cb0eb","[""read(\""user:6a4b53422d23487e1924\"")""]","2026-08-28T06:54:41.355+00:00","2026-08-28T06:54:41.355+00:00","276342","false",
"6a91311c96969eb16d3f","[""read(\""user:6a4b53422d23487e1924\"")""]","2026-08-28T06:56:28.795+00:00","2026-08-28T06:56:28.795+00:00","900476","false",
"6a9131293b77ba5f1db3","[""read(\""user:6a0eb770e48c66c1fa5b\"")""]","2026-08-28T06:56:41.360+00:00","2026-08-28T06:56:41.360+00:00","321272","false",
"6a9131a8c98b136d39e0","[""read(\""user:6a1954ffcea2144611bd\"")""]","2026-08-28T06:58:48.951+00:00","2026-08-28T06:58:48.951+00:00","091985","false",
"6a9131ed181afc0297d5","[""read(\""user:6a0eb770e48c66c1fa5b\"")""]","2026-08-28T06:59:57.210+00:00","2026-08-28T06:59:57.210+00:00","036696","false",
"6a913225e553ddfd96be","[""read(\""user:6a1954ffcea2144611bd\"")""]","2026-08-28T07:00:54.049+00:00","2026-08-28T07:00:54.049+00:00","789335","false",
"6a91322eb28dda399c47","[""read(\""user:6a0eb770e48c66c1fa5b\"")""]","2026-08-28T07:01:02.856+00:00","2026-08-28T07:01:02.856+00:00","220326","false",
"6a913330e3571aa490ad","[""read(\""user:6a1954ffcea2144611bd\"")""]","2026-08-28T07:05:21.108+00:00","2026-08-28T07:05:21.108+00:00","912816","false",
"6a913333a516c6f2c6fc","[""read(\""user:6a913251e5d4ca08accd\"")""]","2026-08-28T07:05:23.790+00:00","2026-08-28T07:05:23.790+00:00","399041","false",
"6a91335473d876e11c1e","[""read(\""user:69f8494a3a8479bba01e\"")""]","2026-08-28T07:05:56.595+00:00","2026-08-28T07:05:56.595+00:00","932894","false",
"6a91337a9f96aa2c6dbf","[""read(\""user:69eb109d4ed7084cc25f\"")""]","2026-08-28T07:06:34.774+00:00","2026-08-28T07:06:34.774+00:00","364807","false",
"6a9133d1495296e4181c","[""read(\""user:6a1954ffcea2144611bd\"")""]","2026-08-28T07:08:01.418+00:00","2026-08-28T07:08:01.418+00:00","629089","false",
"6a9135dd864c3e1511d9","[""read(\""user:6a5c96bf00196cc09ebe\"")""]","2026-08-28T07:16:45.675+00:00","2026-08-28T07:16:45.675+00:00","116296","false",
"6a9139a6096698cde78a","[""read(\""user:69f9b27dc7e36aa667c7\"")""]","2026-08-28T07:32:54.333+00:00","2026-08-28T07:32:54.333+00:00","118734","false",
"6a9139d05bde49aed727","[""read(\""user:6a8fee7497992f57a7c4\"")""]","2026-08-28T07:33:36.488+00:00","2026-08-28T07:33:36.488+00:00","566747","false",
"6a913b6216a025275bc7","[""read(\""user:69eb109d4ed7084cc25f\"")""]","2026-08-28T07:40:18.210+00:00","2026-08-28T07:40:18.210+00:00","172797","false",
"6a913b859610aa8bbd04","[""read(\""user:69f97a31d67c8f11f4c4\"")""]","2026-08-28T07:40:53.822+00:00","2026-08-28T07:40:53.822+00:00","280906","false",
"6a913bbb28730c3a7319","[""read(\""user:69f97a31d67c8f11f4c4\"")""]","2026-08-28T07:41:47.334+00:00","2026-08-28T07:41:47.334+00:00","809083","false",
"6a913c3b225b8cd6d088","[""read(\""user:6a913b7603237e2d0fad\"")""]","2026-08-28T07:43:55.252+00:00","2026-08-28T07:43:55.252+00:00","087085","false",
"6a913c40cb3da5eb10a0","[""read(\""user:69f97a31d67c8f11f4c4\"")""]","2026-08-28T07:44:00.947+00:00","2026-08-28T07:44:00.947+00:00","803730","false",
"6a913c781655fe8b607e","[""read(\""user:6a0eb770e48c66c1fa5b\"")""]","2026-08-28T07:44:56.201+00:00","2026-08-28T07:44:56.201+00:00","334052","false",
"6a913e6b8a528dcc1d8e","[""read(\""user:6a0eb770e48c66c1fa5b\"")""]","2026-08-28T07:53:15.695+00:00","2026-08-28T07:53:15.695+00:00","789331","false",
"6a913e893f1e8ae4958e","[""read(\""user:6a59c364e8434aa2a26f\"")""]","2026-08-28T07:53:45.366+00:00","2026-08-28T07:53:45.366+00:00","987479","false",
"6a913fde9ed4c99798b0","[""read(\""user:6a8d7a6745bb35c082c5\"")""]","2026-08-28T07:59:26.770+00:00","2026-08-28T07:59:26.770+00:00","519858","false",
"6a913febebecda178239","[""read(\""user:6a8d7a6745bb35c082c5\"")""]","2026-08-28T07:59:40.077+00:00","2026-08-28T07:59:40.077+00:00","618294","false",
"6a91409fa2bbe170447d","[""read(\""user:6a8d7a6745bb35c082c5\"")""]","2026-08-28T08:02:39.777+00:00","2026-08-28T08:02:39.777+00:00","185026","false",
"6a9140e9dca3c9f21377","[""read(\""user:6a913eec000af6b4b9d2\"")""]","2026-08-28T08:03:54.020+00:00","2026-08-28T08:03:54.020+00:00","146364","false",
"6a914175defab94aeb7e","[""read(\""user:6a914119000b4931f206\"")""]","2026-08-28T08:06:14.049+00:00","2026-08-28T08:06:14.049+00:00","963449","false",
"6a9141a25807f4de9d81","[""read(\""user:6a9141114d985b89d6ec\"")""]","2026-08-28T08:06:58.474+00:00","2026-08-28T08:06:58.474+00:00","943015","false",
"6a91428e02d611e6c41a","[""read(\""user:6a9141114d985b89d6ec\"")""]","2026-08-28T08:10:54.134+00:00","2026-08-28T08:10:54.134+00:00","292147","false",
"6a9142b25ce98870c7a3","[""read(\""user:6a914119000b4931f206\"")""]","2026-08-28T08:11:30.503+00:00","2026-08-28T08:11:30.503+00:00","656540","false",
"6a9142ceb9ffd75c1f37","[""read(\""user:6a914269003636839e7d\"")""]","2026-08-28T08:11:58.955+00:00","2026-08-28T08:11:58.955+00:00","269753","false",
"6a9142dbc7d7d196455a","[""read(\""user:6a914119000b4931f206\"")""]","2026-08-28T08:12:11.947+00:00","2026-08-28T08:12:11.947+00:00","055413","false",
"6a9143a9d77f8a6cf446","[""read(\""user:6a914119000b4931f206\"")""]","2026-08-28T08:15:38.003+00:00","2026-08-28T08:15:38.003+00:00","166054","false",
"6a9148720e6d69dd48eb","[""read(\""user:69eaef40534c3efc76de\"")""]","2026-08-28T08:36:02.192+00:00","2026-08-28T08:36:02.192+00:00","320425","false",
"6a9149e6b57fc6d19281","[""read(\""user:6a06d174be6e4bdbf212\"")""]","2026-08-28T08:42:14.858+00:00","2026-08-28T08:42:14.858+00:00","459664","false",
"6a914a0ddc50fddc53c6","[""read(\""user:6a91479000050fa06c04\"")""]","2026-08-28T08:42:54.018+00:00","2026-08-28T08:42:54.018+00:00","928585","false",
"6a914aa9a096c660dd0a","[""read(\""user:6a5f26eab058eea931e8\"")""]","2026-08-28T08:45:29.772+00:00","2026-08-28T08:45:29.772+00:00","618191","false",
"6a914b500bdfe2cce386","[""read(\""user:6a54a9f60004735f26d9\"")""]","2026-08-28T08:48:16.174+00:00","2026-08-28T08:48:16.174+00:00","401409","false",
"6a9153afba521d9824f4","[""read(\""user:69f1791ecb9476cf514b\"")""]","2026-08-28T09:24:00.093+00:00","2026-08-28T09:24:00.093+00:00","086720","false",
"6a9154dab1745a494aa2","[""read(\""user:6a0e74ce7c99d1746586\"")""]","2026-08-28T09:28:59.034+00:00","2026-08-28T09:28:59.034+00:00","027824","false",
"6a91556eea64db1ba371","[""read(\""user:6a0e74ce7c99d1746586\"")""]","2026-08-28T09:31:27.289+00:00","2026-08-28T09:31:27.289+00:00","936751","false",
"6a91563d5010c087e1db","[""read(\""user:69eee49ac95be3f7ff70\"")""]","2026-08-28T09:34:53.821+00:00","2026-08-28T09:34:53.821+00:00","035767","false",
"6a9156b3632ba2eca63a","[""read(\""user:69eee49ac95be3f7ff70\"")""]","2026-08-28T09:36:51.748+00:00","2026-08-28T09:36:51.748+00:00","074013","false",
"6a9157e069c0101f3b3a","[""read(\""user:6a0e74ce7c99d1746586\"")""]","2026-08-28T09:41:52.735+00:00","2026-08-28T09:41:52.735+00:00","636745","false",
"6a915829879520e390bc","[""read(\""user:6a7aaa530000e9a97fb8\"")""]","2026-08-28T09:43:05.870+00:00","2026-08-28T09:43:05.870+00:00","141357","false",
"6a9158b7ab8e2ffd7f8d","[""read(\""user:6a19e6e1c0957def6126\"")""]","2026-08-28T09:45:28.022+00:00","2026-08-28T09:45:28.022+00:00","346444","false",
"6a91595bcefda51179ae","[""read(\""user:69f1790cde23eef6e43b\"")""]","2026-08-28T09:48:12.159+00:00","2026-08-28T09:48:12.159+00:00","042350","false",
"6a91607e844e65ffc952","[""read(\""user:6a7d4053cddbfcf57f70\"")""]","2026-08-28T10:18:38.659+00:00","2026-08-28T10:18:38.659+00:00","249651","false",
"6a91692b8048697b8437","[""read(\""user:6a05a55b0e814939d335\"")""]","2026-08-28T10:55:39.644+00:00","2026-08-28T10:55:39.644+00:00","821456","false",
"6a91695e5ec2a3825489","[""read(\""user:6a05a55b0e814939d335\"")""]","2026-08-28T10:56:30.508+00:00","2026-08-28T10:56:30.508+00:00","848353","false",
"6a916985f3ecad27844a","[""read(\""user:6a05a55b0e814939d335\"")""]","2026-08-28T10:57:10.122+00:00","2026-08-28T10:57:10.122+00:00","746622","false",
"6a916e241472f87db095","[""read(\""user:6a05a55b0e814939d335\"")""]","2026-08-28T11:16:52.205+00:00","2026-08-28T11:16:52.205+00:00","165687","false",
"6a91851bf41390b33a59","[""read(\""user:6a83efd4001348a84248\"")""]","2026-08-28T12:54:52.154+00:00","2026-08-28T12:54:52.154+00:00","544313","false",
"6a9185a7c66a14d5f8bd","[""read(\""user:6a83efd4001348a84248\"")""]","2026-08-28T12:57:11.964+00:00","2026-08-28T12:57:11.964+00:00","618293","false",
"6a91861ad5e08da65a8b","[""read(\""user:6a83efd4001348a84248\"")""]","2026-08-28T12:59:07.029+00:00","2026-08-28T12:59:07.029+00:00","423301","false",
"6a9188a15944e69c9c02","[""read(\""user:6a91884b0032ee0261c2\"")""]","2026-08-28T13:09:53.525+00:00","2026-08-28T13:09:53.525+00:00","703796","false",
"6a918936b45dcc5de8c1","[""read(\""user:6a91884b0032ee0261c2\"")""]","2026-08-28T13:12:22.889+00:00","2026-08-28T13:12:22.889+00:00","459072","false",
"6a918d47d2fd037b7a08","[""read(\""user:6a847dc1003281f1a7f9\"")""]","2026-08-28T13:29:44.015+00:00","2026-08-28T13:29:44.015+00:00","907335","false",
"6a918e69c5d3aa930dee","[""read(\""user:6a83efd4001348a84248\"")""]","2026-08-28T13:34:33.958+00:00","2026-08-28T13:34:33.958+00:00","360989","false",
"6a91a33599d3bc5d9ca9","[""read(\""user:6a91a29cc481c4d2d09e\"")""]","2026-08-28T15:03:17.773+00:00","2026-08-28T15:03:17.773+00:00","119760","false",
"6a91a3ea64e2d72e9c1e","[""read(\""user:6a91a29cc481c4d2d09e\"")""]","2026-08-28T15:06:18.557+00:00","2026-08-28T15:06:18.557+00:00","909921","false",
"6a91aa07b6b1554b13df","[""read(\""user:6a886946714485581f3c\"")""]","2026-08-28T15:32:23.892+00:00","2026-08-28T15:32:23.892+00:00","503901","false",
"6a91aa1728621d921a0e","[""read(\""user:6a886946714485581f3c\"")""]","2026-08-28T15:32:39.311+00:00","2026-08-28T15:32:39.311+00:00","646763","false",
"6a91b5d695bf9f77355b","[""read(\""user:6a86ee0c0021abcd33e1\"")""]","2026-08-28T16:22:46.757+00:00","2026-08-28T16:22:46.757+00:00","359639","false",
"6a924c88e8d66d13bc10","[""read(\""user:6a924be68f9f74bc591f\"")""]","2026-08-29T03:05:45.097+00:00","2026-08-29T03:05:45.097+00:00","982902","false",
"6a924d3594bddc1cc438","[""read(\""user:69fb0e4f001562014e99\"")""]","2026-08-29T03:08:37.744+00:00","2026-08-29T03:08:37.744+00:00","047807","false",
"6a924e1cf0b8a826c558","[""read(\""user:69fb0e4f001562014e99\"")""]","2026-08-29T03:12:29.137+00:00","2026-08-29T03:12:29.137+00:00","935400","false",
"6a924f78c4e88882644f","[""read(\""user:69f82a204d52759abde3\"")""]","2026-08-29T03:18:16.947+00:00","2026-08-29T03:18:16.947+00:00","551784","false",
"6a925005b0594a8c3a69","[""read(\""user:6a8d420ecfba85083b0c\"")""]","2026-08-29T03:20:37.868+00:00","2026-08-29T03:20:37.868+00:00","093257","false",
"6a925071d6bf892b9f41","[""read(\""user:6a5af135c6b7d10e8bd3\"")""]","2026-08-29T03:22:26.016+00:00","2026-08-29T03:22:26.016+00:00","221919","false",
"6a92510b5cd667cc8176","[""read(\""user:6a924e505b16aca227c2\"")""]","2026-08-29T03:24:59.541+00:00","2026-08-29T03:24:59.541+00:00","784863","false",
"6a92512d9d93e470da31","[""read(\""user:6a8bda5da71203509b3e\"")""]","2026-08-29T03:25:33.784+00:00","2026-08-29T03:25:33.784+00:00","918095","false",
"6a92513219a19be1f514","[""read(\""user:6a924e505b16aca227c2\"")""]","2026-08-29T03:25:38.241+00:00","2026-08-29T03:25:38.241+00:00","281991","false",
"6a9251413496f77f9ba3","[""read(\""user:6a06d174be6e4bdbf212\"")""]","2026-08-29T03:25:53.359+00:00","2026-08-29T03:25:53.359+00:00","834678","false",
"6a925158e6b5b1086a9c","[""read(\""user:69f82a204d52759abde3\"")""]","2026-08-29T03:26:17.083+00:00","2026-08-29T03:26:17.083+00:00","522571","false",
"6a9251f44f8ff9a2fd66","[""read(\""user:6a92513663fab2c2d5d0\"")""]","2026-08-29T03:28:52.472+00:00","2026-08-29T03:28:52.472+00:00","835728","false",
"6a92527c9447538fe05e","[""read(\""user:6a472fe80027adc2cabb\"")""]","2026-08-29T03:31:08.878+00:00","2026-08-29T03:31:08.878+00:00","826279","false",
"6a92528fbbbcf0b12258","[""read(\""user:6a472fe80027adc2cabb\"")""]","2026-08-29T03:31:27.910+00:00","2026-08-29T03:31:27.910+00:00","563692","false",
"6a9252a691a3999bf7c3","[""read(\""user:6a472fe80027adc2cabb\"")""]","2026-08-29T03:31:50.737+00:00","2026-08-29T03:31:50.737+00:00","751012","false",
"6a9252dcb7f186ef6df1","[""read(\""user:69fad7e887742b999888\"")""]","2026-08-29T03:32:44.893+00:00","2026-08-29T03:32:44.893+00:00","451799","false",
"6a925328d983c04fdef6","[""read(\""user:6a472fe80027adc2cabb\"")""]","2026-08-29T03:34:01.037+00:00","2026-08-29T03:34:01.037+00:00","264772","false",
"6a925356015e0d1aa5a4","[""read(\""user:6a925317ac8c4edfa933\"")""]","2026-08-29T03:34:46.152+00:00","2026-08-29T03:34:46.152+00:00","868203","false",
"6a9253564e31c33e7af4","[""read(\""user:6a9253236ce39512f13b\"")""]","2026-08-29T03:34:46.457+00:00","2026-08-29T03:34:46.457+00:00","100700","false",
"6a9253b3104e439000f1","[""read(\""user:6a92529e002e83a91884\"")""]","2026-08-29T03:36:19.205+00:00","2026-08-29T03:36:19.205+00:00","147350","false",
"6a9253ddb0249b5d206e","[""read(\""user:6a925374002262f05eaf\"")""]","2026-08-29T03:37:01.862+00:00","2026-08-29T03:37:01.862+00:00","907731","false",
"6a9254202a403eccf725","[""read(\""user:6a9253a8000c8176ba58\"")""]","2026-08-29T03:38:08.307+00:00","2026-08-29T03:38:08.307+00:00","874726","false",
"6a925463b3f419e17fe9","[""read(\""user:6a8bbed41126ceaff0e7\"")""]","2026-08-29T03:39:15.880+00:00","2026-08-29T03:39:15.880+00:00","177543","false",
"6a9254e56fef3fbec03b","[""read(\""user:6a8bbed41126ceaff0e7\"")""]","2026-08-29T03:41:25.601+00:00","2026-08-29T03:41:25.601+00:00","907959","false",
"6a92551d805de7cdee3f","[""read(\""user:6a9254c200215de7da4d\"")""]","2026-08-29T03:42:21.666+00:00","2026-08-29T03:42:21.666+00:00","477865","false",
"6a9255c09d36f377a99f","[""read(\""user:6a92554e0011c421d101\"")""]","2026-08-29T03:45:04.785+00:00","2026-08-29T03:45:04.785+00:00","941059","false",
"6a925683e45a477a51b4","[""read(\""user:6a9255d1ea9b2695e214\"")""]","2026-08-29T03:48:20.071+00:00","2026-08-29T03:48:20.071+00:00","515198","false",
"6a9256b6cac68a8f2465","[""read(\""user:6a9254c200215de7da4d\"")""]","2026-08-29T03:49:10.978+00:00","2026-08-29T03:49:10.978+00:00","518724","false",
"6a925727c3c9f81bae15","[""read(\""user:6a9255e5000253970272\"")""]","2026-08-29T03:51:03.950+00:00","2026-08-29T03:51:03.950+00:00","964736","false",
"6a9257b2a44793cec060","[""read(\""user:6a59e2f670514e4bd72b\"")""]","2026-08-29T03:53:22.812+00:00","2026-08-29T03:53:22.812+00:00","541269","false",
"6a9257d2b33293ae4f7b","[""read(\""user:6a7c24d300375b3caf8c\"")""]","2026-08-29T03:53:54.875+00:00","2026-08-29T03:53:54.875+00:00","144336","false",
"6a9257ebf12ce9544048","[""read(\""user:6a7c24d300375b3caf8c\"")""]","2026-08-29T03:54:20.130+00:00","2026-08-29T03:54:20.130+00:00","281188","false",
"6a9258046b4c28c3f0ec","[""read(\""user:6a7c24d300375b3caf8c\"")""]","2026-08-29T03:54:44.593+00:00","2026-08-29T03:54:44.593+00:00","495908","false",
"6a92580906ff24b66023","[""read(\""user:6a9257e1dc26e7aeb711\"")""]","2026-08-29T03:54:49.173+00:00","2026-08-29T03:54:49.173+00:00","447500","false",
"6a9258dc7450b51fdd9f","[""read(\""user:6a8fee5176b748bc2dc2\"")""]","2026-08-29T03:58:20.617+00:00","2026-08-29T03:58:20.617+00:00","170100","false",
"6a9259e1415437c4e64d","[""read(\""user:6a8427b0003685d15e05\"")""]","2026-08-29T04:02:41.421+00:00","2026-08-29T04:02:41.421+00:00","538283","false",
"6a925a3a85d60096a391","[""read(\""user:6a9259d1001b05b80dc1\"")""]","2026-08-29T04:04:10.698+00:00","2026-08-29T04:04:10.698+00:00","175721","false",
"6a925a6fb8124406a0a9","[""read(\""user:6a55c7957b38c327e4a9\"")""]","2026-08-29T04:05:03.896+00:00","2026-08-29T04:05:03.896+00:00","976376","false",
"6a925b2fb80373e9c4f0","[""read(\""user:6a83dd69f1f60c6f25a6\"")""]","2026-08-29T04:08:15.899+00:00","2026-08-29T04:08:15.899+00:00","861120","false",
"6a925c33030225c627c5","[""read(\""user:6a83dd69f1f60c6f25a6\"")""]","2026-08-29T04:12:35.157+00:00","2026-08-29T04:12:35.157+00:00","158589","false",
"6a925ca761d140d7ecfa","[""read(\""user:6a8d1654a53e65e2c115\"")""]","2026-08-29T04:14:31.538+00:00","2026-08-29T04:14:31.538+00:00","215369","false",
"6a925cd78262d0322fc0","[""read(\""user:6a87f78eb7bc20b698f7\"")""]","2026-08-29T04:15:19.686+00:00","2026-08-29T04:15:19.686+00:00","113239","false",
"6a925daa6e42a770012b","[""read(\""user:6a1908dc2e567af684af\"")""]","2026-08-29T04:18:50.599+00:00","2026-08-29T04:18:50.599+00:00","924198","false",
"6a925dc84bff08e3cec9","[""read(\""user:6a87f78eb7bc20b698f7\"")""]","2026-08-29T04:19:20.448+00:00","2026-08-29T04:19:20.448+00:00","876809","false",
"6a925dccb590c350d28a","[""read(\""user:6a1908dc2e567af684af\"")""]","2026-08-29T04:19:24.893+00:00","2026-08-29T04:19:24.893+00:00","796461","false",
"6a925e0c3daa23473028","[""read(\""user:6a8d1654a53e65e2c115\"")""]","2026-08-29T04:20:28.387+00:00","2026-08-29T04:20:28.387+00:00","679408","false",
"6a925f57eee32d1f5291","[""read(\""user:6a925b2b0e4bc5ecad41\"")""]","2026-08-29T04:26:00.121+00:00","2026-08-29T04:26:00.121+00:00","474864","false",
"6a9260210f732901f14e","[""read(\""user:6a7eaf11b18b947b7216\"")""]","2026-08-29T04:29:21.209+00:00","2026-08-29T04:29:21.209+00:00","697781","false",
"6a92603ac8c4d2c0bcb8","[""read(\""user:6a925b2b0e4bc5ecad41\"")""]","2026-08-29T04:29:46.959+00:00","2026-08-29T04:29:46.959+00:00","441962","false",
"6a92611e5ab016515026","[""read(\""user:6a9260ad873781d99567\"")""]","2026-08-29T04:33:34.513+00:00","2026-08-29T04:33:34.513+00:00","981951","false",
"6a92615025b8d21845e7","[""read(\""user:6a925b2b0e4bc5ecad41\"")""]","2026-08-29T04:34:24.308+00:00","2026-08-29T04:34:24.308+00:00","951367","false",
"6a9262528bbad5f2c0bd","[""read(\""user:6a05a55b0e814939d335\"")""]","2026-08-29T04:38:42.718+00:00","2026-08-29T04:38:42.718+00:00","569230","false",
"6a9262ba0fc09cd43ef7","[""read(\""user:6a7eaf11b18b947b7216\"")""]","2026-08-29T04:40:26.261+00:00","2026-08-29T04:40:26.261+00:00","380588","false",
"6a9262df447d1a28bfa5","[""read(\""user:6a8d11bb0278db7594dd\"")""]","2026-08-29T04:41:03.427+00:00","2026-08-29T04:41:03.427+00:00","434634","false",
"6a926423848f7459cd7c","[""read(\""user:6a9263a762cf68d45e9d\"")""]","2026-08-29T04:46:27.680+00:00","2026-08-29T04:46:27.680+00:00","050656","false",
"6a9265d44bce44af2bb5","[""read(\""user:6a014a56ce8a488d1e29\"")""]","2026-08-29T04:53:40.458+00:00","2026-08-29T04:53:40.458+00:00","480874","false",
"6a92661701ceab0d58bc","[""read(\""user:6a79446fa7ffa39e92e1\"")""]","2026-08-29T04:54:47.147+00:00","2026-08-29T04:54:47.147+00:00","341631","false",
"6a9268195daf6ae53c18","[""read(\""user:6a926782064306df5505\"")""]","2026-08-29T05:03:21.537+00:00","2026-08-29T05:03:21.537+00:00","588122","false",
"6a92688e16eac3fe66c8","[""read(\""user:6a014a56ce8a488d1e29\"")""]","2026-08-29T05:05:18.243+00:00","2026-08-29T05:05:18.243+00:00","555397","false",
"6a92692560b340f5731f","[""read(\""user:6a4f689e31e42deca0e7\"")""]","2026-08-29T05:07:49.535+00:00","2026-08-29T05:07:49.535+00:00","865552","false",
"6a9269601a46c1ef257d","[""read(\""user:6a017183496cb28a6747\"")""]","2026-08-29T05:08:48.256+00:00","2026-08-29T05:08:48.256+00:00","805884","false",
"6a9269a396a26e129a94","[""read(\""user:69eedca364dda2ff70b5\"")""]","2026-08-29T05:09:55.819+00:00","2026-08-29T05:09:55.819+00:00","460424","false",
"6a9269ac782041ab7916","[""read(\""user:6a9264f960a698d938f9\"")""]","2026-08-29T05:10:04.692+00:00","2026-08-29T05:10:04.692+00:00","713951","false",
"6a9269ecb8275fd47932","[""read(\""user:69eedca364dda2ff70b5\"")""]","2026-08-29T05:11:08.896+00:00","2026-08-29T05:11:08.896+00:00","143634","false",
"6a9269ed2b6c7f852bac","[""read(\""user:6a017183496cb28a6747\"")""]","2026-08-29T05:11:09.319+00:00","2026-08-29T05:11:09.319+00:00","967596","false",
"6a9269f4bbab9f10f39f","[""read(\""user:69eaddd743337f6647d8\"")""]","2026-08-29T05:11:16.911+00:00","2026-08-29T05:11:16.911+00:00","821724","false",
"6a926a36548fba87a9ae","[""read(\""user:6a0eaadd41281ea806f2\"")""]","2026-08-29T05:12:22.585+00:00","2026-08-29T05:12:22.585+00:00","642662","false",
"6a926a8151ab6f412855","[""read(\""user:6a926a24325fbaa4c5a5\"")""]","2026-08-29T05:13:37.485+00:00","2026-08-29T05:13:37.485+00:00","466936","false",
"6a926ad531714b66bfee","[""read(\""user:6a9264f960a698d938f9\"")""]","2026-08-29T05:15:01.342+00:00","2026-08-29T05:15:01.342+00:00","157633","false",
"6a926b302905e7cfe8e9","[""read(\""user:69eaddd743337f6647d8\"")""]","2026-08-29T05:16:32.300+00:00","2026-08-29T05:16:32.300+00:00","346959","false",
"6a926b4b709eb053e2cc","[""read(\""user:6a6b1af241fb134b9e9b\"")""]","2026-08-29T05:16:59.600+00:00","2026-08-29T05:16:59.600+00:00","519461","false",
"6a926b858b5a6e24d510","[""read(\""user:6a842a810032ecfdedff\"")""]","2026-08-29T05:17:57.719+00:00","2026-08-29T05:17:57.719+00:00","443478","false",
"6a926db3d705a7a7f86b","[""read(\""user:6a926a24325fbaa4c5a5\"")""]","2026-08-29T05:27:16.031+00:00","2026-08-29T05:27:16.031+00:00","716513","false",
"6a926ecba2efffa9c1b8","[""read(\""user:6a9141114d985b89d6ec\"")""]","2026-08-29T05:31:55.820+00:00","2026-08-29T05:31:55.820+00:00","041988","false",
"6a926f3807dc9b1ecdf2","[""read(\""user:6a798b5698ee50145bd8\"")""]","2026-08-29T05:33:44.182+00:00","2026-08-29T05:33:44.182+00:00","753601","false",
"6a92701165ec7f12fda8","[""read(\""user:6a9263a762cf68d45e9d\"")""]","2026-08-29T05:37:21.568+00:00","2026-08-29T05:37:21.568+00:00","772596","false",
"6a9270cf3602651f73be","[""read(\""user:6a75928347e503553447\"")""]","2026-08-29T05:40:31.360+00:00","2026-08-29T05:40:31.360+00:00","140849","false",
"6a9271a510791f81b557","[""read(\""user:6a9141114d985b89d6ec\"")""]","2026-08-29T05:44:05.240+00:00","2026-08-29T05:44:05.240+00:00","632553","false",
"6a927264e45340110eee","[""read(\""user:6a9263a762cf68d45e9d\"")""]","2026-08-29T05:47:17.150+00:00","2026-08-29T05:47:17.150+00:00","589239","false",
"6a927323d5b78e7cba33","[""read(\""user:6a9263a762cf68d45e9d\"")""]","2026-08-29T05:50:28.024+00:00","2026-08-29T05:50:28.024+00:00","131377","false",
"6a92744cd61222e8d48f","[""read(\""user:6a9263a762cf68d45e9d\"")""]","2026-08-29T05:55:25.030+00:00","2026-08-29T05:55:25.030+00:00","972755","false",
"6a92753b90703441341d","[""read(\""user:6a893733000ea55d5b56\"")""]","2026-08-29T05:59:23.734+00:00","2026-08-29T05:59:23.734+00:00","595786","false",
"6a9275c2a0b9c4b7fdc8","[""read(\""user:6a5c7a218d9e2a6f7104\"")""]","2026-08-29T06:01:38.801+00:00","2026-08-29T06:01:38.801+00:00","270954","false",
"6a92767c3f7c606fb9ef","[""read(\""user:6a893733000ea55d5b56\"")""]","2026-08-29T06:04:44.406+00:00","2026-08-29T06:04:44.406+00:00","797206","false",
"6a9277b83aa363cb6d40","[""read(\""user:6a92773b8914bffe9409\"")""]","2026-08-29T06:10:00.384+00:00","2026-08-29T06:10:00.384+00:00","736996","false",
"6a9279b773bafb3fadfe","[""read(\""user:6a86c1be174eb5fd462a\"")""]","2026-08-29T06:18:31.693+00:00","2026-08-29T06:18:31.693+00:00","068001","false",
"6a927c9d152dbc443d66","[""read(\""user:69ef2b852355a6a50c43\"")""]","2026-08-29T06:30:53.247+00:00","2026-08-29T06:30:53.247+00:00","675858","false",
"6a927ed906de91318c40","[""read(\""user:6a7042c2eb3f77b6039e\"")""]","2026-08-29T06:40:25.229+00:00","2026-08-29T06:40:25.229+00:00","211507","false",
"6a927f05b062ed62d915","[""read(\""user:6a7042c2eb3f77b6039e\"")""]","2026-08-29T06:41:09.928+00:00","2026-08-29T06:41:09.928+00:00","009247","false",
"6a9282255db31ef3390b","[""read(\""user:6a894641bd40de908284\"")""]","2026-08-29T06:54:29.532+00:00","2026-08-29T06:54:29.532+00:00","835789","false",
"6a92827a965c4a4aa2ce","[""read(\""user:6a92818e8292dea64711\"")""]","2026-08-29T06:55:54.762+00:00","2026-08-29T06:55:54.762+00:00","767660","false",
"6a92831328aea5efee85","[""read(\""user:69f2f0de272a2f889ff1\"")""]","2026-08-29T06:58:27.315+00:00","2026-08-29T06:58:27.315+00:00","497706","false",
"6a92833a736ac4a86edf","[""read(\""user:6a894641bd40de908284\"")""]","2026-08-29T06:59:06.619+00:00","2026-08-29T06:59:06.619+00:00","080340","false",
"6a9283d3d125173e9032","[""read(\""user:6a92839aa51247167824\"")""]","2026-08-29T07:01:40.002+00:00","2026-08-29T07:01:40.002+00:00","732527","false",
"6a9283ea37533d9dbb4b","[""read(\""user:6a9283760d89cf15bd62\"")""]","2026-08-29T07:02:02.371+00:00","2026-08-29T07:02:02.371+00:00","223098","false",
"6a928513145dd936d8ba","[""read(\""user:6a16646bd598fb2d35d5\"")""]","2026-08-29T07:06:59.249+00:00","2026-08-29T07:06:59.249+00:00","671285","false",
"6a92867adb01587f20db","[""read(\""user:6a16646bd598fb2d35d5\"")""]","2026-08-29T07:12:59.042+00:00","2026-08-29T07:12:59.042+00:00","358465","false",
"6a92890e9761d4b6044c","[""read(\""user:6a5c7fe1eb68c9932365\"")""]","2026-08-29T07:23:58.777+00:00","2026-08-29T07:23:58.777+00:00","469256","false",
"6a928943b870ed9915d8","[""read(\""user:6a894641bd40de908284\"")""]","2026-08-29T07:24:51.902+00:00","2026-08-29T07:24:51.902+00:00","792627","false",
"6a9289b14f6bf3833b65","[""read(\""user:6a9288f2002383a28870\"")""]","2026-08-29T07:26:41.484+00:00","2026-08-29T07:26:41.484+00:00","714898","false",
"6a928a8bb06f309b2074","[""read(\""user:6a928a33000a95815656\"")""]","2026-08-29T07:30:19.867+00:00","2026-08-29T07:30:19.867+00:00","944069","false",
"6a928b199ff1af3abfcb","[""read(\""user:6a928a6200064fec0cbc\"")""]","2026-08-29T07:32:41.811+00:00","2026-08-29T07:32:41.811+00:00","467789","false",
"6a928b3e08903aecd32d","[""read(\""user:6a928a3ce8dbd3efe4c1\"")""]","2026-08-29T07:33:18.179+00:00","2026-08-29T07:33:18.179+00:00","573824","false",
"6a928b5206b75f83b439","[""read(\""user:6a928a6200064fec0cbc\"")""]","2026-08-29T07:33:38.169+00:00","2026-08-29T07:33:38.169+00:00","354038","false",
"6a928b98b4547d7d83b8","[""read(\""user:6a928a6200064fec0cbc\"")""]","2026-08-29T07:34:48.888+00:00","2026-08-29T07:34:48.888+00:00","077027","false",
"6a928bba6f81e2bcd034","[""read(\""user:6a16646bd598fb2d35d5\"")""]","2026-08-29T07:35:22.592+00:00","2026-08-29T07:35:22.592+00:00","684405","false",
"6a928bbd53bd78706c28","[""read(\""user:6a928a6200064fec0cbc\"")""]","2026-08-29T07:35:25.579+00:00","2026-08-29T07:35:25.579+00:00","321993","false",
"6a928c01e65606e7770b","[""read(\""user:6a928a6200064fec0cbc\"")""]","2026-08-29T07:36:34.089+00:00","2026-08-29T07:36:34.089+00:00","873859","false",
"6a928c2e5e8c84cd2eb1","[""read(\""user:6a928be836d597cf0cd4\"")""]","2026-08-29T07:37:18.530+00:00","2026-08-29T07:37:18.530+00:00","507125","false",
"6a928cae54ef7ec32ed4","[""read(\""user:6a928a3ce8dbd3efe4c1\"")""]","2026-08-29T07:39:26.496+00:00","2026-08-29T07:39:26.496+00:00","700530","false",
"6a928cc0066c0e3592ea","[""read(\""user:6a928c754b2c7cc7e307\"")""]","2026-08-29T07:39:44.176+00:00","2026-08-29T07:39:44.176+00:00","522868","false",
"6a928d0f4d9adb761286","[""read(\""user:6a928c9789fe5bbeee41\"")""]","2026-08-29T07:41:03.455+00:00","2026-08-29T07:41:03.455+00:00","555945","false",
"6a928d14cb73b2d10c7c","[""read(\""user:6a5dce40647104b74222\"")""]","2026-08-29T07:41:08.979+00:00","2026-08-29T07:41:08.979+00:00","330815","false",
"6a928d7567366fbffb69","[""read(\""user:6a928c9789fe5bbeee41\"")""]","2026-08-29T07:42:45.570+00:00","2026-08-29T07:42:45.570+00:00","594295","false",
"6a928ddb2abd8e2e3551","[""read(\""user:6a928d90ce2f0427802b\"")""]","2026-08-29T07:44:27.329+00:00","2026-08-29T07:44:27.329+00:00","230678","false",
"6a928e94b2019a3f01c3","[""read(\""user:6a928e4727423c0a8e53\"")""]","2026-08-29T07:47:32.878+00:00","2026-08-29T07:47:32.878+00:00","508791","false",
"6a928eb1b96076c140bc","[""read(\""user:6a928a3ce8dbd3efe4c1\"")""]","2026-08-29T07:48:01.906+00:00","2026-08-29T07:48:01.906+00:00","675784","false",
"6a928f3b96293250cb24","[""read(\""user:6a928e4727423c0a8e53\"")""]","2026-08-29T07:50:19.784+00:00","2026-08-29T07:50:19.784+00:00","947581","false",
"6a928f62e1559f1b1cba","[""read(\""user:6a928f3a58e054c25607\"")""]","2026-08-29T07:50:59.276+00:00","2026-08-29T07:50:59.276+00:00","930127","false",
"6a928fe8b5d4050ac1fe","[""read(\""user:6a4f51ee66fe655990fb\"")""]","2026-08-29T07:53:12.883+00:00","2026-08-29T07:53:12.883+00:00","422080","false",
"6a929124be994b76bbd7","[""read(\""user:6a9290b169c87967e92c\"")""]","2026-08-29T07:58:28.934+00:00","2026-08-29T07:58:28.934+00:00","371733","false",
"6a9291387d227ab5aac8","[""read(\""user:6a913eec000af6b4b9d2\"")""]","2026-08-29T07:58:48.647+00:00","2026-08-29T07:58:48.647+00:00","450888","false",
"6a92915ad6fbd1e5479a","[""read(\""user:6a5b1fff03d6ae1ec478\"")""]","2026-08-29T07:59:23.028+00:00","2026-08-29T07:59:23.028+00:00","014004","false",
"6a92919b20212c5fb8fb","[""read(\""user:6a929148ca3b6cd774b5\"")""]","2026-08-29T08:00:27.281+00:00","2026-08-29T08:00:27.281+00:00","710370","false",
"6a9291c870d0179fd7e1","[""read(\""user:6a928c754b2c7cc7e307\"")""]","2026-08-29T08:01:12.609+00:00","2026-08-29T08:01:12.609+00:00","984958","false",
"6a92927ce808a7afd4a3","[""read(\""user:6a929132000d0c1e7a43\"")""]","2026-08-29T08:04:13.094+00:00","2026-08-29T08:04:13.094+00:00","247088","false",
"6a9292b4de312acf3d45","[""read(\""user:6a55ca9816e821f90e4c\"")""]","2026-08-29T08:05:09.058+00:00","2026-08-29T08:05:09.058+00:00","381538","false",
"6a929343028052afdf5b","[""read(\""user:6a928c754b2c7cc7e307\"")""]","2026-08-29T08:07:31.172+00:00","2026-08-29T08:07:31.172+00:00","084406","false",
"6a92937ad3a9220abb4f","[""read(\""user:6a928c754b2c7cc7e307\"")""]","2026-08-29T08:08:27.017+00:00","2026-08-29T08:08:27.017+00:00","951143","false",
"6a9293bc45a620536b03","[""read(\""user:6a929132000d0c1e7a43\"")""]","2026-08-29T08:09:32.432+00:00","2026-08-29T08:09:32.432+00:00","692020","false",
"6a9294458c97d81c6f5d","[""read(\""user:6a913eec000af6b4b9d2\"")""]","2026-08-29T08:11:49.720+00:00","2026-08-29T08:11:49.720+00:00","395692","false",
"6a92952bd20d8d459061","[""read(\""user:6a929132000d0c1e7a43\"")""]","2026-08-29T08:15:40.006+00:00","2026-08-29T08:15:40.006+00:00","487266","false",
"6a9295df2121ffa6e075","[""read(\""user:6a8c24d63a8ff2d752ab\"")""]","2026-08-29T08:18:39.279+00:00","2026-08-29T08:18:39.279+00:00","953518","false",
"6a9296046c7ad48fb0e1","[""read(\""user:6a92956fd036bc28aba0\"")""]","2026-08-29T08:19:16.602+00:00","2026-08-29T08:19:16.602+00:00","251265","false",
"6a929606b6ff1eeeddd1","[""read(\""user:6a929596003c3f08726a\"")""]","2026-08-29T08:19:18.887+00:00","2026-08-29T08:19:18.887+00:00","703625","false",
"6a92963f59f9cb7e5b04","[""read(\""user:69b0040108f2d205a57b\"")""]","2026-08-29T08:20:15.520+00:00","2026-08-29T08:20:15.520+00:00","534664","false",
"6a929707380f850c2623","[""read(\""user:6a92956fd036bc28aba0\"")""]","2026-08-29T08:23:35.667+00:00","2026-08-29T08:23:35.667+00:00","401490","false",
"6a9297077920274834a0","[""read(\""user:6a928a33000a95815656\"")""]","2026-08-29T08:23:35.696+00:00","2026-08-29T08:23:35.696+00:00","438690","false",
"6a929760a4e2d8777287","[""read(\""user:6a9296a6953d0a5a840d\"")""]","2026-08-29T08:25:04.895+00:00","2026-08-29T08:25:04.895+00:00","149736","false",
"6a92981ae18777fbd6ac","[""read(\""user:6a8c0e90dc8f9b189118\"")""]","2026-08-29T08:28:11.077+00:00","2026-08-29T08:28:11.077+00:00","041724","false",
"6a9299dc66b4d990edc9","[""read(\""user:6a929596003c3f08726a\"")""]","2026-08-29T08:35:40.578+00:00","2026-08-29T08:35:40.578+00:00","791449","false",
"6a9299e3a4bb088a3198","[""read(\""user:6a9299a47e1c28078120\"")""]","2026-08-29T08:35:47.832+00:00","2026-08-29T08:35:47.832+00:00","564881","false",
"6a929c798dbc5b2c7ef9","[""read(\""user:6a929b3dd5fab22d8d30\"")""]","2026-08-29T08:46:49.723+00:00","2026-08-29T08:46:49.723+00:00","233973","false",
"6a929ccb9e86fcbca20f","[""read(\""user:6a929c8739d39032cf18\"")""]","2026-08-29T08:48:11.804+00:00","2026-08-29T08:48:11.804+00:00","296725","false",
"6a929e01ae276bae34f2","[""read(\""user:6a929de0d442199d792e\"")""]","2026-08-29T08:53:21.863+00:00","2026-08-29T08:53:21.863+00:00","194287","false",
"6a929ea749c2c22f4acf","[""read(\""user:6a929e325d3fd301d32d\"")""]","2026-08-29T08:56:07.499+00:00","2026-08-29T08:56:07.499+00:00","280627","false",
"6a929f39b773bc86f5cd","[""read(\""user:6a929596003c3f08726a\"")""]","2026-08-29T08:58:33.898+00:00","2026-08-29T08:58:33.898+00:00","376152","false",
"6a929f9ac9e972f5eba5","[""read(\""user:6a929596003c3f08726a\"")""]","2026-08-29T09:00:10.967+00:00","2026-08-29T09:00:10.967+00:00","015273","false",
"6a929fb6b01f37f78edd","[""read(\""user:6a929e497cb81530b691\"")""]","2026-08-29T09:00:38.870+00:00","2026-08-29T09:00:38.870+00:00","766523","false",
"6a92a038acb0352e169a","[""read(\""user:6a929f9ce82bf568687d\"")""]","2026-08-29T09:02:48.851+00:00","2026-08-29T09:02:48.851+00:00","620642","false",
"6a92a49017d96be8b911","[""read(\""user:6a053cdb3042d94db285\"")""]","2026-08-29T09:21:20.524+00:00","2026-08-29T09:21:20.524+00:00","191554","false",
"6a92a612ddc7d851ac95","[""read(\""user:6a053cdb3042d94db285\"")""]","2026-08-29T09:27:47.058+00:00","2026-08-29T09:27:47.058+00:00","183637","false",
"6a92a64c2c1748c14873","[""read(\""user:6a06d174be6e4bdbf212\"")""]","2026-08-29T09:28:44.342+00:00","2026-08-29T09:28:44.342+00:00","884430","false",
"6a92a86467278f197ff7","[""read(\""user:6a0fcf20887064a04307\"")""]","2026-08-29T09:37:40.569+00:00","2026-08-29T09:37:40.569+00:00","556295","false",
"6a92a864a29a225901b7","[""read(\""user:6a92a822aab99a6a80ce\"")""]","2026-08-29T09:37:40.816+00:00","2026-08-29T09:37:40.816+00:00","099351","false",
"6a92aa58254565960e23","[""read(\""user:6a5dee84779d05381168\"")""]","2026-08-29T09:46:00.311+00:00","2026-08-29T09:46:00.311+00:00","890231","false",
"6a92abbef3b261c76fb4","[""read(\""user:6a5dee84779d05381168\"")""]","2026-08-29T09:51:59.144+00:00","2026-08-29T09:51:59.144+00:00","292231","false",
"6a92ac6c2fc7b5b130d8","[""read(\""user:6a92ac2c0015c336b72b\"")""]","2026-08-29T09:54:52.336+00:00","2026-08-29T09:54:52.336+00:00","814990","false",
"6a92acc196f0306288a0","[""read(\""user:6a8959a646d1983e0ced\"")""]","2026-08-29T09:56:17.777+00:00","2026-08-29T09:56:17.777+00:00","654691","false",
"6a92acec814f6d969c0d","[""read(\""user:6a8959a646d1983e0ced\"")""]","2026-08-29T09:57:00.689+00:00","2026-08-29T09:57:00.689+00:00","314471","false",
"6a92ad555eb336146351","[""read(\""user:6a7318e619eab033e1fc\"")""]","2026-08-29T09:58:45.540+00:00","2026-08-29T09:58:45.540+00:00","987600","false",
"6a92ad6257a1cdcaf1d9","[""read(\""user:6a7318e619eab033e1fc\"")""]","2026-08-29T09:58:58.509+00:00","2026-08-29T09:58:58.509+00:00","106815","false",
"6a92ad79961722c63fb8","[""read(\""user:6a92ac91037f3cdd715e\"")""]","2026-08-29T09:59:21.757+00:00","2026-08-29T09:59:21.757+00:00","685420","false",
"6a92ad89b98bb64edd0e","[""read(\""user:6a7318e619eab033e1fc\"")""]","2026-08-29T09:59:37.908+00:00","2026-08-29T09:59:37.908+00:00","236490","false",
"6a92ae1e7fd1e792ed93","[""read(\""user:6a92ad7a00375812e075\"")""]","2026-08-29T10:02:06.915+00:00","2026-08-29T10:02:06.915+00:00","971490","false",
"6a92ae2a9f801800d061","[""read(\""user:6a92ada000033505d47f\"")""]","2026-08-29T10:02:18.800+00:00","2026-08-29T10:02:18.800+00:00","794858","false",
"6a92ae96688c2565733f","[""read(\""user:6a92adb40025811d0444\"")""]","2026-08-29T10:04:06.575+00:00","2026-08-29T10:04:06.575+00:00","531818","false",
"6a92aea3df4cd0ca0885","[""read(\""user:6a9263a762cf68d45e9d\"")""]","2026-08-29T10:04:20.075+00:00","2026-08-29T10:04:20.075+00:00","361301","false",
"6a92aebb691dbe1ddc83","[""read(\""user:6a92ae540631a6a133e8\"")""]","2026-08-29T10:04:43.578+00:00","2026-08-29T10:04:43.578+00:00","094261","false",
"6a92aee7e5ffbde3fa83","[""read(\""user:69b0040108f2d205a57b\"")""]","2026-08-29T10:05:28.093+00:00","2026-08-29T10:05:28.093+00:00","650820","false",
"6a92afbd7c122a6ec7ef","[""read(\""user:69b0040108f2d205a57b\"")""]","2026-08-29T10:09:01.648+00:00","2026-08-29T10:09:01.648+00:00","795419","false",
"6a92afe39fc5b9c4d5c3","[""read(\""user:6a928e4727423c0a8e53\"")""]","2026-08-29T10:09:39.835+00:00","2026-08-29T10:09:39.835+00:00","868685","false",
"6a92b14421a675e0e33b","[""read(\""user:69b0040108f2d205a57b\"")""]","2026-08-29T10:15:32.289+00:00","2026-08-29T10:15:32.289+00:00","480636","false",
"6a92b212d7f0f0bfdb7b","[""read(\""user:69b0040108f2d205a57b\"")""]","2026-08-29T10:18:59.037+00:00","2026-08-29T10:18:59.037+00:00","929448","false",
"6a92b267ad752b21f9ff","[""read(\""user:6a92b1a7712f54aad1b1\"")""]","2026-08-29T10:20:23.850+00:00","2026-08-29T10:20:23.850+00:00","735116","false",
"6a92b2968d9fd4812cc1","[""read(\""user:6a92b21f07d602507460\"")""]","2026-08-29T10:21:10.724+00:00","2026-08-29T10:21:10.724+00:00","916656","false",
"6a92b2a8e2b7fc59596f","[""read(\""user:6a92b1a7712f54aad1b1\"")""]","2026-08-29T10:21:29.298+00:00","2026-08-29T10:21:29.298+00:00","476524","false",
"6a92b2deed9b3d878398","[""read(\""user:6a928e4727423c0a8e53\"")""]","2026-08-29T10:22:23.126+00:00","2026-08-29T10:22:23.126+00:00","290056","false",
"6a92b321db89a18b927e","[""read(\""user:6a92b2c94db3d4183422\"")""]","2026-08-29T10:23:30.045+00:00","2026-08-29T10:23:30.045+00:00","939118","false",
"6a92b67469778879f89e","[""read(\""user:6a644eaa5970bb460470\"")""]","2026-08-29T10:37:40.583+00:00","2026-08-29T10:37:40.583+00:00","644191","false",
"6a92b772d554917bb1b5","[""read(\""user:69b0040108f2d205a57b\"")""]","2026-08-29T10:41:55.218+00:00","2026-08-29T10:41:55.218+00:00","390924","false",
"6a92b900516b552cc442","[""read(\""user:6a4f51ee66fe655990fb\"")""]","2026-08-29T10:48:32.473+00:00","2026-08-29T10:48:32.473+00:00","855177","false",
"6a92ba1bf29080db544c","[""read(\""user:6a6af919f41add3b13f1\"")""]","2026-08-29T10:53:16.139+00:00","2026-08-29T10:53:16.139+00:00","999722","false",
"6a92ba81888977f62185","[""read(\""user:6a92ba147db640ac8c5e\"")""]","2026-08-29T10:54:57.700+00:00","2026-08-29T10:54:57.700+00:00","211918","false",
"6a92bae8470fe9259795","[""read(\""user:6a644eaa5970bb460470\"")""]","2026-08-29T10:56:40.484+00:00","2026-08-29T10:56:40.484+00:00","944573","false",
"6a92bc290d7b1dd35d4b","[""read(\""user:6a8691882fdb22b20a4d\"")""]","2026-08-29T11:02:01.201+00:00","2026-08-29T11:02:01.201+00:00","844388","false",
"6a92c805c318f7a3717c","[""read(\""user:6a86ee0c0021abcd33e1\"")""]","2026-08-29T11:52:37.950+00:00","2026-08-29T11:52:37.950+00:00","913134","false",
"6a92ce7d2038bd29a7e2","[""read(\""user:6a92cdcd000ebfec01df\"")""]","2026-08-29T12:20:13.783+00:00","2026-08-29T12:20:13.783+00:00","504361","false",
"6a92ce7deb47fe59aa68","[""read(\""user:6a929e497cb81530b691\"")""]","2026-08-29T12:20:14.111+00:00","2026-08-29T12:20:14.111+00:00","008599","false",
"6a92d65b2b62780916c8","[""read(\""user:6a898308000d0662cbf6\"")""]","2026-08-29T12:53:47.325+00:00","2026-08-29T12:53:47.325+00:00","438385","false",
"6a92df2ac0c86047f67b","[""read(\""user:6a86f55b003bc2233173\"")""]","2026-08-29T13:31:22.942+00:00","2026-08-29T13:31:22.942+00:00","057350","false",
"6a92e0300f00d249d918","[""read(\""user:6a9263a762cf68d45e9d\"")""]","2026-08-29T13:35:44.202+00:00","2026-08-29T13:35:44.202+00:00","451460","false",
"6a92e08a104d69439476","[""read(\""user:6a9263a762cf68d45e9d\"")""]","2026-08-29T13:37:14.208+00:00","2026-08-29T13:37:14.208+00:00","346141","false",
"6a92e1037d656b9a85b4","[""read(\""user:6a9263a762cf68d45e9d\"")""]","2026-08-29T13:39:15.656+00:00","2026-08-29T13:39:15.656+00:00","182311","false",
"6a92e1a3de773fa01235","[""read(\""user:6a9263a762cf68d45e9d\"")""]","2026-08-29T13:41:56.050+00:00","2026-08-29T13:41:56.050+00:00","623867","false",
"6a92e250dbbf65ac0ec8","[""read(\""user:6a9263a762cf68d45e9d\"")""]","2026-08-29T13:44:49.046+00:00","2026-08-29T13:44:49.046+00:00","912502","false",
"6a92fa6ca4c0a119a210","[""read(\""user:6a847dc1003281f1a7f9\"")""]","2026-08-29T15:27:40.812+00:00","2026-08-29T15:27:40.812+00:00","945596","false",
"6a92fc0675401bf0511d","[""read(\""user:6a847dc1003281f1a7f9\"")""]","2026-08-29T15:34:30.622+00:00","2026-08-29T15:34:30.622+00:00","489585","false",
"6a930ce668829598f39f","[""read(\""user:6a64b6d100395560bac6\"")""]","2026-08-29T16:46:30.578+00:00","2026-08-29T16:46:30.578+00:00","352460","false",
"6a93ce4993ef72f52412","[""read(\""user:6a85447803b77a9f35ae\"")""]","2026-08-30T06:31:37.758+00:00","2026-08-30T06:31:37.758+00:00","471590","false",
"6a93cfab632cb4d32c8d","[""read(\""user:6a8a739300326f8e2874\"")""]","2026-08-30T06:37:31.546+00:00","2026-08-30T06:37:31.546+00:00","283243","false",
"6a9401a654a1aa66023d","[""read(\""user:6a830194e889b83b6570\"")""]","2026-08-30T10:10:46.458+00:00","2026-08-30T10:10:46.458+00:00","971689","false",
"6a941fb021b7508b0b66","[""read(\""user:6a19e6e1c0957def6126\"")""]","2026-08-30T12:18:56.247+00:00","2026-08-30T12:18:56.247+00:00","307079","false",
"6a9421cdb2a0d1ca5c0c","[""read(\""user:6a9421a080e2a4bf4aae\"")""]","2026-08-30T12:27:57.855+00:00","2026-08-30T12:27:57.855+00:00","657109","false",
"6a94232e976569a23f9e","[""read(\""user:6a6c1fbb00162b1388fa\"")""]","2026-08-30T12:33:50.735+00:00","2026-08-30T12:33:50.735+00:00","851327","false",
"6a9423414bc4911f41d1","[""read(\""user:6a6c1fbb00162b1388fa\"")""]","2026-08-30T12:34:09.424+00:00","2026-08-30T12:34:09.424+00:00","033535","false",
"6a9428805da7421ccd3f","[""read(\""user:6a911cb52c98f0d6117f\"")""]","2026-08-30T12:56:32.502+00:00","2026-08-30T12:56:32.502+00:00","924909","false",
"6a942e37d9417de499f5","[""read(\""user:6a8fda8c0b83fcdeadc9\"")""]","2026-08-30T13:20:56.027+00:00","2026-08-30T13:20:56.027+00:00","236295","false",
"6a943682dfca1ffbcb2e","[""read(\""user:6a8ec05d001e0fee9c5b\"")""]","2026-08-30T13:56:19.053+00:00","2026-08-30T13:56:19.053+00:00","419565","false",
"6a9436f47bcc558b80ac","[""read(\""user:6a8ec05d001e0fee9c5b\"")""]","2026-08-30T13:58:12.630+00:00","2026-08-30T13:58:12.630+00:00","778374","false",
"6a94381030277ae84558","[""read(\""user:6a9437df5edb6689871c\"")""]","2026-08-30T14:02:56.305+00:00","2026-08-30T14:02:56.305+00:00","808504","false",
"6a9459dea2a81c0097e6","[""read(\""user:6a8ff9b7689ff59a7a27\"")""]","2026-08-30T16:27:10.781+00:00","2026-08-30T16:27:10.781+00:00","144854","false",
"6a94ebeb6f21156a1fe4","[""read(\""user:6a0beed962210abbf717\"")""]","2026-08-31T02:50:19.557+00:00","2026-08-31T02:50:19.557+00:00","450744","false",
"6a94f15b06ce972c02b0","[""read(\""user:6a13c5788017f59a6e04\"")""]","2026-08-31T03:13:31.149+00:00","2026-08-31T03:13:31.149+00:00","495992","false",
"6a94f1cc364e21f4a9b2","[""read(\""user:69fd761e316f2de68732\"")""]","2026-08-31T03:15:24.378+00:00","2026-08-31T03:15:24.378+00:00","006300","false",
"6a94f1e12b23d506f287","[""read(\""user:6a0c1366003d2900fc8e\"")""]","2026-08-31T03:15:45.303+00:00","2026-08-31T03:15:45.303+00:00","472552","false",
"6a94f2582439d9896912","[""read(\""user:69fd8172c62e6b62e454\"")""]","2026-08-31T03:17:44.304+00:00","2026-08-31T03:17:44.304+00:00","693053","false",
"6a94f2661665112915dc","[""read(\""user:6a16a0559ae2733a0a66\"")""]","2026-08-31T03:17:58.237+00:00","2026-08-31T03:17:58.237+00:00","743076","false",
"6a94f2754b9a149dc256","[""read(\""user:6a0be647735de77dacb0\"")""]","2026-08-31T03:18:13.475+00:00","2026-08-31T03:18:13.475+00:00","110620","false",
"6a94f2c9e7e1aaa696d9","[""read(\""user:6a043e5b44fccb1ea91d\"")""]","2026-08-31T03:19:38.060+00:00","2026-08-31T03:19:38.060+00:00","229383","false",
"6a94f3076c92e71d6386","[""read(\""user:69f808c3612b193c532c\"")""]","2026-08-31T03:20:39.551+00:00","2026-08-31T03:20:39.551+00:00","417404","false",
"6a94f339c0ff6a9be8fa","[""read(\""user:6a16a0559ae2733a0a66\"")""]","2026-08-31T03:21:29.904+00:00","2026-08-31T03:21:29.904+00:00","561986","false",
"6a94f3e60969e3de6bef","[""read(\""user:6a1660d38caa2208864d\"")""]","2026-08-31T03:24:22.140+00:00","2026-08-31T03:24:22.140+00:00","524624","false",
"6a94f461c16f477c343e","[""read(\""user:6a6979d60c637f3cb45a\"")""]","2026-08-31T03:26:25.896+00:00","2026-08-31T03:26:25.896+00:00","407008","false",
"6a94f4d8220d862f9b9f","[""read(\""user:6a6979d60c637f3cb45a\"")""]","2026-08-31T03:28:24.251+00:00","2026-08-31T03:28:24.251+00:00","388942","false",
"6a94f59845bce9b7da5f","[""read(\""user:69ef2bc39028ce302d5c\"")""]","2026-08-31T03:31:36.401+00:00","2026-08-31T03:31:36.401+00:00","442295","false",
"6a94f5ff7c5cd17f2c9a","[""read(\""user:69f1cb60002884f81083\"")""]","2026-08-31T03:33:19.613+00:00","2026-08-31T03:33:19.613+00:00","130175","false",
"6a94f7356b41001258d3","[""read(\""user:6a758ca8d29f3d0bb3ab\"")""]","2026-08-31T03:38:29.548+00:00","2026-08-31T03:38:29.548+00:00","587070","false",
"6a94f7a6534a7e5808ba","[""read(\""user:6a758ca8d29f3d0bb3ab\"")""]","2026-08-31T03:40:22.446+00:00","2026-08-31T03:40:22.446+00:00","588708","false",
"6a94f81439f744934d99","[""read(\""user:69f1cb60002884f81083\"")""]","2026-08-31T03:42:12.348+00:00","2026-08-31T03:42:12.348+00:00","438695","false",
"6a94f9072b5df103c279","[""read(\""user:6a94f81c00394815ee06\"")""]","2026-08-31T03:46:15.294+00:00","2026-08-31T03:46:15.294+00:00","766879","false",
"6a94fa49751ee1de404f","[""read(\""user:6a0d4a057f3afd722633\"")""]","2026-08-31T03:51:37.592+00:00","2026-08-31T03:51:37.592+00:00","595896","false",
"6a94faf745814778e51f","[""read(\""user:6a94f9b4000608bf8b7e\"")""]","2026-08-31T03:54:31.389+00:00","2026-08-31T03:54:31.389+00:00","084931","false",
"6a94fb179543fbc7b480","[""read(\""user:6a8fee5176b748bc2dc2\"")""]","2026-08-31T03:55:03.732+00:00","2026-08-31T03:55:03.732+00:00","523719","false",
"6a94fc11647771ee357b","[""read(\""user:6a94fbcb001263fff039\"")""]","2026-08-31T03:59:13.525+00:00","2026-08-31T03:59:13.525+00:00","157352","false",
"6a94fd16ea2fdda9e7ff","[""read(\""user:6a5b1f8acfdf936006ba\"")""]","2026-08-31T04:03:35.100+00:00","2026-08-31T04:03:35.100+00:00","169288","false",
"6a9501518280b52d7321","[""read(\""user:6a900d62da8dd30cd139\"")""]","2026-08-31T04:21:37.715+00:00","2026-08-31T04:21:37.715+00:00","685491","false",
"6a95016043437fa487ee","[""read(\""user:6a950116000a5d54e129\"")""]","2026-08-31T04:21:52.413+00:00","2026-08-31T04:21:52.413+00:00","743837","false",
"6a95022ac59076f1c294","[""read(\""user:6a6aed4c6bfb9c395408\"")""]","2026-08-31T04:25:14.922+00:00","2026-08-31T04:25:14.922+00:00","890604","false",
"6a9502dc6a604612f869","[""read(\""user:6a852bfde44855a3e234\"")""]","2026-08-31T04:28:12.544+00:00","2026-08-31T04:28:12.544+00:00","744552","false",
"6a95037b8220a21731e3","[""read(\""user:6a9501e69d6876fc3b87\"")""]","2026-08-31T04:30:51.642+00:00","2026-08-31T04:30:51.642+00:00","171145","false",
"6a9503d10253330fa578","[""read(\""user:6a893b17604720d4fadc\"")""]","2026-08-31T04:32:17.258+00:00","2026-08-31T04:32:17.258+00:00","291734","false",
"6a95081e6e3f8fef38ba","[""read(\""user:6a79446fa7ffa39e92e1\"")""]","2026-08-31T04:50:38.557+00:00","2026-08-31T04:50:38.557+00:00","859734","false",
"6a950a8b7edf6b23e780","[""read(\""user:6a014a56ce8a488d1e29\"")""]","2026-08-31T05:00:59.635+00:00","2026-08-31T05:00:59.635+00:00","514033","false",
"6a950a8e37c4102789f7","[""read(\""user:6a7ad2af8786ffa93a70\"")""]","2026-08-31T05:01:02.350+00:00","2026-08-31T05:01:02.350+00:00","604029","false",
"6a950b0c56000131d910","[""read(\""user:6a0be647735de77dacb0\"")""]","2026-08-31T05:03:08.532+00:00","2026-08-31T05:03:08.532+00:00","490884","false",
"6a950b628aa5590f2b5c","[""read(\""user:6a0d42879fe915f202e5\"")""]","2026-08-31T05:04:34.696+00:00","2026-08-31T05:04:34.696+00:00","581149","false",
"6a950b6b78f4c5c4f58b","[""read(\""user:6a0be647735de77dacb0\"")""]","2026-08-31T05:04:43.616+00:00","2026-08-31T05:04:43.616+00:00","479048","false",
"6a950b713f298a06ccc9","[""read(\""user:6a0d42879fe915f202e5\"")""]","2026-08-31T05:04:49.387+00:00","2026-08-31T05:04:49.387+00:00","608146","false",
"6a950bc2e11a02d5d48a","[""read(\""user:69f829e54f5eeca1209b\"")""]","2026-08-31T05:06:11.077+00:00","2026-08-31T05:06:11.077+00:00","751575","false",
"6a950bd2e20b3ff0304b","[""read(\""user:69fd6ec97ae0cdb0fc5d\"")""]","2026-08-31T05:06:27.085+00:00","2026-08-31T05:06:27.085+00:00","835183","false",
"6a950bef62efd223218d","[""read(\""user:69f1b13c9da01ee624d7\"")""]","2026-08-31T05:06:55.515+00:00","2026-08-31T05:06:55.515+00:00","734017","false",
"6a950bf5382aa6ff2748","[""read(\""user:6a79537113408575cfa4\"")""]","2026-08-31T05:07:01.360+00:00","2026-08-31T05:07:01.360+00:00","959458","false",
"6a950c38a22815f9f0bb","[""read(\""user:69fb066c36f10e5276a2\"")""]","2026-08-31T05:08:08.773+00:00","2026-08-31T05:08:08.773+00:00","163791","false",
"6a950c3aea6f17ecefb4","[""read(\""user:69f08ae419946490985b\"")""]","2026-08-31T05:08:11.079+00:00","2026-08-31T05:08:11.079+00:00","918015","false",
"6a950c4f79bf9116c65c","[""read(\""user:69fb066c36f10e5276a2\"")""]","2026-08-31T05:08:31.624+00:00","2026-08-31T05:08:31.624+00:00","301856","false",
"6a950c5fcb27bcf15ede","[""read(\""user:69f1cb60002884f81083\"")""]","2026-08-31T05:08:47.941+00:00","2026-08-31T05:08:47.941+00:00","975175","false",
"6a950c936c673fa6a2a5","[""read(\""user:69f829e54f5eeca1209b\"")""]","2026-08-31T05:09:39.547+00:00","2026-08-31T05:09:39.547+00:00","076081","false",
"6a950c9fc7d2dd32e307","[""read(\""user:69fd6ec97ae0cdb0fc5d\"")""]","2026-08-31T05:09:51.934+00:00","2026-08-31T05:09:51.934+00:00","553590","false",
"6a950cad59c771185cd4","[""read(\""user:69fc04cd46255d74c904\"")""]","2026-08-31T05:10:05.488+00:00","2026-08-31T05:10:05.488+00:00","396265","false",
"6a950cc96970c06a5a3f","[""read(\""user:69f2e7f2d60bb08821f6\"")""]","2026-08-31T05:10:33.541+00:00","2026-08-31T05:10:33.541+00:00","489695","false",
"6a950ce55a87ddb92a53","[""read(\""user:69fd6ec97ae0cdb0fc5d\"")""]","2026-08-31T05:11:01.484+00:00","2026-08-31T05:11:01.484+00:00","035220","false",
"6a950d1972354531ad81","[""read(\""user:6a79537113408575cfa4\"")""]","2026-08-31T05:11:53.567+00:00","2026-08-31T05:11:53.567+00:00","810284","false",
"6a950d43074ea5a66a64","[""read(\""user:6a1908dc2e567af684af\"")""]","2026-08-31T05:12:35.135+00:00","2026-08-31T05:12:35.135+00:00","994748","false",
"6a950d6e7fb540de35e4","[""read(\""user:69fb01c7424b590b031a\"")""]","2026-08-31T05:13:18.634+00:00","2026-08-31T05:13:18.634+00:00","145274","false",
"6a950dd6bfacfb84b75a","[""read(\""user:69fb066c36f10e5276a2\"")""]","2026-08-31T05:15:02.913+00:00","2026-08-31T05:15:02.913+00:00","395631","false",
"6a950deb57fd4b611d6f","[""read(\""user:69fb066c36f10e5276a2\"")""]","2026-08-31T05:15:23.467+00:00","2026-08-31T05:15:23.467+00:00","904778","false",
"6a950eb10257d46cc05e","[""read(\""user:69eaf05e2eb108a1625b\"")""]","2026-08-31T05:18:41.117+00:00","2026-08-31T05:18:41.117+00:00","876806","false",
"6a950f38c47aec00ed0e","[""read(\""user:6a60639c424a30891990\"")""]","2026-08-31T05:20:56.927+00:00","2026-08-31T05:20:56.927+00:00","421608","false",
"6a950f423c0292481fcd","[""read(\""user:6a852bfde44855a3e234\"")""]","2026-08-31T05:21:06.376+00:00","2026-08-31T05:21:06.376+00:00","467989","false",
"6a951045c04648435ebf","[""read(\""user:69fedcf500190ecec1fd\"")""]","2026-08-31T05:25:25.954+00:00","2026-08-31T05:25:25.954+00:00","927527","false",
"6a95107d5ca586975cb9","[""read(\""user:69fedcf500190ecec1fd\"")""]","2026-08-31T05:26:21.488+00:00","2026-08-31T05:26:21.488+00:00","687551","false",
"6a951098d28e445d8614","[""read(\""user:6a742555002ecfb5772f\"")""]","2026-08-31T05:26:48.988+00:00","2026-08-31T05:26:48.988+00:00","443626","false",
"6a9510f33464f9f317ea","[""read(\""user:6a95107b8d63b72ff317\"")""]","2026-08-31T05:28:19.361+00:00","2026-08-31T05:28:19.361+00:00","114713","false",
"6a9511277883f6611fb3","[""read(\""user:69fedcf500190ecec1fd\"")""]","2026-08-31T05:29:11.957+00:00","2026-08-31T05:29:11.957+00:00","593769","false",
"6a95124e516542f824b5","[""read(\""user:69f1cb60002884f81083\"")""]","2026-08-31T05:34:06.684+00:00","2026-08-31T05:34:06.684+00:00","341435","false",
"6a951295d85f3d163426","[""read(\""user:6a95107b8d63b72ff317\"")""]","2026-08-31T05:35:18.194+00:00","2026-08-31T05:35:18.194+00:00","611448","false",
"6a951379d29433051af4","[""read(\""user:6a76ac9700fb6ca4e5f2\"")""]","2026-08-31T05:39:06.231+00:00","2026-08-31T05:39:06.231+00:00","940279","false",
"6a9513d749184f011d52","[""read(\""user:6a55bbb192383b95d05f\"")""]","2026-08-31T05:40:39.593+00:00","2026-08-31T05:40:39.593+00:00","336052","false",
"6a95173a73df588e50f0","[""read(\""user:6a0bf13202f03c7172ae\"")""]","2026-08-31T05:55:06.771+00:00","2026-08-31T05:55:06.771+00:00","541743","false",
"6a9519cd48e15bf11fc9","[""read(\""user:6a9518dda1974f558a4a\"")""]","2026-08-31T06:06:05.608+00:00","2026-08-31T06:06:05.608+00:00","154040","false",
"6a9519cdbe49d125c955","[""read(\""user:6a6049f3003a42220cec\"")""]","2026-08-31T06:06:06.088+00:00","2026-08-31T06:06:06.088+00:00","796314","false",
"6a951a33b201e156e344","[""read(\""user:6a8bde570005c93da08e\"")""]","2026-08-31T06:07:48.041+00:00","2026-08-31T06:07:48.041+00:00","336862","false",
"6a951ae30bd544c1d908","[""read(\""user:6a06b6f800035577409b\"")""]","2026-08-31T06:10:43.472+00:00","2026-08-31T06:10:43.472+00:00","407686","false",
"6a951b813924e1e2a9f0","[""read(\""user:6a06b6f800035577409b\"")""]","2026-08-31T06:13:21.536+00:00","2026-08-31T06:13:21.536+00:00","128147","false",
"6a951c0391e0f9240252","[""read(\""user:6a01a8860037b0f524b8\"")""]","2026-08-31T06:15:31.993+00:00","2026-08-31T06:15:31.993+00:00","014112","false",
"6a951cfd9acb7bebe7e9","[""read(\""user:6a0ab9cd1907dcbb4d8d\"")""]","2026-08-31T06:19:42.097+00:00","2026-08-31T06:19:42.097+00:00","424536","false",
"6a951d524f007bac7afb","[""read(\""user:6a951c964be64a994c86\"")""]","2026-08-31T06:21:06.622+00:00","2026-08-31T06:21:06.622+00:00","375959","false",
"6a951d8482e664f25a8f","[""read(\""user:6a951cab161725bffb87\"")""]","2026-08-31T06:21:56.876+00:00","2026-08-31T06:21:56.876+00:00","781217","false",
"6a951e4c7163d90a958b","[""read(\""user:6a951d8fcdbc7aae4b4b\"")""]","2026-08-31T06:25:16.772+00:00","2026-08-31T06:25:16.772+00:00","542193","false",
"6a951e6d30b28213f63f","[""read(\""user:6a951cab161725bffb87\"")""]","2026-08-31T06:25:49.485+00:00","2026-08-31T06:25:49.485+00:00","295945","false",
"6a951f6dbfe4367948f8","[""read(\""user:6a9255e5000253970272\"")""]","2026-08-31T06:30:06.111+00:00","2026-08-31T06:30:06.111+00:00","718443","false",
"6a951fb6dd44c227b065","[""read(\""user:6a85635d426ce42f7cd9\"")""]","2026-08-31T06:31:19.198+00:00","2026-08-31T06:31:19.198+00:00","304222","false",
"6a95201c7cff9bf26105","[""read(\""user:6a85635d426ce42f7cd9\"")""]","2026-08-31T06:33:00.804+00:00","2026-08-31T06:33:00.804+00:00","355255","false",
"6a9522480c0d70070d62","[""read(\""user:6a87dce2e334a8ae7716\"")""]","2026-08-31T06:42:16.345+00:00","2026-08-31T06:42:16.345+00:00","444870","false",
"6a9522cd5230ae52101a","[""read(\""user:69f96a86d029741016c7\"")""]","2026-08-31T06:44:29.639+00:00","2026-08-31T06:44:29.639+00:00","990091","false",
"6a9522d6ee923c9ce67a","[""read(\""user:6a55bbb192383b95d05f\"")""]","2026-08-31T06:44:39.302+00:00","2026-08-31T06:44:39.302+00:00","613541","false",
"6a95232aadbcfa0d465c","[""read(\""user:6a95204600201c2265dc\"")""]","2026-08-31T06:46:03.019+00:00","2026-08-31T06:46:03.019+00:00","597802","false",
"6a9523ae7a9d03739372","[""read(\""user:6a053e9a3fc5bcb1b064\"")""]","2026-08-31T06:48:14.802+00:00","2026-08-31T06:48:14.802+00:00","255527","false",
"6a9523b8d38d8995fcab","[""read(\""user:6a60639c424a30891990\"")""]","2026-08-31T06:48:25.174+00:00","2026-08-31T06:48:25.174+00:00","785551","false",
"6a9523f49fbb92316d50","[""read(\""user:6a95204600201c2265dc\"")""]","2026-08-31T06:49:24.961+00:00","2026-08-31T06:49:24.961+00:00","905869","false",
"6a95242e4cf289ea50a1","[""read(\""user:6a053e9a3fc5bcb1b064\"")""]","2026-08-31T06:50:22.613+00:00","2026-08-31T06:50:22.613+00:00","234603","false",
"6a9525016312a7962dc7","[""read(\""user:6a95204600201c2265dc\"")""]","2026-08-31T06:53:53.716+00:00","2026-08-31T06:53:53.716+00:00","435451","false",
"6a952505053021c178f2","[""read(\""user:6a60639c424a30891990\"")""]","2026-08-31T06:53:57.323+00:00","2026-08-31T06:53:57.323+00:00","451246","false",
"6a9525526182b98b74b1","[""read(\""user:6a9524dfefebe8489ef3\"")""]","2026-08-31T06:55:14.714+00:00","2026-08-31T06:55:14.714+00:00","397797","false",
"6a95255fac8e4a9a4529","[""read(\""user:6a60639c424a30891990\"")""]","2026-08-31T06:55:28.015+00:00","2026-08-31T06:55:28.015+00:00","380777","false",
"6a9525934d94f2e3f839","[""read(\""user:6a9524dfefebe8489ef3\"")""]","2026-08-31T06:56:19.614+00:00","2026-08-31T06:56:19.614+00:00","806402","false",
"6a9525eb518be02ea4a4","[""read(\""user:69eb0655db288f004754\"")""]","2026-08-31T06:57:47.646+00:00","2026-08-31T06:57:47.646+00:00","714169","false",
"6a9525f54f0c4a3087c1","[""read(\""user:6a60639c424a30891990\"")""]","2026-08-31T06:57:57.630+00:00","2026-08-31T06:57:57.630+00:00","371013","false",
"6a95265c8007d9352974","[""read(\""user:69fb01c7424b590b031a\"")""]","2026-08-31T06:59:40.830+00:00","2026-08-31T06:59:40.830+00:00","363854","false",
"6a95267b69c21e9aa10d","[""read(\""user:6a5899912c971eb4a3fc\"")""]","2026-08-31T07:00:11.727+00:00","2026-08-31T07:00:11.727+00:00","210893","false",
"6a952771b0e519d058cb","[""read(\""user:6a86c1be174eb5fd462a\"")""]","2026-08-31T07:04:18.062+00:00","2026-08-31T07:04:18.062+00:00","776671","false",
"6a9527b2dff5314468c2","[""read(\""user:69fedcf500190ecec1fd\"")""]","2026-08-31T07:05:23.225+00:00","2026-08-31T07:05:23.225+00:00","520917","false",
"6a9527b91df9926ce6b0","[""read(\""user:69fedcf500190ecec1fd\"")""]","2026-08-31T07:05:29.450+00:00","2026-08-31T07:05:29.450+00:00","565775","false",
"6a9527d44bb8aedffa46","[""read(\""user:69fedcf500190ecec1fd\"")""]","2026-08-31T07:05:56.632+00:00","2026-08-31T07:05:56.632+00:00","446710","false",
"6a9527d6d1cdfec2d37f","[""read(\""user:6a9526ee0002ee0b4f91\"")""]","2026-08-31T07:05:59.170+00:00","2026-08-31T07:05:59.170+00:00","247129","false",
"6a9527eb67ac196256b7","[""read(\""user:69fedcf500190ecec1fd\"")""]","2026-08-31T07:06:19.737+00:00","2026-08-31T07:06:19.737+00:00","735862","false",
"6a95280237497171ff45","[""read(\""user:69fedcf500190ecec1fd\"")""]","2026-08-31T07:06:42.529+00:00","2026-08-31T07:06:42.529+00:00","175815","false",
"6a95280ac56679607f04","[""read(\""user:69fedcf500190ecec1fd\"")""]","2026-08-31T07:06:51.108+00:00","2026-08-31T07:06:51.108+00:00","254640","false",
"6a95281a5834a28ef6ee","[""read(\""user:69fedcf500190ecec1fd\"")""]","2026-08-31T07:07:06.683+00:00","2026-08-31T07:07:06.683+00:00","463515","false",
"6a95289d875022b3b01b","[""read(\""user:6a9527ac2b7e70bad186\"")""]","2026-08-31T07:09:17.846+00:00","2026-08-31T07:09:17.846+00:00","897004","false",
"6a95290e289b043dd811","[""read(\""user:6a9528b317eafb49eacd\"")""]","2026-08-31T07:11:10.466+00:00","2026-08-31T07:11:10.466+00:00","537900","false",
"6a95292a35d63ebed0ee","[""read(\""user:6a0548507c2ecfdb65d5\"")""]","2026-08-31T07:11:38.536+00:00","2026-08-31T07:11:38.536+00:00","623693","false",
"6a95293acfcf8441172d","[""read(\""user:6a0548507c2ecfdb65d5\"")""]","2026-08-31T07:11:55.147+00:00","2026-08-31T07:11:55.147+00:00","129695","false",
"6a95294c639f81dbe54f","[""read(\""user:6a86c1be174eb5fd462a\"")""]","2026-08-31T07:12:12.702+00:00","2026-08-31T07:12:12.702+00:00","630092","false",
"6a952995abfb45424184","[""read(\""user:69f9796ee2f8616647d3\"")""]","2026-08-31T07:13:26.007+00:00","2026-08-31T07:13:26.007+00:00","502616","false",
"6a9529aa6ad6d214e76e","[""read(\""user:69f9796ee2f8616647d3\"")""]","2026-08-31T07:13:46.737+00:00","2026-08-31T07:13:46.737+00:00","222645","false",
"6a9529aac8d7bbfc5aac","[""read(\""user:6a0548507c2ecfdb65d5\"")""]","2026-08-31T07:13:47.121+00:00","2026-08-31T07:13:47.121+00:00","793572","false",
"6a9529d19f55d37ee62f","[""read(\""user:6a95297a30be1169b7be\"")""]","2026-08-31T07:14:25.950+00:00","2026-08-31T07:14:25.950+00:00","732040","false",
"6a952a723229e54323be","[""read(\""user:6a95297a30be1169b7be\"")""]","2026-08-31T07:17:06.508+00:00","2026-08-31T07:17:06.508+00:00","653001","false",
"6a952b44af9d34f72e93","[""read(\""user:6a0548507c2ecfdb65d5\"")""]","2026-08-31T07:20:37.031+00:00","2026-08-31T07:20:37.031+00:00","828245","false",
"6a952b450e6d33b4a5e2","[""read(\""user:6a9528a1b68d9d948e23\"")""]","2026-08-31T07:20:37.368+00:00","2026-08-31T07:20:37.368+00:00","019703","false",
"6a952bea6c66455f2583","[""read(\""user:6a7d9dcc0010fcd90ec3\"")""]","2026-08-31T07:23:22.752+00:00","2026-08-31T07:23:22.752+00:00","317639","false",
"6a952bec29dbad4ac228","[""read(\""user:6a5899912c971eb4a3fc\"")""]","2026-08-31T07:23:24.460+00:00","2026-08-31T07:23:24.460+00:00","515206","false",
"6a952c039673c045f027","[""read(\""user:6a9528a1b68d9d948e23\"")""]","2026-08-31T07:23:47.937+00:00","2026-08-31T07:23:47.937+00:00","591839","false",
"6a952c8b0828aaa28200","[""read(\""user:69fedcf500190ecec1fd\"")""]","2026-08-31T07:26:03.347+00:00","2026-08-31T07:26:03.347+00:00","613853","false",
"6a952ca1a6bf3007b462","[""read(\""user:69fedcf500190ecec1fd\"")""]","2026-08-31T07:26:25.978+00:00","2026-08-31T07:26:25.978+00:00","273946","false",
"6a952ccf5c1ba30326f9","[""read(\""user:6a952ca2bdea4ba2cb69\"")""]","2026-08-31T07:27:11.690+00:00","2026-08-31T07:27:11.690+00:00","100357","false",
"6a952cfc3189caa469bb","[""read(\""user:69fedcf500190ecec1fd\"")""]","2026-08-31T07:27:56.513+00:00","2026-08-31T07:27:56.513+00:00","818094","false",
"6a952d0b00ec1bf32248","[""read(\""user:6a9528a1b68d9d948e23\"")""]","2026-08-31T07:28:11.302+00:00","2026-08-31T07:28:11.302+00:00","631588","false",
"6a952da7abeaf14e41d0","[""read(\""user:6a952d18d4cdaae2adac\"")""]","2026-08-31T07:30:48.029+00:00","2026-08-31T07:30:48.029+00:00","770285","false",
"6a952dde66fa71e36adc","[""read(\""user:6a5893651de50fcce6e9\"")""]","2026-08-31T07:31:42.739+00:00","2026-08-31T07:31:42.739+00:00","010998","false",
"6a952de01b555778907d","[""read(\""user:6a9528a1b68d9d948e23\"")""]","2026-08-31T07:31:44.416+00:00","2026-08-31T07:31:44.416+00:00","580305","false",
"6a952df349e57079b724","[""read(\""user:6a8bf83512b8a95283c5\"")""]","2026-08-31T07:32:03.593+00:00","2026-08-31T07:32:03.593+00:00","699071","false",
"6a952e10109ce81970b1","[""read(\""user:69fedcf500190ecec1fd\"")""]","2026-08-31T07:32:32.381+00:00","2026-08-31T07:32:32.381+00:00","053173","false",
"6a952e2f569bb506eda1","[""read(\""user:6a843aeb246a6d9dff44\"")""]","2026-08-31T07:33:03.657+00:00","2026-08-31T07:33:03.657+00:00","547918","false",
"6a952ea505da729c86e4","[""read(\""user:6a952e1a000c2d88442b\"")""]","2026-08-31T07:35:01.318+00:00","2026-08-31T07:35:01.318+00:00","049870","false",
"6a952eb6141f0cd1e85e","[""read(\""user:6a0fcf20887064a04307\"")""]","2026-08-31T07:35:18.395+00:00","2026-08-31T07:35:18.395+00:00","418011","false",
"6a952ebfab0f3aa64bad","[""read(\""user:69f829e54f5eeca1209b\"")""]","2026-08-31T07:35:28.003+00:00","2026-08-31T07:35:28.003+00:00","131934","false",
"6a952ec151eaca1f9ce8","[""read(\""user:6a952dcea32266d2a034\"")""]","2026-08-31T07:35:29.630+00:00","2026-08-31T07:35:29.630+00:00","167305","false",
"6a952ee398e8d1ca13ad","[""read(\""user:6a61bd45002d957103ef\"")""]","2026-08-31T07:36:03.920+00:00","2026-08-31T07:36:03.920+00:00","741486","false",
"6a952ee6efdc9441c0ea","[""read(\""user:6a60639c424a30891990\"")""]","2026-08-31T07:36:07.285+00:00","2026-08-31T07:36:07.285+00:00","436162","false",
"6a952f4a9ff73927cfa6","[""read(\""user:6a952e52b231fda232df\"")""]","2026-08-31T07:37:46.957+00:00","2026-08-31T07:37:46.957+00:00","966800","false",
"6a952f84e4fe3acfec11","[""read(\""user:6a014a56ce8a488d1e29\"")""]","2026-08-31T07:38:45.237+00:00","2026-08-31T07:38:45.237+00:00","385539","false",
"6a952fcae2deb8888526","[""read(\""user:6a0fcf20887064a04307\"")""]","2026-08-31T07:39:55.195+00:00","2026-08-31T07:39:55.195+00:00","429653","false",
"6a952fd5711e18784d49","[""read(\""user:6a26583c0037e64c01a2\"")""]","2026-08-31T07:40:05.636+00:00","2026-08-31T07:40:05.636+00:00","703122","false",
"6a952fdb98f76c945f1d","[""read(\""user:6a952f42002cc514e2d8\"")""]","2026-08-31T07:40:11.930+00:00","2026-08-31T07:40:11.930+00:00","564713","false",
"6a952fede6be2201d48f","[""read(\""user:6a0fcf20887064a04307\"")""]","2026-08-31T07:40:30.248+00:00","2026-08-31T07:40:30.248+00:00","420297","false",
"6a952ff23fd84b03b447","[""read(\""user:6a952f61c191df32c8ad\"")""]","2026-08-31T07:40:34.515+00:00","2026-08-31T07:40:34.515+00:00","722357","false",
"6a95301bef24764bdc66","[""read(\""user:6a843aeb246a6d9dff44\"")""]","2026-08-31T07:41:16.346+00:00","2026-08-31T07:41:16.346+00:00","267526","false",
"6a95301c42b28477dfb2","[""read(\""user:6a952f770020302dc6fe\"")""]","2026-08-31T07:41:16.536+00:00","2026-08-31T07:41:16.536+00:00","230235","false",
"6a953024dda876277c42","[""read(\""user:6a472a5bc794e9cfdbc6\"")""]","2026-08-31T07:41:25.104+00:00","2026-08-31T07:41:25.104+00:00","957089","false",
"6a953088db2574e5f401","[""read(\""user:6a953036978caf7eb607\"")""]","2026-08-31T07:43:05.219+00:00","2026-08-31T07:43:05.219+00:00","952669","false",
"6a95308a12adc6694f4d","[""read(\""user:69fb066c36f10e5276a2\"")""]","2026-08-31T07:43:06.243+00:00","2026-08-31T07:43:06.243+00:00","846015","false",
"6a9530a622be8d1e65c7","[""read(\""user:6a5dce40647104b74222\"")""]","2026-08-31T07:43:34.453+00:00","2026-08-31T07:43:34.453+00:00","415888","false",
"6a9530aa342f95c881ba","[""read(\""user:6a1908dc2e567af684af\"")""]","2026-08-31T07:43:38.532+00:00","2026-08-31T07:43:38.532+00:00","322717","false",
"6a9530b00010ad68ac40","[""read(\""user:6a0fcf20887064a04307\"")""]","2026-08-31T07:43:44.316+00:00","2026-08-31T07:43:44.316+00:00","665576","false",
"6a9530b0b87b66f7cc66","[""read(\""user:69eb287e6b2fd961ba72\"")""]","2026-08-31T07:43:45.064+00:00","2026-08-31T07:43:45.064+00:00","300021","false",
"6a9530bf686122b25e0c","[""read(\""user:69fc04cd46255d74c904\"")""]","2026-08-31T07:43:59.620+00:00","2026-08-31T07:43:59.620+00:00","807756","false",
"6a95310d63b29d5c9d4f","[""read(\""user:6a746cbea386658ad601\"")""]","2026-08-31T07:45:17.738+00:00","2026-08-31T07:45:17.738+00:00","265236","false",
"6a95310d9a7221fda7dd","[""read(\""user:6a95307ea82f355fef83\"")""]","2026-08-31T07:45:17.875+00:00","2026-08-31T07:45:17.875+00:00","953550","false",
"6a9531148e6f3a140ee0","[""read(\""user:69fc479bdef889473c82\"")""]","2026-08-31T07:45:24.902+00:00","2026-08-31T07:45:24.902+00:00","955392","false",
"6a95312884b958a874d2","[""read(\""user:6a95307ea82f355fef83\"")""]","2026-08-31T07:45:44.855+00:00","2026-08-31T07:45:44.855+00:00","504258","false",
"6a953133bbebb71e7751","[""read(\""user:6a9530e178d1bb164be5\"")""]","2026-08-31T07:45:56.080+00:00","2026-08-31T07:45:56.080+00:00","017426","false",
"6a953138f1d4418d8912","[""read(\""user:69fc479bdef889473c82\"")""]","2026-08-31T07:46:01.307+00:00","2026-08-31T07:46:01.307+00:00","029333","false",
"6a95313c528451695167","[""read(\""user:69fc2f96badd993a4832\"")""]","2026-08-31T07:46:04.645+00:00","2026-08-31T07:46:04.645+00:00","065700","false",
"6a95313f1ec5cf2df624","[""read(\""user:69f9629be845f13b0bbd\"")""]","2026-08-31T07:46:07.423+00:00","2026-08-31T07:46:07.423+00:00","100046","false",
"6a953148d37c9527a961","[""read(\""user:6a9530e178d1bb164be5\"")""]","2026-08-31T07:46:17.091+00:00","2026-08-31T07:46:17.091+00:00","007505","false",
"6a95317585dd998ac75b","[""read(\""user:6a1908dc2e567af684af\"")""]","2026-08-31T07:47:01.977+00:00","2026-08-31T07:47:01.977+00:00","084922","false",
"6a95317f5f8a6d77d2a6","[""read(\""user:69fb066c36f10e5276a2\"")""]","2026-08-31T07:47:11.650+00:00","2026-08-31T07:47:11.650+00:00","945114","false",
"6a9531943a9b9eed87f3","[""read(\""user:69fb066c36f10e5276a2\"")""]","2026-08-31T07:47:32.545+00:00","2026-08-31T07:47:32.545+00:00","657078","false",
"6a9531d4572ed471fa36","[""read(\""user:6a952e1a000c2d88442b\"")""]","2026-08-31T07:48:36.609+00:00","2026-08-31T07:48:36.609+00:00","792445","false",
"6a9531f70ffefff300ab","[""read(\""user:6a95304f2fd3e07f1d53\"")""]","2026-08-31T07:49:11.281+00:00","2026-08-31T07:49:11.281+00:00","547256","false",
"6a95320a00da618901a8","[""read(\""user:6a9530e178d1bb164be5\"")""]","2026-08-31T07:49:30.303+00:00","2026-08-31T07:49:30.303+00:00","412409","false",
"6a95320f9d87d993dad3","[""read(\""user:6a5dce40647104b74222\"")""]","2026-08-31T07:49:35.903+00:00","2026-08-31T07:49:35.903+00:00","904234","false",
"6a953214190d700871c7","[""read(\""user:69fb066c36f10e5276a2\"")""]","2026-08-31T07:49:40.393+00:00","2026-08-31T07:49:40.393+00:00","314846","false",
"6a95321cc8acf9fd9be7","[""read(\""user:69f9629be845f13b0bbd\"")""]","2026-08-31T07:49:49.124+00:00","2026-08-31T07:49:49.124+00:00","800819","false",
"6a95321f66ec0e16359b","[""read(\""user:69fc04cd46255d74c904\"")""]","2026-08-31T07:49:51.725+00:00","2026-08-31T07:49:51.725+00:00","331959","false",
"6a953262b9b4380163e4","[""read(\""user:6a8d7a6745bb35c082c5\"")""]","2026-08-31T07:50:59.069+00:00","2026-08-31T07:50:59.069+00:00","362661","false",
"6a95328a79b7df7d544e","[""read(\""user:6a9530e178d1bb164be5\"")""]","2026-08-31T07:51:38.616+00:00","2026-08-31T07:51:38.616+00:00","789190","false",
"6a95328f7498f33db826","[""read(\""user:6a9531b690c800d03789\"")""]","2026-08-31T07:51:43.669+00:00","2026-08-31T07:51:43.669+00:00","362143","false",
"6a9532def38c49382754","[""read(\""user:6a95321ddac1930444b1\"")""]","2026-08-31T07:53:03.240+00:00","2026-08-31T07:53:03.240+00:00","571703","false",
"6a9532f3161ac0b4fdf0","[""read(\""user:6a95321ddac1930444b1\"")""]","2026-08-31T07:53:23.241+00:00","2026-08-31T07:53:23.241+00:00","173168","false",
"6a95330d0c167746f545","[""read(\""user:69f9629be845f13b0bbd\"")""]","2026-08-31T07:53:49.191+00:00","2026-08-31T07:53:49.191+00:00","975487","false",
"6a953318d75636ed91cc","[""read(\""user:6a589530e248ae486350\"")""]","2026-08-31T07:54:01.036+00:00","2026-08-31T07:54:01.036+00:00","737084","false",
"6a953363d164014ac667","[""read(\""user:6a01a87dd8485e18c27f\"")""]","2026-08-31T07:55:15.964+00:00","2026-08-31T07:55:15.964+00:00","976340","false",
"6a95336bdb7e1863625d","[""read(\""user:69fc2f96badd993a4832\"")""]","2026-08-31T07:55:24.021+00:00","2026-08-31T07:55:24.021+00:00","397584","false",
"6a9533a8e071d46bc3c1","[""read(\""user:69fc2f96badd993a4832\"")""]","2026-08-31T07:56:25.038+00:00","2026-08-31T07:56:25.038+00:00","481164","false",
"6a9533cf13ed34ffca6a","[""read(\""user:6a95330712ea7042243d\"")""]","2026-08-31T07:57:03.198+00:00","2026-08-31T07:57:03.198+00:00","811613","false",
"6a95340155913940c9e7","[""read(\""user:6a0d3cae99b18811b59f\"")""]","2026-08-31T07:57:53.487+00:00","2026-08-31T07:57:53.487+00:00","447395","false",
"6a9534159e4b9b67ab24","[""read(\""user:69fc2f96badd993a4832\"")""]","2026-08-31T07:58:13.767+00:00","2026-08-31T07:58:13.767+00:00","012053","false",
"6a95342386f1b8a5ee35","[""read(\""user:6a9531920004b108e320\"")""]","2026-08-31T07:58:27.668+00:00","2026-08-31T07:58:27.668+00:00","015757","false",
"6a9534402efdf6767de8","[""read(\""user:69eedca364dda2ff70b5\"")""]","2026-08-31T07:58:56.328+00:00","2026-08-31T07:58:56.328+00:00","398215","false",
"6a953465ceb7006dd249","[""read(\""user:69eb287e6b2fd961ba72\"")""]","2026-08-31T07:59:33.973+00:00","2026-08-31T07:59:33.973+00:00","185097","false",
"6a95349e26442f0523cb","[""read(\""user:6a89551700016ee0b448\"")""]","2026-08-31T08:00:30.298+00:00","2026-08-31T08:00:30.298+00:00","716044","false",
"6a9534b46085b5c42e2d","[""read(\""user:69fb066c36f10e5276a2\"")""]","2026-08-31T08:00:52.520+00:00","2026-08-31T08:00:52.520+00:00","169303","false",
"6a9534b4cdb31e512f71","[""read(\""user:69eedca364dda2ff70b5\"")""]","2026-08-31T08:00:53.249+00:00","2026-08-31T08:00:53.249+00:00","465605","false",
"6a9534d30ccfeebd81e6","[""read(\""user:6a644a75001733e8c612\"")""]","2026-08-31T08:01:23.177+00:00","2026-08-31T08:01:23.177+00:00","519305","false",
"6a953509d6acf235f824","[""read(\""user:6a5c61a7b7f20fe53d64\"")""]","2026-08-31T08:02:17.997+00:00","2026-08-31T08:02:17.997+00:00","112583","false",
"6a95351e2ee74c89dc21","[""read(\""user:69eedca364dda2ff70b5\"")""]","2026-08-31T08:02:38.312+00:00","2026-08-31T08:02:38.312+00:00","358957","false",
"6a95355d54379733f7a4","[""read(\""user:6a644a75001733e8c612\"")""]","2026-08-31T08:03:41.475+00:00","2026-08-31T08:03:41.475+00:00","080166","false",
"6a953560d5f061b1f36a","[""read(\""user:6a9535160006265c826f\"")""]","2026-08-31T08:03:44.994+00:00","2026-08-31T08:03:44.994+00:00","227817","false",
"6a95357c903519fe7758","[""read(\""user:6a599e15385fa03876b2\"")""]","2026-08-31T08:04:12.719+00:00","2026-08-31T08:04:12.719+00:00","583003","false",
"6a9535866c68d645f7f8","[""read(\""user:6a8d7a6745bb35c082c5\"")""]","2026-08-31T08:04:22.585+00:00","2026-08-31T08:04:22.585+00:00","973172","false",
"6a95358fb52b2ac363dd","[""read(\""user:6a8d7a6745bb35c082c5\"")""]","2026-08-31T08:04:31.851+00:00","2026-08-31T08:04:31.851+00:00","679512","false",
"6a95358fd35d356b987a","[""read(\""user:6a01a87dd8485e18c27f\"")""]","2026-08-31T08:04:31.997+00:00","2026-08-31T08:04:31.997+00:00","549181","false",
"6a95359b5204b46b2f94","[""read(\""user:6a01a87dd8485e18c27f\"")""]","2026-08-31T08:04:43.490+00:00","2026-08-31T08:04:43.490+00:00","991202","false",
"6a9535ab3914fa1d79db","[""read(\""user:69fb066c36f10e5276a2\"")""]","2026-08-31T08:04:59.365+00:00","2026-08-31T08:04:59.365+00:00","177711","false",
"6a9535f9acf098b599de","[""read(\""user:6a8d7a6745bb35c082c5\"")""]","2026-08-31T08:06:17.820+00:00","2026-08-31T08:06:17.820+00:00","477994","false",
"6a9536d37667ac0c9114","[""read(\""user:69f9796ee2f8616647d3\"")""]","2026-08-31T08:09:55.604+00:00","2026-08-31T08:09:55.604+00:00","741113","false",
"6a95376cb9fc0a852788","[""read(\""user:69ef243e28560edb97e1\"")""]","2026-08-31T08:12:28.881+00:00","2026-08-31T08:12:28.881+00:00","065260","false",
"6a9537850e89bcdb5c02","[""read(\""user:69ef243e28560edb97e1\"")""]","2026-08-31T08:12:53.193+00:00","2026-08-31T08:12:53.193+00:00","084240","false",
"6a9537a0c13a2285b078","[""read(\""user:6a95362c1e356b62a25e\"")""]","2026-08-31T08:13:20.904+00:00","2026-08-31T08:13:20.904+00:00","344351","false",
"6a9537d6dae84814a943","[""read(\""user:69b0040108f2d205a57b\"")""]","2026-08-31T08:14:15.027+00:00","2026-08-31T08:14:15.027+00:00","083957","false",
"6a95389ee2716d657263","[""read(\""user:6a8d5b32000284b9b637\"")""]","2026-08-31T08:17:35.062+00:00","2026-08-31T08:17:35.062+00:00","603731","false",
"6a9538a1b0cf567158b7","[""read(\""user:6a472a5bc794e9cfdbc6\"")""]","2026-08-31T08:17:37.844+00:00","2026-08-31T08:17:37.844+00:00","713794","false",
"6a9539a8a38c6ddb61fd","[""read(\""user:69fc31bac39273fff5ed\"")""]","2026-08-31T08:22:00.814+00:00","2026-08-31T08:22:00.814+00:00","688228","false",
"6a953a0929d6b0248602","[""read(\""user:6a472a5bc794e9cfdbc6\"")""]","2026-08-31T08:23:37.281+00:00","2026-08-31T08:23:37.281+00:00","608624","false",
"6a953a18a11655a2e858","[""read(\""user:6a8fe3d8702c252214a5\"")""]","2026-08-31T08:23:52.764+00:00","2026-08-31T08:23:52.764+00:00","319635","false",
"6a953a6a3e8e6ba70ea9","[""read(\""user:6a83dd69f1f60c6f25a6\"")""]","2026-08-31T08:25:14.392+00:00","2026-08-31T08:25:14.392+00:00","192690","false",
"6a953a9ab0829249a1a5","[""read(\""user:6a8fe3d8702c252214a5\"")""]","2026-08-31T08:26:03.175+00:00","2026-08-31T08:26:03.175+00:00","110502","false",
"6a953aa03f8dfdcc00ec","[""read(\""user:69eaf107d8192f1c7b61\"")""]","2026-08-31T08:26:08.407+00:00","2026-08-31T08:26:08.407+00:00","856255","false",
"6a953ab00a2052aadf38","[""read(\""user:6a9535160006265c826f\"")""]","2026-08-31T08:26:24.144+00:00","2026-08-31T08:26:24.144+00:00","692682","false",
"6a953ab78afff7fb5137","[""read(\""user:6a83dd69f1f60c6f25a6\"")""]","2026-08-31T08:26:31.683+00:00","2026-08-31T08:26:31.683+00:00","969088","false",
"6a953ac2e755708aa6b1","[""read(\""user:6a01a87dd8485e18c27f\"")""]","2026-08-31T08:26:43.058+00:00","2026-08-31T08:26:43.058+00:00","298982","false",
"6a953b3515fecbddb195","[""read(\""user:6a644eaa5970bb460470\"")""]","2026-08-31T08:28:37.210+00:00","2026-08-31T08:28:37.210+00:00","955738","false",
"6a953b78eda135df962a","[""read(\""user:6a1d09a694c3b9393f75\"")""]","2026-08-31T08:29:45.124+00:00","2026-08-31T08:29:45.124+00:00","734031","false",
"6a953bbc76b9dbf2e76f","[""read(\""user:6a953b2d3ee44fd6d94a\"")""]","2026-08-31T08:30:52.649+00:00","2026-08-31T08:30:52.649+00:00","513793","false",
"6a953c55b8fae280be5c","[""read(\""user:6a953bf0df9e8aef144a\"")""]","2026-08-31T08:33:26.054+00:00","2026-08-31T08:33:26.054+00:00","296529","false",
"6a953c651c217bf39b39","[""read(\""user:6a953bf0df9e8aef144a\"")""]","2026-08-31T08:33:41.418+00:00","2026-08-31T08:33:41.418+00:00","277647","false",
"6a953cc33ef97cff8fad","[""read(\""user:6a1d09a694c3b9393f75\"")""]","2026-08-31T08:35:15.552+00:00","2026-08-31T08:35:15.552+00:00","514389","false",
"6a953d0981c668b6ba63","[""read(\""user:6a1954ffcea2144611bd\"")""]","2026-08-31T08:36:25.841+00:00","2026-08-31T08:36:25.841+00:00","298370","false",
"6a953da83890db46f153","[""read(\""user:69eaf107d8192f1c7b61\"")""]","2026-08-31T08:39:04.518+00:00","2026-08-31T08:39:04.518+00:00","511300","false",
"6a953dcbd1f0f51b4b2c","[""read(\""user:6a0199fecf060cde912f\"")""]","2026-08-31T08:39:40.158+00:00","2026-08-31T08:39:40.158+00:00","725401","false",
"6a953ddb430e11f55694","[""read(\""user:6a1695c52534d637d7af\"")""]","2026-08-31T08:39:55.571+00:00","2026-08-31T08:39:55.571+00:00","839954","false",
"6a953e174903c741df2b","[""read(\""user:6a1954ffcea2144611bd\"")""]","2026-08-31T08:40:55.596+00:00","2026-08-31T08:40:55.596+00:00","125345","false",
"6a953e275f63ea2f6263","[""read(\""user:6a953ddccde9d2ae0984\"")""]","2026-08-31T08:41:11.737+00:00","2026-08-31T08:41:11.737+00:00","664950","false",
"6a953e8821e14a71a43a","[""read(\""user:6a953ddccde9d2ae0984\"")""]","2026-08-31T08:42:48.463+00:00","2026-08-31T08:42:48.463+00:00","716560","false",
"6a95405bda5fd35eb4bf","[""read(\""user:69fb08852c660eef38cc\"")""]","2026-08-31T08:50:36.061+00:00","2026-08-31T08:50:36.061+00:00","411413","false",
"6a9540854c82014874f8","[""read(\""user:69f9796ee2f8616647d3\"")""]","2026-08-31T08:51:17.552+00:00","2026-08-31T08:51:17.552+00:00","775099","false",
"6a95412a378bbb2b9621","[""read(\""user:6a76ac9700fb6ca4e5f2\"")""]","2026-08-31T08:54:02.517+00:00","2026-08-31T08:54:02.517+00:00","794324","false",
"6a9542f27f13265f185b","[""read(\""user:6a6aeddc81a17f7388cf\"")""]","2026-08-31T09:01:38.841+00:00","2026-08-31T09:01:38.841+00:00","679129","false",
"6a9542fc52fcca21341c","[""read(\""user:6a6aeddc81a17f7388cf\"")""]","2026-08-31T09:01:48.640+00:00","2026-08-31T09:01:48.640+00:00","777998","false",
"6a954303e8141b2ccbc6","[""read(\""user:6a6aeddc81a17f7388cf\"")""]","2026-08-31T09:01:56.222+00:00","2026-08-31T09:01:56.222+00:00","423375","false",
"6a95432f7c16112f8d77","[""read(\""user:6a9543117dccba352693\"")""]","2026-08-31T09:02:39.807+00:00","2026-08-31T09:02:39.807+00:00","368068","false",
"6a9543e0e0aac1f20cc4","[""read(\""user:69fae2e47893ef90d556\"")""]","2026-08-31T09:05:37.290+00:00","2026-08-31T09:05:37.290+00:00","972412","false",
"6a954432573bacf3d90b","[""read(\""user:69fd6bee137d569a966b\"")""]","2026-08-31T09:06:58.668+00:00","2026-08-31T09:06:58.668+00:00","198769","false",
"6a95443e18526a94dfb1","[""read(\""user:69fd6bee137d569a966b\"")""]","2026-08-31T09:07:10.416+00:00","2026-08-31T09:07:10.416+00:00","351791","false",
"6a95444ec943e2778404","[""read(\""user:69fd6bee137d569a966b\"")""]","2026-08-31T09:07:27.134+00:00","2026-08-31T09:07:27.134+00:00","293163","false",
"6a95447d0e0fe0ea5a29","[""read(\""user:6a1d2222619e2bb3bcd1\"")""]","2026-08-31T09:08:13.354+00:00","2026-08-31T09:08:13.354+00:00","221780","false",
"6a95454d0113d14c81c5","[""read(\""user:6a5f43e1c6ca8e9b1308\"")""]","2026-08-31T09:11:41.320+00:00","2026-08-31T09:11:41.320+00:00","132771","false",
"6a9545ae85c8c48124a0","[""read(\""user:6a9544cb0037368a7daa\"")""]","2026-08-31T09:13:18.847+00:00","2026-08-31T09:13:18.847+00:00","375025","false",
"6a954640ed8e31f7a710","[""read(\""user:6a9543117dccba352693\"")""]","2026-08-31T09:15:45.278+00:00","2026-08-31T09:15:45.278+00:00","390597","false",
"6a954685999572479b7f","[""read(\""user:6a9545ed002eeee20a4d\"")""]","2026-08-31T09:16:53.938+00:00","2026-08-31T09:16:53.938+00:00","747792","false",
"6a9546a87acf61710313","[""read(\""user:6a9545ed002eeee20a4d\"")""]","2026-08-31T09:17:28.815+00:00","2026-08-31T09:17:28.815+00:00","067722","false",
"6a95474fc97f08ba9bbb","[""read(\""user:6a5ee5ab640c5e925541\"")""]","2026-08-31T09:20:16.227+00:00","2026-08-31T09:20:16.227+00:00","987512","false",
"6a95478774a466337dad","[""read(\""user:6a72cd65707ae2b0ebd5\"")""]","2026-08-31T09:21:11.827+00:00","2026-08-31T09:21:11.827+00:00","482492","false",
"6a9547ff6617136a6a5b","[""read(\""user:6a95460a0002532f3b53\"")""]","2026-08-31T09:23:11.738+00:00","2026-08-31T09:23:11.738+00:00","215533","false",
"6a95484bc3e38292350e","[""read(\""user:69fc2f96badd993a4832\"")""]","2026-08-31T09:24:28.118+00:00","2026-08-31T09:24:28.118+00:00","807785","false",
"6a9548b1bcd39289ebc5","[""read(\""user:69fc2f96badd993a4832\"")""]","2026-08-31T09:26:10.235+00:00","2026-08-31T09:26:10.235+00:00","519261","false",
"6a9548dc8fcc3de39842","[""read(\""user:6a87f78eb7bc20b698f7\"")""]","2026-08-31T09:26:52.879+00:00","2026-08-31T09:26:52.879+00:00","092491","false",
"6a9548dccc09e99fb401","[""read(\""user:6a92ad7a00375812e075\"")""]","2026-08-31T09:26:53.146+00:00","2026-08-31T09:26:53.146+00:00","199104","false",
"6a954937eef6f931eee8","[""read(\""user:6a9544cb0037368a7daa\"")""]","2026-08-31T09:28:24.270+00:00","2026-08-31T09:28:24.270+00:00","540407","false",
"6a95495bf40636c58cda","[""read(\""user:69ec2edd58c2bace08c3\"")""]","2026-08-31T09:29:00.299+00:00","2026-08-31T09:29:00.299+00:00","463385","false",
"6a9549790e8440c8ee45","[""read(\""user:69fc2f96badd993a4832\"")""]","2026-08-31T09:29:29.358+00:00","2026-08-31T09:29:29.358+00:00","683448","false",
"6a9549eeb0ed24567e27","[""read(\""user:6a87f78eb7bc20b698f7\"")""]","2026-08-31T09:31:27.030+00:00","2026-08-31T09:31:27.030+00:00","506409","false",
"6a954a08797f8aa1bf65","[""read(\""user:6a9548d8090153395a12\"")""]","2026-08-31T09:31:52.783+00:00","2026-08-31T09:31:52.783+00:00","455330","false",
"6a954a1c68fd70794cc2","[""read(\""user:69fc2f96badd993a4832\"")""]","2026-08-31T09:32:12.714+00:00","2026-08-31T09:32:12.714+00:00","542780","false",
"6a954a1c9c370965eec9","[""read(\""user:6a9549d06d18dd5a3588\"")""]","2026-08-31T09:32:13.251+00:00","2026-08-31T09:32:13.251+00:00","844579","false",
"6a954a67a51cb3c0cda1","[""read(\""user:69ef2bc39028ce302d5c\"")""]","2026-08-31T09:33:27.969+00:00","2026-08-31T09:33:27.969+00:00","156777","false",
"6a954ad9b53b4b86ba9c","[""read(\""user:6a87f78eb7bc20b698f7\"")""]","2026-08-31T09:35:22.061+00:00","2026-08-31T09:35:22.061+00:00","535882","false",
"6a954ae5e3d9c5ba68f0","[""read(\""user:6a0ae6a42b068b2d2f5a\"")""]","2026-08-31T09:35:34.270+00:00","2026-08-31T09:35:34.270+00:00","822577","false",
"6a954b026a858c74c4b7","[""read(\""user:6a0ae6a42b068b2d2f5a\"")""]","2026-08-31T09:36:02.866+00:00","2026-08-31T09:36:02.866+00:00","367712","false",
"6a954b1e072d6412d3b3","[""read(\""user:69fc2f96badd993a4832\"")""]","2026-08-31T09:36:30.396+00:00","2026-08-31T09:36:30.396+00:00","234224","false",
"6a954b65b188ff656064","[""read(\""user:69fc2f96badd993a4832\"")""]","2026-08-31T09:37:42.085+00:00","2026-08-31T09:37:42.085+00:00","769733","false",
"6a954b7ed73a33c96cde","[""read(\""user:6a0ae6a42b068b2d2f5a\"")""]","2026-08-31T09:38:07.209+00:00","2026-08-31T09:38:07.209+00:00","306074","false",
"6a954b85e3532fb9dbb3","[""read(\""user:69f8494a3a8479bba01e\"")""]","2026-08-31T09:38:14.280+00:00","2026-08-31T09:38:14.280+00:00","889891","false",
"6a954b8de424905cbfa5","[""read(\""user:69ef2bc39028ce302d5c\"")""]","2026-08-31T09:38:22.246+00:00","2026-08-31T09:38:22.246+00:00","226471","false",
"6a954ba0b15e5270b7ea","[""read(\""user:6a954b04e5088129a531\"")""]","2026-08-31T09:38:41.061+00:00","2026-08-31T09:38:41.061+00:00","140993","false",
"6a954bcd6afbc65632c6","[""read(\""user:6a5267791e7e5690d10a\"")""]","2026-08-31T09:39:25.746+00:00","2026-08-31T09:39:25.746+00:00","101786","false",
"6a954bce7c142b2a3ee1","[""read(\""user:6a1908dc2e567af684af\"")""]","2026-08-31T09:39:26.858+00:00","2026-08-31T09:39:26.858+00:00","448818","false",
"6a954bdef0c5167b482e","[""read(\""user:69fc04cd46255d74c904\"")""]","2026-08-31T09:39:43.319+00:00","2026-08-31T09:39:43.319+00:00","202036","false",
"6a954c0326c92a048dba","[""read(\""user:69f31463a5aee697f90c\"")""]","2026-08-31T09:40:19.504+00:00","2026-08-31T09:40:19.504+00:00","165489","false",
"6a954c11c7d46be05010","[""read(\""user:69fc2f96badd993a4832\"")""]","2026-08-31T09:40:34.157+00:00","2026-08-31T09:40:34.157+00:00","705717","false",
"6a954c43335367cfde71","[""read(\""user:6a746cbea386658ad601\"")""]","2026-08-31T09:41:23.510+00:00","2026-08-31T09:41:23.510+00:00","932115","false",
"6a954ce6dcfb9b7a1cb2","[""read(\""user:6a954c4e3de38049e8e3\"")""]","2026-08-31T09:44:07.264+00:00","2026-08-31T09:44:07.264+00:00","528086","false",
"6a954d1cc3aa84b795ba","[""read(\""user:6a16a0559ae2733a0a66\"")""]","2026-08-31T09:45:01.114+00:00","2026-08-31T09:45:01.114+00:00","696441","false",
"6a954d4136014fefbef0","[""read(\""user:6a053e9a3fc5bcb1b064\"")""]","2026-08-31T09:45:37.537+00:00","2026-08-31T09:45:37.537+00:00","005190","false",
"6a954d52a3ed3fe26942","[""read(\""user:6a16a0559ae2733a0a66\"")""]","2026-08-31T09:45:55.091+00:00","2026-08-31T09:45:55.091+00:00","682426","false",
"6a954d9109143397f560","[""read(\""user:6a16a0559ae2733a0a66\"")""]","2026-08-31T09:46:57.375+00:00","2026-08-31T09:46:57.375+00:00","825435","false",
"6a954e0022c063476adc","[""read(\""user:6a0ae6a42b068b2d2f5a\"")""]","2026-08-31T09:48:49.450+00:00","2026-08-31T09:48:49.450+00:00","632297","false",
"6a954e025edb4a80f50f","[""read(\""user:6a5267791e7e5690d10a\"")""]","2026-08-31T09:48:50.742+00:00","2026-08-31T09:48:50.742+00:00","478327","false",
"6a954e082fbe46bc233f","[""read(\""user:6a0ae6a42b068b2d2f5a\"")""]","2026-08-31T09:48:56.499+00:00","2026-08-31T09:48:56.499+00:00","366410","false",
"6a954e0e45977e0abec7","[""read(\""user:69fc2f96badd993a4832\"")""]","2026-08-31T09:49:02.626+00:00","2026-08-31T09:49:02.626+00:00","018468","false",
"6a954e2d07744ede599e","[""read(\""user:6a5267791e7e5690d10a\"")""]","2026-08-31T09:49:33.362+00:00","2026-08-31T09:49:33.362+00:00","904929","false",
"6a954e2f6890357a2007","[""read(\""user:6a0ae6a42b068b2d2f5a\"")""]","2026-08-31T09:49:35.733+00:00","2026-08-31T09:49:35.733+00:00","934671","false",
"6a954e37e0ccdd6361b8","[""read(\""user:6a76b7435c1dbb343428\"")""]","2026-08-31T09:49:44.203+00:00","2026-08-31T09:49:44.203+00:00","096282","false",
"6a954e40f01ea1b17c99","[""read(\""user:69fc2f96badd993a4832\"")""]","2026-08-31T09:49:53.331+00:00","2026-08-31T09:49:53.331+00:00","466712","false",
"6a954e68988485c57b28","[""read(\""user:6a954b04e5088129a531\"")""]","2026-08-31T09:50:32.967+00:00","2026-08-31T09:50:32.967+00:00","936145","false",
"6a954e957c76e698f6f0","[""read(\""user:6a954e3ec665a2bac8a5\"")""]","2026-08-31T09:51:17.813+00:00","2026-08-31T09:51:17.813+00:00","160090","false",
"6a954eb3d590e9554c4e","[""read(\""user:6a76b7435c1dbb343428\"")""]","2026-08-31T09:51:48.225+00:00","2026-08-31T09:51:48.225+00:00","750319","false",
"6a954f6792974a9aecf8","[""read(\""user:6a5267791e7e5690d10a\"")""]","2026-08-31T09:54:48.695+00:00","2026-08-31T09:54:48.695+00:00","403243","false",
"6a954f69a6228cccea35","[""read(\""user:6a0ae6a42b068b2d2f5a\"")""]","2026-08-31T09:54:50.052+00:00","2026-08-31T09:54:50.052+00:00","278861","false",
"6a95500a9303ff182bec","[""read(\""user:69fed6f7441f83851570\"")""]","2026-08-31T09:57:30.919+00:00","2026-08-31T09:57:30.919+00:00","432828","false",
"6a955011be857e378557","[""read(\""user:6a0ae6a42b068b2d2f5a\"")""]","2026-08-31T09:57:38.115+00:00","2026-08-31T09:57:38.115+00:00","608412","false",
"6a9550120e8fee4370db","[""read(\""user:6a5267791e7e5690d10a\"")""]","2026-08-31T09:57:38.228+00:00","2026-08-31T09:57:38.228+00:00","432777","false",
"6a955021d605d18c7f1d","[""read(\""user:6a954fa7002d62a32cc1\"")""]","2026-08-31T09:57:54.222+00:00","2026-08-31T09:57:54.222+00:00","186127","false",
"6a95503d35793f6e6f84","[""read(\""user:6a9535160006265c826f\"")""]","2026-08-31T09:58:21.546+00:00","2026-08-31T09:58:21.546+00:00","437468","false",
"6a95509d62c67d843d15","[""read(\""user:6a954f9b457aa796d7e6\"")""]","2026-08-31T09:59:57.657+00:00","2026-08-31T09:59:57.657+00:00","242404","false",
"6a95515ab2a9fe162517","[""read(\""user:6a9530e178d1bb164be5\"")""]","2026-08-31T10:03:07.035+00:00","2026-08-31T10:03:07.035+00:00","110649","false",
"6a95516bc203bb30d08b","[""read(\""user:6a9530e178d1bb164be5\"")""]","2026-08-31T10:03:24.117+00:00","2026-08-31T10:03:24.117+00:00","972363","false",
"6a9551d30030a84cef01","[""read(\""user:6a954fb8001e23255734\"")""]","2026-08-31T10:05:07.125+00:00","2026-08-31T10:05:07.125+00:00","050266","false",
"6a9552101b59d5a26260","[""read(\""user:69fed6f7441f83851570\"")""]","2026-08-31T10:06:08.236+00:00","2026-08-31T10:06:08.236+00:00","625353","false",
"6a9552167fc89c233aec","[""read(\""user:6a6340a07fbf41371586\"")""]","2026-08-31T10:06:14.658+00:00","2026-08-31T10:06:14.658+00:00","607855","false",
"6a9552178e9747191186","[""read(\""user:6a9535160006265c826f\"")""]","2026-08-31T10:06:15.701+00:00","2026-08-31T10:06:15.701+00:00","319551","false",
"6a95521fd97808eecd68","[""read(\""user:6a053e9a3fc5bcb1b064\"")""]","2026-08-31T10:06:24.011+00:00","2026-08-31T10:06:24.011+00:00","938624","false",
"6a9552460c8830c81ae5","[""read(\""user:69fed6f7441f83851570\"")""]","2026-08-31T10:07:02.169+00:00","2026-08-31T10:07:02.169+00:00","969925","false",
"6a955486c872b469032c","[""read(\""user:6a8bbed41126ceaff0e7\"")""]","2026-08-31T10:16:38.951+00:00","2026-08-31T10:16:38.951+00:00","077285","false",
"6a9554f10b7502a033fb","[""read(\""user:6a8bbed41126ceaff0e7\"")""]","2026-08-31T10:18:25.159+00:00","2026-08-31T10:18:25.159+00:00","857806","false",
"6a955564168517b7965f","[""read(\""user:69eadae26e0781e47cbe\"")""]","2026-08-31T10:20:20.251+00:00","2026-08-31T10:20:20.251+00:00","450712","false",
"6a9555bf43ba1009163f","[""read(\""user:69b0040108f2d205a57b\"")""]","2026-08-31T10:21:51.379+00:00","2026-08-31T10:21:51.379+00:00","453045","false",
"6a9555eea1ea3f026477","[""read(\""user:69eadae26e0781e47cbe\"")""]","2026-08-31T10:22:38.764+00:00","2026-08-31T10:22:38.764+00:00","588284","false",
"6a9555f0c889b1145cd5","[""read(\""user:6a89593c003d046a2f99\"")""]","2026-08-31T10:22:40.930+00:00","2026-08-31T10:22:40.930+00:00","914219","false",
"6a9557144f8031ce25d1","[""read(\""user:69eadae26e0781e47cbe\"")""]","2026-08-31T10:27:32.476+00:00","2026-08-31T10:27:32.476+00:00","233530","false",
"6a9557226c19cc507c0c","[""read(\""user:6a8d6eec32a05ce5cd9e\"")""]","2026-08-31T10:27:46.549+00:00","2026-08-31T10:27:46.549+00:00","488913","false",
"6a95574ccbb1be8ae921","[""read(\""user:6a9556e057c0e985f53a\"")""]","2026-08-31T10:28:28.935+00:00","2026-08-31T10:28:28.935+00:00","967961","false",
"6a955808313aedac31ec","[""read(\""user:6a644eaa5970bb460470\"")""]","2026-08-31T10:31:36.322+00:00","2026-08-31T10:31:36.322+00:00","417751","false",
"6a955919ad5589370d40","[""read(\""user:6a644eaa5970bb460470\"")""]","2026-08-31T10:36:09.812+00:00","2026-08-31T10:36:09.812+00:00","967474","false",
"6a9559aed5a2b2ac515f","[""read(\""user:6a9559460028a394021d\"")""]","2026-08-31T10:38:38.976+00:00","2026-08-31T10:38:38.976+00:00","469458","false",
"6a955ba759c46822d40f","[""read(\""user:6a5267791e7e5690d10a\"")""]","2026-08-31T10:47:03.474+00:00","2026-08-31T10:47:03.474+00:00","114613","false",
"6a955bb770b91e352383","[""read(\""user:6a19e6e1c0957def6126\"")""]","2026-08-31T10:47:19.571+00:00","2026-08-31T10:47:19.571+00:00","440529","false",
"6a955e6dacb565ad8d73","[""read(\""user:6a955de631efcb1bdbb0\"")""]","2026-08-31T10:58:53.824+00:00","2026-08-31T10:58:53.824+00:00","267604","false",
"6a955e93e6d9699cfa93","[""read(\""user:6a955e3065e953beccfa\"")""]","2026-08-31T10:59:32.067+00:00","2026-08-31T10:59:32.067+00:00","594843","false",
"6a955f7a62f14e56e9f3","[""read(\""user:6a955e3065e953beccfa\"")""]","2026-08-31T11:03:22.728+00:00","2026-08-31T11:03:22.728+00:00","923308","false",
"6a9561bd07414dbeb78a","[""read(\""user:6a955e3065e953beccfa\"")""]","2026-08-31T11:13:01.158+00:00","2026-08-31T11:13:01.158+00:00","601922","false",
"6a9562bcf363432b6d3c","[""read(\""user:6a95618b81ab58637e10\"")""]","2026-08-31T11:17:17.109+00:00","2026-08-31T11:17:17.109+00:00","136534","false",
"6a956382cfdd30ee1e82","[""read(\""user:6a19e6e1c0957def6126\"")""]","2026-08-31T11:20:34.955+00:00","2026-08-31T11:20:34.955+00:00","741971","false",
"6a9563fa6bffd7bd2e9c","[""read(\""user:6a5267791e7e5690d10a\"")""]","2026-08-31T11:22:34.545+00:00","2026-08-31T11:22:34.545+00:00","608200","false",
"6a956456346da229530a","[""read(\""user:6a0ae6a42b068b2d2f5a\"")""]","2026-08-31T11:24:06.325+00:00","2026-08-31T11:24:06.325+00:00","518869","false",
"6a95649b6a1022c74570","[""read(\""user:6a19e6e1c0957def6126\"")""]","2026-08-31T11:25:16.464+00:00","2026-08-31T11:25:16.464+00:00","547537","false",
"6a95649cbc925738afd7","[""read(\""user:6a5267791e7e5690d10a\"")""]","2026-08-31T11:25:16.877+00:00","2026-08-31T11:25:16.877+00:00","400520","false",
"6a9564a6a242eee0dae4","[""read(\""user:6a5267791e7e5690d10a\"")""]","2026-08-31T11:25:26.776+00:00","2026-08-31T11:25:26.776+00:00","919268","false",
"6a95891d494eebb23fba","[""read(\""user:6a958895c8473b0d7257\"")""]","2026-08-31T14:01:01.424+00:00","2026-08-31T14:01:01.424+00:00","741987","false",
"6a95994709efb15f4c3b","[""read(\""user:6a847dc1003281f1a7f9\"")""]","2026-08-31T15:09:59.234+00:00","2026-08-31T15:09:59.234+00:00","814965","false",
"6a959a9fed424c56c471","[""read(\""user:6a884bfc08f77b015b8b\"")""]","2026-08-31T15:15:44.092+00:00","2026-08-31T15:15:44.092+00:00","199809","false",
"6a959b6496ebca182e9e","[""read(\""user:6a884bfc08f77b015b8b\"")""]","2026-08-31T15:19:00.733+00:00","2026-08-31T15:19:00.733+00:00","296492","false",
"6a963a093900bc30eeba","[""read(\""user:69eadae26e0781e47cbe\"")""]","2026-09-01T02:35:53.398+00:00","2026-09-01T02:35:53.398+00:00","798246","false",
"6a963e63ddef0826471e","[""read(\""user:6a954b04e5088129a531\"")""]","2026-09-01T02:54:28.218+00:00","2026-09-01T02:54:28.218+00:00","241462","false",
"6a963f444dddd29dd947","[""read(\""user:69f808c3612b193c532c\"")""]","2026-09-01T02:58:12.650+00:00","2026-09-01T02:58:12.650+00:00","755752","false",
"6a9641376d71a6a0bfb7","[""read(\""user:69eaddd743337f6647d8\"")""]","2026-09-01T03:06:31.793+00:00","2026-09-01T03:06:31.793+00:00","160559","false",
"6a964181b6601d32ff70","[""read(\""user:69eaddd743337f6647d8\"")""]","2026-09-01T03:07:46.144+00:00","2026-09-01T03:07:46.144+00:00","459232","false",
"6a9641a3dbe37586154b","[""read(\""user:69fd8172c62e6b62e454\"")""]","2026-09-01T03:08:20.227+00:00","2026-09-01T03:08:20.227+00:00","141806","false",
"6a9641b4da7c0dc4a754","[""read(\""user:69f808c3612b193c532c\"")""]","2026-09-01T03:08:37.057+00:00","2026-09-01T03:08:37.057+00:00","545308","false",
"6a9642ce26422a9e134c","[""read(\""user:69fd8172c62e6b62e454\"")""]","2026-09-01T03:13:18.666+00:00","2026-09-01T03:13:18.666+00:00","022530","false",
"6a9642ce5cf8846e9bea","[""read(\""user:69fc4df83e2dcdb30e11\"")""]","2026-09-01T03:13:18.877+00:00","2026-09-01T03:13:18.877+00:00","312248","false",
"6a9643a883c65ce6164a","[""read(\""user:6a964341a60cd508bad5\"")""]","2026-09-01T03:16:57.164+00:00","2026-09-01T03:16:57.164+00:00","367669","false",
"6a9643a9dfc89649aeed","[""read(\""user:6a96436d3f940fa54add\"")""]","2026-09-01T03:16:58.393+00:00","2026-09-01T03:16:58.393+00:00","075915","false",
"6a9643e83c59da06af95","[""read(\""user:69ec321ccfc8c17fabdc\"")""]","2026-09-01T03:18:01.045+00:00","2026-09-01T03:18:01.045+00:00","603894","false",
"6a9643f75516c9ed08b3","[""read(\""user:6a2cc941d85be33bd582\"")""]","2026-09-01T03:18:15.859+00:00","2026-09-01T03:18:15.859+00:00","491341","false",
"6a9644073731e04a8565","[""read(\""user:69ec321ccfc8c17fabdc\"")""]","2026-09-01T03:18:31.654+00:00","2026-09-01T03:18:31.654+00:00","863147","false",
"6a9644285508f3a3ba2f","[""read(\""user:6a96436d3f940fa54add\"")""]","2026-09-01T03:19:04.775+00:00","2026-09-01T03:19:04.775+00:00","646278","false",
"6a964456083d27ff9f20","[""read(\""user:6a2cc941d85be33bd582\"")""]","2026-09-01T03:19:50.429+00:00","2026-09-01T03:19:50.429+00:00","768947","false",
"6a96477103b8c7c44ec5","[""read(\""user:69fd74792cc57d1c7408\"")""]","2026-09-01T03:33:05.184+00:00","2026-09-01T03:33:05.184+00:00","904251","false",
"6a96486747a230268e45","[""read(\""user:6a8d2fddf3203a24553d\"")""]","2026-09-01T03:37:11.627+00:00","2026-09-01T03:37:11.627+00:00","848451","false",
"6a9648aea0ecda1c3513","[""read(\""user:6a96481cc3998ac69c29\"")""]","2026-09-01T03:38:22.984+00:00","2026-09-01T03:38:22.984+00:00","315013","false",
"6a96490bd714fab5420d","[""read(\""user:69eaddd743337f6647d8\"")""]","2026-09-01T03:39:56.749+00:00","2026-09-01T03:39:56.749+00:00","346313","false",
"6a964a647b02e0f7204d","[""read(\""user:6a86e3b94da61b7ed734\"")""]","2026-09-01T03:45:41.528+00:00","2026-09-01T03:45:41.528+00:00","530793","false",
"6a964dc2ae1749901984","[""read(\""user:6a83dd69f1f60c6f25a6\"")""]","2026-09-01T04:00:02.875+00:00","2026-09-01T04:00:02.875+00:00","258175","false",
"6a964e4d5fb8f506f080","[""read(\""user:69eaec4459f4d234f86a\"")""]","2026-09-01T04:02:21.638+00:00","2026-09-01T04:02:21.638+00:00","196640","false",
"6a964f310dfa5da969be","[""read(\""user:6a7069a70017bd3e0a18\"")""]","2026-09-01T04:06:09.226+00:00","2026-09-01T04:06:09.226+00:00","126618","false",
"6a96526b9978069657f4","[""read(\""user:6a69a8997ef983f6bf2e\"")""]","2026-09-01T04:19:55.782+00:00","2026-09-01T04:19:55.782+00:00","091354","false",
"6a965272ac446f6d73f8","[""read(\""user:69ef243e28560edb97e1\"")""]","2026-09-01T04:20:02.871+00:00","2026-09-01T04:20:02.871+00:00","386116","false",
"6a965283b8f18b3ccf90","[""read(\""user:6a69a8997ef983f6bf2e\"")""]","2026-09-01T04:20:19.948+00:00","2026-09-01T04:20:19.948+00:00","208482","false",
"6a9653285269976f4122","[""read(\""user:6a2cc941d85be33bd582\"")""]","2026-09-01T04:23:04.477+00:00","2026-09-01T04:23:04.477+00:00","149056","false",
"6a9653b65210d6c691e4","[""read(\""user:6a0830fd6c259d6d54b4\"")""]","2026-09-01T04:25:26.492+00:00","2026-09-01T04:25:26.492+00:00","085044","false",
"6a9653ce2526818437dc","[""read(\""user:6a758252dfde1d4d57c0\"")""]","2026-09-01T04:25:50.298+00:00","2026-09-01T04:25:50.298+00:00","683801","false",
"6a96545240f9e8c3bd93","[""read(\""user:6a9653f3f2128e0c2bbf\"")""]","2026-09-01T04:28:02.412+00:00","2026-09-01T04:28:02.412+00:00","579015","false",
"6a96556d96f6c64f7ce5","[""read(\""user:6a9654de002cc3815540\"")""]","2026-09-01T04:32:45.782+00:00","2026-09-01T04:32:45.782+00:00","832219","false",
"6a96559312d357ffcec2","[""read(\""user:6a9654de002cc3815540\"")""]","2026-09-01T04:33:23.224+00:00","2026-09-01T04:33:23.224+00:00","972154","false",
"6a9655959995d651591f","[""read(\""user:6a9653f3f2128e0c2bbf\"")""]","2026-09-01T04:33:25.777+00:00","2026-09-01T04:33:25.777+00:00","341752","false",
"6a965676b2267bfc47e7","[""read(\""user:69fc479bdef889473c82\"")""]","2026-09-01T04:37:10.895+00:00","2026-09-01T04:37:10.895+00:00","449256","false",
"6a965692ea239815a37a","[""read(\""user:69fc479bdef889473c82\"")""]","2026-09-01T04:37:39.141+00:00","2026-09-01T04:37:39.141+00:00","743758","false",
"6a9656da5a0fc354d720","[""read(\""user:6a57101441668f1ae3f1\"")""]","2026-09-01T04:38:50.511+00:00","2026-09-01T04:38:50.511+00:00","128758","false",
"6a965af01129838029ae","[""read(\""user:6a9260ad873781d99567\"")""]","2026-09-01T04:56:16.225+00:00","2026-09-01T04:56:16.225+00:00","490451","false",
"6a965b526af7256dd911","[""read(\""user:6a7d3c32a43b7d3c99ed\"")""]","2026-09-01T04:57:54.599+00:00","2026-09-01T04:57:54.599+00:00","900719","false",
"6a965b5b58775adacb48","[""read(\""user:6a7d3c32a43b7d3c99ed\"")""]","2026-09-01T04:58:03.524+00:00","2026-09-01T04:58:03.524+00:00","293525","false",
"6a965bb89d0ef70699d6","[""read(\""user:69eee2c94e415688dfa2\"")""]","2026-09-01T04:59:36.809+00:00","2026-09-01T04:59:36.809+00:00","149102","false",
"6a965c53831c342f5107","[""read(\""user:6a9260ad873781d99567\"")""]","2026-09-01T05:02:11.691+00:00","2026-09-01T05:02:11.691+00:00","423441","false",
"6a965cc8c0f1e017d2c6","[""read(\""user:6a4b7542aceeac5d8c1b\"")""]","2026-09-01T05:04:08.941+00:00","2026-09-01T05:04:08.941+00:00","610739","false",
"6a965d190f2bfb0c48c2","[""read(\""user:6a965c673e9d6334b414\"")""]","2026-09-01T05:05:29.227+00:00","2026-09-01T05:05:29.227+00:00","025980","false",
"6a965d83b511ea67a4ba","[""read(\""user:69eaddd743337f6647d8\"")""]","2026-09-01T05:07:15.950+00:00","2026-09-01T05:07:15.950+00:00","888674","false",
"6a965dc52703b0980561","[""read(\""user:6a965c4500079170f7c5\"")""]","2026-09-01T05:08:21.357+00:00","2026-09-01T05:08:21.357+00:00","200422","false",
"6a965dfae9fa4f80cd3e","[""read(\""user:6a8fdd37ac9d38d22636\"")""]","2026-09-01T05:09:15.113+00:00","2026-09-01T05:09:15.113+00:00","729441","false",
"6a965eac83578467cb83","[""read(\""user:69eb3bfb1e90e4e6956c\"")""]","2026-09-01T05:12:12.704+00:00","2026-09-01T05:12:12.704+00:00","955257","false",
"6a965ec247989a38ac50","[""read(\""user:69fc4df83e2dcdb30e11\"")""]","2026-09-01T05:12:34.476+00:00","2026-09-01T05:12:34.476+00:00","678008","false",
"6a965f153de740248b0a","[""read(\""user:69fc2f96badd993a4832\"")""]","2026-09-01T05:13:57.421+00:00","2026-09-01T05:13:57.421+00:00","741633","false",
"6a965f33dfb36a5baaa8","[""read(\""user:69fc4df83e2dcdb30e11\"")""]","2026-09-01T05:14:28.087+00:00","2026-09-01T05:14:28.087+00:00","184945","false",
"6a965f4faa169834b4b2","[""read(\""user:69fc2f96badd993a4832\"")""]","2026-09-01T05:14:55.855+00:00","2026-09-01T05:14:55.855+00:00","952423","false",
"6a965f9c06fc3beaf133","[""read(\""user:69eaddd743337f6647d8\"")""]","2026-09-01T05:16:12.185+00:00","2026-09-01T05:16:12.185+00:00","269156","false",
"6a965fcc15da1f05e9c2","[""read(\""user:69f2f0de272a2f889ff1\"")""]","2026-09-01T05:17:00.244+00:00","2026-09-01T05:17:00.244+00:00","634444","false",
"6a96600e23f0224d4db5","[""read(\""user:69eaddd743337f6647d8\"")""]","2026-09-01T05:18:06.302+00:00","2026-09-01T05:18:06.302+00:00","760697","false",
"6a96604303584135f7cc","[""read(\""user:69fc2f96badd993a4832\"")""]","2026-09-01T05:18:59.172+00:00","2026-09-01T05:18:59.172+00:00","735478","false",
"6a966083e65d96672589","[""read(\""user:6a6aeddc81a17f7388cf\"")""]","2026-09-01T05:20:04.151+00:00","2026-09-01T05:20:04.151+00:00","591857","false",
"6a96608e9a985925b25c","[""read(\""user:6a6aeddc81a17f7388cf\"")""]","2026-09-01T05:20:14.789+00:00","2026-09-01T05:20:14.789+00:00","051191","false",
"6a9660ef878589c088f8","[""read(\""user:6a6aeddc81a17f7388cf\"")""]","2026-09-01T05:21:51.783+00:00","2026-09-01T05:21:51.783+00:00","130831","false",
"6a9660f05eaa97e08b4f","[""read(\""user:69f1783fac528ba60afa\"")""]","2026-09-01T05:21:52.546+00:00","2026-09-01T05:21:52.546+00:00","655163","false",
"6a96612773c16dcacb0e","[""read(\""user:6a9660269b264c1b17cf\"")""]","2026-09-01T05:22:47.637+00:00","2026-09-01T05:22:47.637+00:00","274997","false",
"6a9661482061483e5ea4","[""read(\""user:69f8494a3a8479bba01e\"")""]","2026-09-01T05:23:20.298+00:00","2026-09-01T05:23:20.298+00:00","699671","false",
"6a96616d456ee0a92360","[""read(\""user:6a83dd69f1f60c6f25a6\"")""]","2026-09-01T05:23:57.459+00:00","2026-09-01T05:23:57.459+00:00","335094","false",
"6a96618112b4267e8f80","[""read(\""user:69fc2f96badd993a4832\"")""]","2026-09-01T05:24:17.241+00:00","2026-09-01T05:24:17.241+00:00","505102","false",
"6a9661a42078975490e6","[""read(\""user:69eaddd743337f6647d8\"")""]","2026-09-01T05:24:52.357+00:00","2026-09-01T05:24:52.357+00:00","443748","false",
"6a9661a723ba266c7887","[""read(\""user:69f8494a3a8479bba01e\"")""]","2026-09-01T05:24:55.314+00:00","2026-09-01T05:24:55.314+00:00","256620","false",
"6a9662025289f44db85c","[""read(\""user:69fc2f96badd993a4832\"")""]","2026-09-01T05:26:26.495+00:00","2026-09-01T05:26:26.495+00:00","767272","false",
"6a966271a169fdec5fff","[""read(\""user:6a83dd69f1f60c6f25a6\"")""]","2026-09-01T05:28:17.826+00:00","2026-09-01T05:28:17.826+00:00","362719","false",
"6a9662b4c9015085f8f3","[""read(\""user:6a9660269b264c1b17cf\"")""]","2026-09-01T05:29:24.978+00:00","2026-09-01T05:29:24.978+00:00","904017","false",
"6a96635282a8cc2c3178","[""read(\""user:6a7ebeb5002365494e68\"")""]","2026-09-01T05:32:02.765+00:00","2026-09-01T05:32:02.765+00:00","692129","false",
"6a966384614184c9105d","[""read(\""user:6a1908dc2e567af684af\"")""]","2026-09-01T05:32:52.775+00:00","2026-09-01T05:32:52.775+00:00","066349","false",
"6a96639adee17d373c55","[""read(\""user:6a9660269b264c1b17cf\"")""]","2026-09-01T05:33:15.072+00:00","2026-09-01T05:33:15.072+00:00","809813","false",
"6a9663e210c04f33a52d","[""read(\""user:6a1908dc2e567af684af\"")""]","2026-09-01T05:34:26.308+00:00","2026-09-01T05:34:26.308+00:00","658937","false",
"6a9665490683250d1c87","[""read(\""user:6a9660269b264c1b17cf\"")""]","2026-09-01T05:40:25.358+00:00","2026-09-01T05:40:25.358+00:00","265927","false",
"6a9665d67ca0c69e600e","[""read(\""user:6a9660269b264c1b17cf\"")""]","2026-09-01T05:42:46.653+00:00","2026-09-01T05:42:46.653+00:00","460896","false",
"6a9667021c724c825d6c","[""read(\""user:69eaec4459f4d234f86a\"")""]","2026-09-01T05:47:47.190+00:00","2026-09-01T05:47:47.190+00:00","460427","false",
"6a9667fe40764771ce7f","[""read(\""user:6a8fe1e769cc3d217822\"")""]","2026-09-01T05:51:58.418+00:00","2026-09-01T05:51:58.418+00:00","376788","false",
"6a96683b537307bc3d74","[""read(\""user:6a9666fce52662e41640\"")""]","2026-09-01T05:53:00.007+00:00","2026-09-01T05:53:00.007+00:00","974347","false",
"6a96684f3c21098a4bd6","[""read(\""user:6a9666fce52662e41640\"")""]","2026-09-01T05:53:19.421+00:00","2026-09-01T05:53:19.421+00:00","241632","false",
"6a9668a8cd96b54b4d51","[""read(\""user:6a966711001b2b30cc11\"")""]","2026-09-01T05:54:49.373+00:00","2026-09-01T05:54:49.373+00:00","116989","false",
"6a966928e6602bbf6d68","[""read(\""user:6a8bdbd773569bf1a563\"")""]","2026-09-01T05:56:57.377+00:00","2026-09-01T05:56:57.377+00:00","582835","false",
"6a96695c3461cf815949","[""read(\""user:6a9668af001d3b8e6251\"")""]","2026-09-01T05:57:48.377+00:00","2026-09-01T05:57:48.377+00:00","041290","false",
"6a9669fad60ff68b0ad6","[""read(\""user:6a966859834b99188bc0\"")""]","2026-09-01T06:00:27.073+00:00","2026-09-01T06:00:27.073+00:00","249192","false",
"6a966a5f3c291d83a759","[""read(\""user:6a9669c3414c03ce60d3\"")""]","2026-09-01T06:02:08.467+00:00","2026-09-01T06:02:08.467+00:00","300760","false",
"6a966a6dd2ce5cdadcab","[""read(\""user:6a8696d3720e3cd20061\"")""]","2026-09-01T06:02:22.611+00:00","2026-09-01T06:02:22.611+00:00","225997","false",
"6a966ada7708c206fddc","[""read(\""user:6a966a8900059fa62714\"")""]","2026-09-01T06:04:11.119+00:00","2026-09-01T06:04:11.119+00:00","564600","false",
"6a966bfc5ff29b4fc8c1","[""read(\""user:6a966bb800205b06d87d\"")""]","2026-09-01T06:09:01.130+00:00","2026-09-01T06:09:01.130+00:00","001437","false",
"6a966c77bc2d88036226","[""read(\""user:6a966c170005ad1464f0\"")""]","2026-09-01T06:11:03.915+00:00","2026-09-01T06:11:03.915+00:00","084527","false",
"6a966cc9256cc65ed466","[""read(\""user:6a966bbb000f63b6ba4c\"")""]","2026-09-01T06:12:25.310+00:00","2026-09-01T06:12:25.310+00:00","597557","false",
"6a966d20097e32579d00","[""read(\""user:6a966bbb000f63b6ba4c\"")""]","2026-09-01T06:13:52.189+00:00","2026-09-01T06:13:52.189+00:00","982389","false",
"6a966dffd2e1df4d7c68","[""read(\""user:6a8d11bb0278db7594dd\"")""]","2026-09-01T06:17:36.040+00:00","2026-09-01T06:17:36.040+00:00","847080","false",
"6a966e87513546fae8a4","[""read(\""user:6a966e383eb7d599fba9\"")""]","2026-09-01T06:19:51.499+00:00","2026-09-01T06:19:51.499+00:00","372193","false",
"6a966f46887cad88ae70","[""read(\""user:6a966dea9e3500e09af6\"")""]","2026-09-01T06:23:02.713+00:00","2026-09-01T06:23:02.713+00:00","307324","false",
"6a966fd9eb65a02a62ff","[""read(\""user:6a82e3dabaf8576c0798\"")""]","2026-09-01T06:25:30.606+00:00","2026-09-01T06:25:30.606+00:00","180319","false",
"6a96705d1716ca984dc6","[""read(\""user:6a966900a40f7ff62563\"")""]","2026-09-01T06:27:41.252+00:00","2026-09-01T06:27:41.252+00:00","924317","false",
"6a96706cceab72fe7d94","[""read(\""user:6a966900a40f7ff62563\"")""]","2026-09-01T06:27:57.081+00:00","2026-09-01T06:27:57.081+00:00","131591","false",
"6a9670b535927a63714e","[""read(\""user:6a966e73bcfad529091d\"")""]","2026-09-01T06:29:10.254+00:00","2026-09-01T06:29:10.254+00:00","476023","false",
"6a9670c73a8045e1b35b","[""read(\""user:6a82e3dabaf8576c0798\"")""]","2026-09-01T06:29:27.386+00:00","2026-09-01T06:29:27.386+00:00","628881","false",
"6a96711f0c1e9e9713dc","[""read(\""user:6a82e3dabaf8576c0798\"")""]","2026-09-01T06:30:55.194+00:00","2026-09-01T06:30:55.194+00:00","189784","false",
"6a967229d951fa3ca388","[""read(\""user:6a9671ffcd19ccd24b17\"")""]","2026-09-01T06:35:22.572+00:00","2026-09-01T06:35:22.572+00:00","240539","false",
"6a9672b923c0baedaf59","[""read(\""user:6a5727485f7c4e94f7fa\"")""]","2026-09-01T06:37:45.289+00:00","2026-09-01T06:37:45.289+00:00","453024","false",
"6a9672d1ce454e6a45f2","[""read(\""user:6a96723b998881203bec\"")""]","2026-09-01T06:38:09.994+00:00","2026-09-01T06:38:09.994+00:00","200815","false",
"6a9672f3cc09cb74eb22","[""read(\""user:6a966711001b2b30cc11\"")""]","2026-09-01T06:38:43.987+00:00","2026-09-01T06:38:43.987+00:00","803816","false",
"6a967354ab4a43bc9aaf","[""read(\""user:6a966dea9e3500e09af6\"")""]","2026-09-01T06:40:20.857+00:00","2026-09-01T06:40:20.857+00:00","157407","false",
"6a9673ba3ae185495e29","[""read(\""user:6a82e3dabaf8576c0798\"")""]","2026-09-01T06:42:02.402+00:00","2026-09-01T06:42:02.402+00:00","024896","false",
"6a9673e9415aed4d6827","[""read(\""user:69fe9584c115dc72d304\"")""]","2026-09-01T06:42:49.430+00:00","2026-09-01T06:42:49.430+00:00","907511","false",
"6a96740e620b8b00321d","[""read(\""user:6a9673d03bd9006b370d\"")""]","2026-09-01T06:43:27.524+00:00","2026-09-01T06:43:27.524+00:00","100744","false",
"6a96742aa89c19407206","[""read(\""user:6a966bb800205b06d87d\"")""]","2026-09-01T06:43:54.844+00:00","2026-09-01T06:43:54.844+00:00","479443","false",
"6a9674b20625ff759b22","[""read(\""user:6a96723b998881203bec\"")""]","2026-09-01T06:46:10.171+00:00","2026-09-01T06:46:10.171+00:00","516852","false",
"6a9675b482910b0c5262","[""read(\""user:69fe9584c115dc72d304\"")""]","2026-09-01T06:50:28.738+00:00","2026-09-01T06:50:28.738+00:00","462428","false",
"6a9676035ee9e7bb4db2","[""read(\""user:6a96754ce8161ddaabbc\"")""]","2026-09-01T06:51:47.535+00:00","2026-09-01T06:51:47.535+00:00","476497","false",
"6a967611dc1d745fdfcf","[""read(\""user:6a5727485f7c4e94f7fa\"")""]","2026-09-01T06:52:02.047+00:00","2026-09-01T06:52:02.047+00:00","713774","false",
"6a96762ebe7f8f7e4182","[""read(\""user:69fe9584c115dc72d304\"")""]","2026-09-01T06:52:31.189+00:00","2026-09-01T06:52:31.189+00:00","366540","false",
"6a96768e35cd7a700a1d","[""read(\""user:6a955e3065e953beccfa\"")""]","2026-09-01T06:54:06.379+00:00","2026-09-01T06:54:06.379+00:00","404833","false",
"6a9677572935c6ff1923","[""read(\""user:6a96768949381c3508cb\"")""]","2026-09-01T06:57:27.325+00:00","2026-09-01T06:57:27.325+00:00","741792","false",
"6a967762aec9575430a2","[""read(\""user:6a96768949381c3508cb\"")""]","2026-09-01T06:57:38.879+00:00","2026-09-01T06:57:38.879+00:00","886456","false",
"6a96776a1cf4398c525a","[""read(\""user:6a92ac91037f3cdd715e\"")""]","2026-09-01T06:57:46.280+00:00","2026-09-01T06:57:46.280+00:00","760703","false",
"6a96778410a02edd404b","[""read(\""user:6a5727485f7c4e94f7fa\"")""]","2026-09-01T06:58:12.374+00:00","2026-09-01T06:58:12.374+00:00","811329","false",
"6a96779fdce346bccc42","[""read(\""user:6a1d0834b4aa4956a50d\"")""]","2026-09-01T06:58:40.047+00:00","2026-09-01T06:58:40.047+00:00","235988","false",
"6a9677aa999a17d98674","[""read(\""user:6a9677007a73af8a5110\"")""]","2026-09-01T06:58:50.786+00:00","2026-09-01T06:58:50.786+00:00","226487","false",
"6a9677b586efed35a7bd","[""read(\""user:6a9677007a73af8a5110\"")""]","2026-09-01T06:59:01.705+00:00","2026-09-01T06:59:01.705+00:00","634273","false",
"6a9677bde027c5b37fec","[""read(\""user:6a9677007a73af8a5110\"")""]","2026-09-01T06:59:10.078+00:00","2026-09-01T06:59:10.078+00:00","852660","false",
"6a9677f1913225d768c7","[""read(\""user:6a8d3525a10fd79d595e\"")""]","2026-09-01T07:00:01.755+00:00","2026-09-01T07:00:01.755+00:00","311045","false",
"6a967841d1c95725a66d","[""read(\""user:6a9677007a73af8a5110\"")""]","2026-09-01T07:01:22.092+00:00","2026-09-01T07:01:22.092+00:00","713516","false",
"6a96784b295e5cc3c241","[""read(\""user:6a9677007a73af8a5110\"")""]","2026-09-01T07:01:31.327+00:00","2026-09-01T07:01:31.327+00:00","351204","false",
"6a96784b36e2b14b5ae2","[""read(\""user:6a9676fd002da2ad600a\"")""]","2026-09-01T07:01:31.373+00:00","2026-09-01T07:01:31.373+00:00","239657","false",
"6a96784eee07edc43ade","[""read(\""user:6a9677e3003d2af406e1\"")""]","2026-09-01T07:01:35.135+00:00","2026-09-01T07:01:35.135+00:00","991051","false",
"6a9678ab4c371c2cbed8","[""read(\""user:6a7d3c32a43b7d3c99ed\"")""]","2026-09-01T07:03:07.455+00:00","2026-09-01T07:03:07.455+00:00","779908","false",
"6a9678f842f95adb6da0","[""read(\""user:69eae0ce31a141fc37cb\"")""]","2026-09-01T07:04:24.421+00:00","2026-09-01T07:04:24.421+00:00","568716","false",
"6a96790f17fe2b02f8d2","[""read(\""user:6a9660269b264c1b17cf\"")""]","2026-09-01T07:04:47.253+00:00","2026-09-01T07:04:47.253+00:00","738740","false",
"6a967918ac2ae28b789f","[""read(\""user:6a0a8406964f802060be\"")""]","2026-09-01T07:04:56.849+00:00","2026-09-01T07:04:56.849+00:00","716483","false",
"6a9679292c94920e9f25","[""read(\""user:6a967894bb95ab8df04d\"")""]","2026-09-01T07:05:13.330+00:00","2026-09-01T07:05:13.330+00:00","288662","false",
"6a96799a548f00fc1829","[""read(\""user:6a8d3525a10fd79d595e\"")""]","2026-09-01T07:07:06.493+00:00","2026-09-01T07:07:06.493+00:00","577053","false",
"6a967a18602093c681e4","[""read(\""user:6a8d3525a10fd79d595e\"")""]","2026-09-01T07:09:12.539+00:00","2026-09-01T07:09:12.539+00:00","709014","false",
"6a967a3bcc8257c8f0a4","[""read(\""user:6a9678ef9a123e8c57ea\"")""]","2026-09-01T07:09:48.009+00:00","2026-09-01T07:09:48.009+00:00","083169","false",
"6a967a47711819fa4741","[""read(\""user:6a9678ef9a123e8c57ea\"")""]","2026-09-01T07:09:59.625+00:00","2026-09-01T07:09:59.625+00:00","094368","false",
"6a967a575f3f7b3b9d2c","[""read(\""user:6a9678ef9a123e8c57ea\"")""]","2026-09-01T07:10:15.564+00:00","2026-09-01T07:10:15.564+00:00","391529","false",
"6a967a6969d0bbec01d9","[""read(\""user:6a9678ef9a123e8c57ea\"")""]","2026-09-01T07:10:33.582+00:00","2026-09-01T07:10:33.582+00:00","695139","false",
"6a967a7ec52c30b0f3a6","[""read(\""user:6a9678ef9a123e8c57ea\"")""]","2026-09-01T07:10:54.973+00:00","2026-09-01T07:10:54.973+00:00","668256","false",
"6a967a92155113583dfe","[""read(\""user:6a5726295de5f2f26228\"")""]","2026-09-01T07:11:14.231+00:00","2026-09-01T07:11:14.231+00:00","483680","false",
"6a967a9f617e58b6bb2c","[""read(\""user:6a9676fd002da2ad600a\"")""]","2026-09-01T07:11:27.540+00:00","2026-09-01T07:11:27.540+00:00","752679","false",
"6a967ada9ad124d90850","[""read(\""user:6a850a587b4dafa9c882\"")""]","2026-09-01T07:12:26.779+00:00","2026-09-01T07:12:26.779+00:00","626127","false",
"6a967afc6c2b00996570","[""read(\""user:6a9678ef9a123e8c57ea\"")""]","2026-09-01T07:13:00.591+00:00","2026-09-01T07:13:00.591+00:00","022092","false",
"6a967b052347b133c7d0","[""read(\""user:6a850a587b4dafa9c882\"")""]","2026-09-01T07:13:09.295+00:00","2026-09-01T07:13:09.295+00:00","927983","false",
"6a967b056b1e091075ec","[""read(\""user:6a9676fd002da2ad600a\"")""]","2026-09-01T07:13:09.582+00:00","2026-09-01T07:13:09.582+00:00","910189","false",
"6a967b47dbe5fcba0751","[""read(\""user:6a967a7a498147cc0319\"")""]","2026-09-01T07:14:16.044+00:00","2026-09-01T07:14:16.044+00:00","177258","false",
"6a967b4f5e5dc9e5e682","[""read(\""user:6a9678ef9a123e8c57ea\"")""]","2026-09-01T07:14:23.538+00:00","2026-09-01T07:14:23.538+00:00","998011","false",
"6a967b53ea1401777bd4","[""read(\""user:6a967a7a498147cc0319\"")""]","2026-09-01T07:14:28.114+00:00","2026-09-01T07:14:28.114+00:00","439543","false",
"6a967b6f2c633d6401e9","[""read(\""user:6a9678ef9a123e8c57ea\"")""]","2026-09-01T07:14:55.323+00:00","2026-09-01T07:14:55.323+00:00","973042","false",
"6a967b75ce60e143d75b","[""read(\""user:6a9678ef9a123e8c57ea\"")""]","2026-09-01T07:15:01.984+00:00","2026-09-01T07:15:01.984+00:00","074623","false",
"6a967b7d877cd78a7299","[""read(\""user:6a9678ef9a123e8c57ea\"")""]","2026-09-01T07:15:09.723+00:00","2026-09-01T07:15:09.723+00:00","192043","false",
"6a967b85a7de0b7564e1","[""read(\""user:6a9678ef9a123e8c57ea\"")""]","2026-09-01T07:15:17.838+00:00","2026-09-01T07:15:17.838+00:00","442602","false",
"6a967b9767d8c5cba0c5","[""read(\""user:6a9678ef9a123e8c57ea\"")""]","2026-09-01T07:15:35.563+00:00","2026-09-01T07:15:35.563+00:00","965634","false",
"6a967ba871ee2fab5ae1","[""read(\""user:6a9678ef9a123e8c57ea\"")""]","2026-09-01T07:15:52.608+00:00","2026-09-01T07:15:52.608+00:00","700660","false",
"6a967bd5afb5d0485e65","[""read(\""user:6a9678ef9a123e8c57ea\"")""]","2026-09-01T07:16:37.925+00:00","2026-09-01T07:16:37.925+00:00","759120","false",
"6a967c2b56eb979ae2ae","[""read(\""user:6a967ae300039a2fe231\"")""]","2026-09-01T07:18:03.521+00:00","2026-09-01T07:18:03.521+00:00","932196","false",
"6a967c67c0edda934047","[""read(\""user:6a967ba0000e8009450f\"")""]","2026-09-01T07:19:03.943+00:00","2026-09-01T07:19:03.943+00:00","201082","false",
"6a967ccfca3bc96a284b","[""read(\""user:6a5dbb035536111155df\"")""]","2026-09-01T07:20:47.978+00:00","2026-09-01T07:20:47.978+00:00","541749","false",
"6a967cfa051eb3fe99b9","[""read(\""user:6a966dea9e3500e09af6\"")""]","2026-09-01T07:21:30.180+00:00","2026-09-01T07:21:30.180+00:00","862241","false",
"6a967dd3c58be5253644","[""read(\""user:6a58751f9507f4ee23d5\"")""]","2026-09-01T07:25:07.972+00:00","2026-09-01T07:25:07.972+00:00","853601","false",
"6a967df56725b6261906","[""read(\""user:69fe9584c115dc72d304\"")""]","2026-09-01T07:25:41.648+00:00","2026-09-01T07:25:41.648+00:00","435507","false",
"6a967e1b0398a28a8d65","[""read(\""user:6a8fee7a003b9a2f4938\"")""]","2026-09-01T07:26:19.170+00:00","2026-09-01T07:26:19.170+00:00","573718","false",
"6a967e7a6530c6deeb6b","[""read(\""user:6a0c184e000a1a8678e3\"")""]","2026-09-01T07:27:54.564+00:00","2026-09-01T07:27:54.564+00:00","001873","false",
"6a967ec5caa13dcf72f5","[""read(\""user:6a01b1c00006aa8ae30b\"")""]","2026-09-01T07:29:09.974+00:00","2026-09-01T07:29:09.974+00:00","980582","false",
"6a967f39a7dbf7a50c75","[""read(\""user:6a841ae500104cb924aa\"")""]","2026-09-01T07:31:05.840+00:00","2026-09-01T07:31:05.840+00:00","101595","false",
"6a967f54473c8437ee76","[""read(\""user:6a8fee7a003b9a2f4938\"")""]","2026-09-01T07:31:32.452+00:00","2026-09-01T07:31:32.452+00:00","053507","false",
"6a967f9bbe61469027d6","[""read(\""user:6a841ae500104cb924aa\"")""]","2026-09-01T07:32:43.925+00:00","2026-09-01T07:32:43.925+00:00","788340","false",
"6a967fa67984d11e7547","[""read(\""user:6a0c184e000a1a8678e3\"")""]","2026-09-01T07:32:55.177+00:00","2026-09-01T07:32:55.177+00:00","406185","false",
"6a967fe1bb25da63613d","[""read(\""user:69fe9584c115dc72d304\"")""]","2026-09-01T07:33:53.908+00:00","2026-09-01T07:33:53.908+00:00","022306","false",
"6a968016ab5563c6c4ab","[""read(\""user:6a8fee7a003b9a2f4938\"")""]","2026-09-01T07:34:46.851+00:00","2026-09-01T07:34:46.851+00:00","524329","false",
"6a9680488cc6eaf1e97b","[""read(\""user:6a841ae500104cb924aa\"")""]","2026-09-01T07:35:36.723+00:00","2026-09-01T07:35:36.723+00:00","104118","false",
"6a9680d0a588b985a808","[""read(\""user:6a87fc2a0020807e3564\"")""]","2026-09-01T07:37:52.836+00:00","2026-09-01T07:37:52.836+00:00","934068","false",
"6a9680ead3fe0ef26fe1","[""read(\""user:6a96802300173954653b\"")""]","2026-09-01T07:38:19.020+00:00","2026-09-01T07:38:19.020+00:00","435189","false",
"6a9680ee446d04cf66a9","[""read(\""user:69fc4787a3efeff28994\"")""]","2026-09-01T07:38:22.421+00:00","2026-09-01T07:38:22.421+00:00","993920","false",
"6a968121ce2aaf7d6494","[""read(\""user:6a967f6babb002807d4a\"")""]","2026-09-01T07:39:13.999+00:00","2026-09-01T07:39:13.999+00:00","344558","false",
"6a968128c7a62a8222d7","[""read(\""user:6a9680b20006502b546d\"")""]","2026-09-01T07:39:20.956+00:00","2026-09-01T07:39:20.956+00:00","304068","false",
"6a96812f2b6f74ebf6f8","[""read(\""user:6a87fc2a0020807e3564\"")""]","2026-09-01T07:39:27.321+00:00","2026-09-01T07:39:27.321+00:00","075978","false",
"6a9681671d6f8f6b337e","[""read(\""user:6a9680da3a07356589bc\"")""]","2026-09-01T07:40:23.274+00:00","2026-09-01T07:40:23.274+00:00","459519","false",
"6a968190df2c25f8c14d","[""read(\""user:6a95316a3fd252341e01\"")""]","2026-09-01T07:41:05.066+00:00","2026-09-01T07:41:05.066+00:00","714428","false",
"6a96819fdcc7c1e44ef0","[""read(\""user:6a96813f001541573dcf\"")""]","2026-09-01T07:41:20.050+00:00","2026-09-01T07:41:20.050+00:00","163235","false",
"6a9681a018cd07d55198","[""read(\""user:6a913251e5d4ca08accd\"")""]","2026-09-01T07:41:20.269+00:00","2026-09-01T07:41:20.269+00:00","397172","false",
"6a9681aab2208d125a9e","[""read(\""user:6a014a56ce8a488d1e29\"")""]","2026-09-01T07:41:30.880+00:00","2026-09-01T07:41:30.880+00:00","580316","false",
"6a9681bf265564d75eed","[""read(\""user:6a967f6babb002807d4a\"")""]","2026-09-01T07:41:51.317+00:00","2026-09-01T07:41:51.317+00:00","996728","false",
"6a9681d1cca2f2e070d5","[""read(\""user:6a1908dc2e567af684af\"")""]","2026-09-01T07:42:09.978+00:00","2026-09-01T07:42:09.978+00:00","417547","false",
"6a9681f2a5e28761b45e","[""read(\""user:69fd5499574348cfeed3\"")""]","2026-09-01T07:42:42.824+00:00","2026-09-01T07:42:42.824+00:00","789190","false",
"6a96826b22b7a54bd6af","[""read(\""user:6a96817c000303841853\"")""]","2026-09-01T07:44:43.288+00:00","2026-09-01T07:44:43.288+00:00","089777","false",
"6a968281378e699d0cb9","[""read(\""user:6a96817c000303841853\"")""]","2026-09-01T07:45:05.373+00:00","2026-09-01T07:45:05.373+00:00","325585","false",
"6a9682e005dc31c5d569","[""read(\""user:6a952952e311148a94a0\"")""]","2026-09-01T07:46:40.177+00:00","2026-09-01T07:46:40.177+00:00","563161","false",
"6a9682e51cb6d2c10608","[""read(\""user:6a79537113408575cfa4\"")""]","2026-09-01T07:46:45.265+00:00","2026-09-01T07:46:45.265+00:00","772029","false",
"6a9682f361c30866f7ad","[""read(\""user:69fd5499574348cfeed3\"")""]","2026-09-01T07:46:59.551+00:00","2026-09-01T07:46:59.551+00:00","077235","false",
"6a968303890a9223c51b","[""read(\""user:6a20f5dbb77993beb468\"")""]","2026-09-01T07:47:16.077+00:00","2026-09-01T07:47:16.077+00:00","156057","false",
"6a968303d20a00bd2005","[""read(\""user:6a79537113408575cfa4\"")""]","2026-09-01T07:47:16.156+00:00","2026-09-01T07:47:16.156+00:00","857127","false",
"6a96833845f916d4bab2","[""read(\""user:6a967f6babb002807d4a\"")""]","2026-09-01T07:48:08.438+00:00","2026-09-01T07:48:08.438+00:00","919752","false",
"6a96834266de3e018500","[""read(\""user:6a20f5dbb77993beb468\"")""]","2026-09-01T07:48:18.579+00:00","2026-09-01T07:48:18.579+00:00","352842","false",
"6a9683740f058fc94f3c","[""read(\""user:6a83dd69f1f60c6f25a6\"")""]","2026-09-01T07:49:08.209+00:00","2026-09-01T07:49:08.209+00:00","811936","false",
"6a96837ce2e211a4e60f","[""read(\""user:6a968341a50ca210d288\"")""]","2026-09-01T07:49:17.073+00:00","2026-09-01T07:49:17.073+00:00","909397","false",
"6a968380ea76de4fa0f1","[""read(\""user:6a967f6babb002807d4a\"")""]","2026-09-01T07:49:21.102+00:00","2026-09-01T07:49:21.102+00:00","831108","false",
"6a9683896a96f49a8f7d","[""read(\""user:6a1533922030846ab191\"")""]","2026-09-01T07:49:29.583+00:00","2026-09-01T07:49:29.583+00:00","891044","false",
"6a9683e6d348ccdde5ea","[""read(\""user:6a96813f001541573dcf\"")""]","2026-09-01T07:51:03.008+00:00","2026-09-01T07:51:03.008+00:00","347649","false",
"6a96840de507abf3e306","[""read(\""user:69fc2f96badd993a4832\"")""]","2026-09-01T07:51:42.085+00:00","2026-09-01T07:51:42.085+00:00","820422","false",
"6a9684168d8b48693f80","[""read(\""user:6a0c184e000a1a8678e3\"")""]","2026-09-01T07:51:50.725+00:00","2026-09-01T07:51:50.725+00:00","828108","false",
"6a968426491bf3fc2991","[""read(\""user:6a16646bd598fb2d35d5\"")""]","2026-09-01T07:52:06.445+00:00","2026-09-01T07:52:06.445+00:00","879607","false",
"6a96845b4cbea98afba3","[""read(\""user:69fae2e47893ef90d556\"")""]","2026-09-01T07:52:59.478+00:00","2026-09-01T07:52:59.478+00:00","117810","false",
"6a96847ba3e2703e0de5","[""read(\""user:69fae2e47893ef90d556\"")""]","2026-09-01T07:53:31.864+00:00","2026-09-01T07:53:31.864+00:00","948347","false",
"6a968481d8291e5d0f6a","[""read(\""user:6a0c184e000a1a8678e3\"")""]","2026-09-01T07:53:38.033+00:00","2026-09-01T07:53:38.033+00:00","860043","false",
"6a96848463ed4f741f60","[""read(\""user:69fea660a5d5bcec4f06\"")""]","2026-09-01T07:53:40.564+00:00","2026-09-01T07:53:40.564+00:00","936775","false",
"6a9684b4ed8d49670f69","[""read(\""user:69fea660a5d5bcec4f06\"")""]","2026-09-01T07:54:29.114+00:00","2026-09-01T07:54:29.114+00:00","232508","false",
"6a9685bd888e0dc07a19","[""read(\""user:6a9684f800272bb46ed7\"")""]","2026-09-01T07:58:53.712+00:00","2026-09-01T07:58:53.712+00:00","320312","false",
"6a9685ccbfc545440199","[""read(\""user:6a76d6cd6b83939316e6\"")""]","2026-09-01T07:59:08.955+00:00","2026-09-01T07:59:08.955+00:00","458234","false",
"6a9686de1b5dd2272c32","[""read(\""user:6a8d3fc060971881f258\"")""]","2026-09-01T08:03:42.278+00:00","2026-09-01T08:03:42.278+00:00","142776","false",
"6a968740c85998a44f07","[""read(\""user:6a9686e40017edaf39ec\"")""]","2026-09-01T08:05:20.986+00:00","2026-09-01T08:05:20.986+00:00","196318","false",
"6a9687915fbda9142c1a","[""read(\""user:6a9532f39b78463acadb\"")""]","2026-09-01T08:06:41.576+00:00","2026-09-01T08:06:41.576+00:00","173372","false",
"6a9687d727910a8f7de6","[""read(\""user:6a472fd9afbd782ec96d\"")""]","2026-09-01T08:07:51.314+00:00","2026-09-01T08:07:51.314+00:00","814890","false",
"6a9687fc86f1726d6224","[""read(\""user:6a95204600201c2265dc\"")""]","2026-09-01T08:08:28.706+00:00","2026-09-01T08:08:28.706+00:00","149038","false",
"6a968806cabf6fe42cb6","[""read(\""user:6a9687c20024c147833f\"")""]","2026-09-01T08:08:39.041+00:00","2026-09-01T08:08:39.041+00:00","508785","false",
"6a96880d3e20aaebeff9","[""read(\""user:6a92ad7a00375812e075\"")""]","2026-09-01T08:08:45.409+00:00","2026-09-01T08:08:45.409+00:00","225475","false",
"6a96884e71ae9d51883f","[""read(\""user:6a86d197da2d03a04f4a\"")""]","2026-09-01T08:09:50.622+00:00","2026-09-01T08:09:50.622+00:00","557926","false",
"6a9688d3976487e656b9","[""read(\""user:6a96888a1dc2fc113586\"")""]","2026-09-01T08:12:03.793+00:00","2026-09-01T08:12:03.793+00:00","824143","false",
"6a9688d3b982e7b07484","[""read(\""user:69fb08852c660eef38cc\"")""]","2026-09-01T08:12:03.921+00:00","2026-09-01T08:12:03.921+00:00","183625","false",
"6a9688e1304a491534c7","[""read(\""user:69fb08852c660eef38cc\"")""]","2026-09-01T08:12:17.359+00:00","2026-09-01T08:12:17.359+00:00","358059","false",
"6a96893c03b7fc9ebe97","[""read(\""user:69fb08852c660eef38cc\"")""]","2026-09-01T08:13:48.179+00:00","2026-09-01T08:13:48.179+00:00","455935","false",
"6a96895129c761433e2f","[""read(\""user:6a0c184e000a1a8678e3\"")""]","2026-09-01T08:14:09.349+00:00","2026-09-01T08:14:09.349+00:00","102444","false",
"6a9689faa85b3552a3f9","[""read(\""user:6a96888a1dc2fc113586\"")""]","2026-09-01T08:16:58.855+00:00","2026-09-01T08:16:58.855+00:00","182160","false",
"6a968a2bd2c1ad328026","[""read(\""user:6a7d35fc54949c5edcd5\"")""]","2026-09-01T08:17:48.031+00:00","2026-09-01T08:17:48.031+00:00","845163","false",
"6a968a3ba41d3eea9e20","[""read(\""user:6a9689f240fc1a750426\"")""]","2026-09-01T08:18:03.825+00:00","2026-09-01T08:18:03.825+00:00","832216","false",
"6a968a41650668c16daf","[""read(\""user:69fb08852c660eef38cc\"")""]","2026-09-01T08:18:09.570+00:00","2026-09-01T08:18:09.570+00:00","142340","false",
"6a968adc07a412b8fa4f","[""read(\""user:6a7d35fc54949c5edcd5\"")""]","2026-09-01T08:20:44.201+00:00","2026-09-01T08:20:44.201+00:00","774764","false",
"6a968b30e513b30f2201","[""read(\""user:6a968a7a001bb52bf1ca\"")""]","2026-09-01T08:22:09.102+00:00","2026-09-01T08:22:09.102+00:00","133025","false",
"6a968b5bcb7be3a388e2","[""read(\""user:6a968a7a001bb52bf1ca\"")""]","2026-09-01T08:22:52.003+00:00","2026-09-01T08:22:52.003+00:00","822739","false",
"6a968b6ef31c5fe0901f","[""read(\""user:6a968afcd81b8e67ff47\"")""]","2026-09-01T08:23:11.160+00:00","2026-09-01T08:23:11.160+00:00","077766","false",
"6a968b90f08acef7076d","[""read(\""user:6a968a7a001bb52bf1ca\"")""]","2026-09-01T08:23:45.139+00:00","2026-09-01T08:23:45.139+00:00","600785","false",
"6a968ba905da3303c07f","[""read(\""user:6a968a7a001bb52bf1ca\"")""]","2026-09-01T08:24:09.184+00:00","2026-09-01T08:24:09.184+00:00","595906","false",
"6a968bb64c7548db88bf","[""read(\""user:6a8d36baae37261b0b1f\"")""]","2026-09-01T08:24:22.476+00:00","2026-09-01T08:24:22.476+00:00","185440","false",
"6a968cdb770cff4b1649","[""read(\""user:6a968c124d694584a198\"")""]","2026-09-01T08:29:15.649+00:00","2026-09-01T08:29:15.649+00:00","540010","false",
"6a968d4bdc66d6f10813","[""read(\""user:6a8bc6294d7e00d3a511\"")""]","2026-09-01T08:31:08.083+00:00","2026-09-01T08:31:08.083+00:00","873014","false",
"6a968d62df83490914ae","[""read(\""user:6a968cd7000e266ee696\"")""]","2026-09-01T08:31:31.053+00:00","2026-09-01T08:31:31.053+00:00","759336","false",
"6a968de705299e8c9dba","[""read(\""user:6a08483f7d0ddbd6ebe3\"")""]","2026-09-01T08:33:43.158+00:00","2026-09-01T08:33:43.158+00:00","482732","false",
"6a968de773a780b69efe","[""read(\""user:6a08483f7d0ddbd6ebe3\"")""]","2026-09-01T08:33:43.631+00:00","2026-09-01T08:33:43.631+00:00","529999","false",
"6a968e9288e895412f21","[""read(\""user:6a0d42879fe915f202e5\"")""]","2026-09-01T08:36:34.737+00:00","2026-09-01T08:36:34.737+00:00","761106","false",
"6a968ecbe7ed411d2d6b","[""read(\""user:6a76d6cd6b83939316e6\"")""]","2026-09-01T08:37:32.108+00:00","2026-09-01T08:37:32.108+00:00","379294","false",
"6a968f3f31cdd68bbaed","[""read(\""user:6a0be9fda77182931bde\"")""]","2026-09-01T08:39:27.360+00:00","2026-09-01T08:39:27.360+00:00","717844","false",
"6a968f637bd6cc6050e5","[""read(\""user:69f3238d0a2391dd5035\"")""]","2026-09-01T08:40:03.660+00:00","2026-09-01T08:40:03.660+00:00","956852","false",
"6a968f682247bf9ceb6e","[""read(\""user:6a0eaadd41281ea806f2\"")""]","2026-09-01T08:40:08.298+00:00","2026-09-01T08:40:08.298+00:00","018572","false",
"6a9690ea778d0f2378a9","[""read(\""user:6a96901fa3f93cbce827\"")""]","2026-09-01T08:46:34.648+00:00","2026-09-01T08:46:34.648+00:00","636607","false",
"6a9690f8e616ccc326f2","[""read(\""user:6a0d42879fe915f202e5\"")""]","2026-09-01T08:46:49.125+00:00","2026-09-01T08:46:49.125+00:00","869473","false",
"6a96912570e6ca18bf46","[""read(\""user:6a92ad7a00375812e075\"")""]","2026-09-01T08:47:33.617+00:00","2026-09-01T08:47:33.617+00:00","466295","false",
"6a9691e75dceb6240e4e","[""read(\""user:6a5704c93adce6f65f84\"")""]","2026-09-01T08:50:47.534+00:00","2026-09-01T08:50:47.534+00:00","462184","false",
"6a969354abe98d02380d","[""read(\""user:6a5704c93adce6f65f84\"")""]","2026-09-01T08:56:52.870+00:00","2026-09-01T08:56:52.870+00:00","142630","false",
"6a96936aaf99b4d314d5","[""read(\""user:6a5704c93adce6f65f84\"")""]","2026-09-01T08:57:14.884+00:00","2026-09-01T08:57:14.884+00:00","751847","false",
"6a969471400869685219","[""read(\""user:6a0a985f95038261ab25\"")""]","2026-09-01T09:01:37.413+00:00","2026-09-01T09:01:37.413+00:00","205457","false",
"6a9695e7e175947ee787","[""read(\""user:6a5704c93adce6f65f84\"")""]","2026-09-01T09:07:52.074+00:00","2026-09-01T09:07:52.074+00:00","003605","false",
"6a9696fc2ad5d68c4e57","[""read(\""user:6a96967e900dbdcd03f8\"")""]","2026-09-01T09:12:28.316+00:00","2026-09-01T09:12:28.316+00:00","770899","false",
"6a969746b21ca3fe15e8","[""read(\""user:6a9696ece3890c21df8c\"")""]","2026-09-01T09:13:42.875+00:00","2026-09-01T09:13:42.875+00:00","995620","false",
"6a96974b0e42f340f0f1","[""read(\""user:6a9696a455108c50c24b\"")""]","2026-09-01T09:13:47.446+00:00","2026-09-01T09:13:47.446+00:00","958395","false",
"6a9697d478f1167cb8af","[""read(\""user:6a7c522b567f644a8865\"")""]","2026-09-01T09:16:04.644+00:00","2026-09-01T09:16:04.644+00:00","605939","false",
"6a9697d91e1d36bdcf59","[""read(\""user:69f1b787c1fbdc4cb215\"")""]","2026-09-01T09:16:09.264+00:00","2026-09-01T09:16:09.264+00:00","527897","false",
"6a969853a2d741b48849","[""read(\""user:6a7c522b567f644a8865\"")""]","2026-09-01T09:18:11.839+00:00","2026-09-01T09:18:11.839+00:00","772535","false",
"6a9698a1114ea42b2b36","[""read(\""user:6a7c522b567f644a8865\"")""]","2026-09-01T09:19:29.209+00:00","2026-09-01T09:19:29.209+00:00","969321","false",
"6a9698f7f1cba78707de","[""read(\""user:6a70452920b89d670a8a\"")""]","2026-09-01T09:20:56.135+00:00","2026-09-01T09:20:56.135+00:00","432303","false",
"6a96991063dad31d43fb","[""read(\""user:6a156d6b154846718286\"")""]","2026-09-01T09:21:20.551+00:00","2026-09-01T09:21:20.551+00:00","222110","false",
"6a9699369037cc43c0a2","[""read(\""user:69f2e7f2d60bb08821f6\"")""]","2026-09-01T09:21:58.954+00:00","2026-09-01T09:21:58.954+00:00","449120","false",
"6a969975003d07ec4d63","[""read(\""user:6a9549d06d18dd5a3588\"")""]","2026-09-01T09:23:01.159+00:00","2026-09-01T09:23:01.159+00:00","944813","false",
"6a969a1e0127fbacbb96","[""read(\""user:6a2cc941d85be33bd582\"")""]","2026-09-01T09:25:50.168+00:00","2026-09-01T09:25:50.168+00:00","012277","false",
"6a969a2922017ff703a5","[""read(\""user:6a96993647b1c0b9cba1\"")""]","2026-09-01T09:26:01.306+00:00","2026-09-01T09:26:01.306+00:00","870536","false",
"6a969a3d10fb58b354fb","[""read(\""user:6a9699f00e17b7454568\"")""]","2026-09-01T09:26:21.224+00:00","2026-09-01T09:26:21.224+00:00","121050","false",
"6a969a7aa39bf5152482","[""read(\""user:6a967f6babb002807d4a\"")""]","2026-09-01T09:27:22.808+00:00","2026-09-01T09:27:22.808+00:00","483714","false",
"6a969aa37781b23cfeaa","[""read(\""user:6a967f6babb002807d4a\"")""]","2026-09-01T09:28:03.635+00:00","2026-09-01T09:28:03.635+00:00","546921","false",
"6a969aacbc56e2d83979","[""read(\""user:6a0548507c2ecfdb65d5\"")""]","2026-09-01T09:28:12.917+00:00","2026-09-01T09:28:12.917+00:00","805834","false",
"6a969abe913df897cde9","[""read(\""user:6a0548507c2ecfdb65d5\"")""]","2026-09-01T09:28:30.739+00:00","2026-09-01T09:28:30.739+00:00","441101","false",
"6a969af2626125502419","[""read(\""user:69ef243e28560edb97e1\"")""]","2026-09-01T09:29:22.548+00:00","2026-09-01T09:29:22.548+00:00","244506","false",
"6a969b094252831a3302","[""read(\""user:6a5898727b4c19b3fa02\"")""]","2026-09-01T09:29:45.442+00:00","2026-09-01T09:29:45.442+00:00","791420","false",
"6a969b395655c5b3abea","[""read(\""user:6a0eb770e48c66c1fa5b\"")""]","2026-09-01T09:30:33.501+00:00","2026-09-01T09:30:33.501+00:00","158158","false",
"6a969b7ed57a0d7fd265","[""read(\""user:6a16646bd598fb2d35d5\"")""]","2026-09-01T09:31:43.067+00:00","2026-09-01T09:31:43.067+00:00","121513","false",
"6a969bc4ddb81a1adb73","[""read(\""user:6a96967e900dbdcd03f8\"")""]","2026-09-01T09:32:53.212+00:00","2026-09-01T09:32:53.212+00:00","230149","false",
"6a969bc8cee6ee7fddda","[""read(\""user:6a07ec74b880a6128629\"")""]","2026-09-01T09:32:56.990+00:00","2026-09-01T09:32:56.990+00:00","363266","false",
"6a969bdc22b876afa9f4","[""read(\""user:6a7069a70017bd3e0a18\"")""]","2026-09-01T09:33:16.302+00:00","2026-09-01T09:33:16.302+00:00","304115","false",
"6a969be50ce12fd6825c","[""read(\""user:6a0eb770e48c66c1fa5b\"")""]","2026-09-01T09:33:25.216+00:00","2026-09-01T09:33:25.216+00:00","692637","false",
"6a969bf9e912b71bdeaf","[""read(\""user:6a8ff02955ad972b036b\"")""]","2026-09-01T09:33:46.532+00:00","2026-09-01T09:33:46.532+00:00","257994","false",
"6a969c655e89317756d6","[""read(\""user:6a7069a70017bd3e0a18\"")""]","2026-09-01T09:35:33.525+00:00","2026-09-01T09:35:33.525+00:00","876403","false",
"6a969cd63e96416b33ca","[""read(\""user:6a5dee857ccb31e1ca4a\"")""]","2026-09-01T09:37:26.464+00:00","2026-09-01T09:37:26.464+00:00","998126","false",
"6a969d50128b57f36d13","[""read(\""user:6a07ec74b880a6128629\"")""]","2026-09-01T09:39:28.247+00:00","2026-09-01T09:39:28.247+00:00","236174","false",
"6a969d93c3891b701f31","[""read(\""user:6a8ff02955ad972b036b\"")""]","2026-09-01T09:40:35.987+00:00","2026-09-01T09:40:35.987+00:00","107755","false",
"6a969e4c7113f4921b35","[""read(\""user:6a16646bd598fb2d35d5\"")""]","2026-09-01T09:43:40.640+00:00","2026-09-01T09:43:40.640+00:00","804993","false",
"6a969f273d8be00dc37d","[""read(\""user:6a01a87dd8485e18c27f\"")""]","2026-09-01T09:47:19.436+00:00","2026-09-01T09:47:19.436+00:00","111474","false",
"6a96a07fef56894dd2e8","[""read(\""user:6a5f00455934645378b9\"")""]","2026-09-01T09:53:04.143+00:00","2026-09-01T09:53:04.143+00:00","023013","false",
"6a96a0f12d74035a3c59","[""read(\""user:6a96a0b67f9df7dbefee\"")""]","2026-09-01T09:54:57.353+00:00","2026-09-01T09:54:57.353+00:00","368219","false",
"6a96a51f31541ee708bd","[""read(\""user:69eee49ac95be3f7ff70\"")""]","2026-09-01T10:12:47.361+00:00","2026-09-01T10:12:47.361+00:00","775734","false",
"6a96a53f9cb183bc6449","[""read(\""user:69eee49ac95be3f7ff70\"")""]","2026-09-01T10:13:19.799+00:00","2026-09-01T10:13:19.799+00:00","190050","false",
"6a96a5429df810fcc830","[""read(\""user:6a5df55993f4128118db\"")""]","2026-09-01T10:13:22.827+00:00","2026-09-01T10:13:22.827+00:00","251689","false",
"6a96a60ae0573f861e85","[""read(\""user:6a5df55993f4128118db\"")""]","2026-09-01T10:16:43.101+00:00","2026-09-01T10:16:43.101+00:00","108995","false",
"6a96a6b8b5ff6786c8b6","[""read(\""user:6a5dee857ccb31e1ca4a\"")""]","2026-09-01T10:19:36.920+00:00","2026-09-01T10:19:36.920+00:00","196956","false",
"6a96a6d3a2c8ad8ad4ab","[""read(\""user:6a96a6092708128274fb\"")""]","2026-09-01T10:20:03.823+00:00","2026-09-01T10:20:03.823+00:00","366306","false",
"6a96a78f75739316f136","[""read(\""user:69f3072a0c21a9ff21cd\"")""]","2026-09-01T10:23:11.630+00:00","2026-09-01T10:23:11.630+00:00","016139","false",
"6a96a81e7ab5e019acea","[""read(\""user:6a96a6092708128274fb\"")""]","2026-09-01T10:25:34.668+00:00","2026-09-01T10:25:34.668+00:00","795406","false",
"6a96a862c370ad9cd14a","[""read(\""user:6a66ecbcdcbbd4b384d1\"")""]","2026-09-01T10:26:42.983+00:00","2026-09-01T10:26:42.983+00:00","727043","false",
"6a96a9054121e51bcea0","[""read(\""user:6a96a6092708128274fb\"")""]","2026-09-01T10:29:25.452+00:00","2026-09-01T10:29:25.452+00:00","276298","false",
"6a96a94737be30fca3af","[""read(\""user:6a0ab9cd1907dcbb4d8d\"")""]","2026-09-01T10:30:31.402+00:00","2026-09-01T10:30:31.402+00:00","956201","false",
"6a96ac25f161308ff478","[""read(\""user:6a5da04c8e52b2a4b1a9\"")""]","2026-09-01T10:42:46.150+00:00","2026-09-01T10:42:46.150+00:00","062685","false",
"6a96ac386b9d9796bb74","[""read(\""user:6a96ac121646170f1ffd\"")""]","2026-09-01T10:43:04.592+00:00","2026-09-01T10:43:04.592+00:00","815476","false",
"6a96acd33020bfcae5cb","[""read(\""user:6a5da04c8e52b2a4b1a9\"")""]","2026-09-01T10:45:39.375+00:00","2026-09-01T10:45:39.375+00:00","961951","false",
"6a96ad226f6b531e7197","[""read(\""user:6a06b6f800035577409b\"")""]","2026-09-01T10:46:58.779+00:00","2026-09-01T10:46:58.779+00:00","045541","false",
"6a96ae44b16dca8d85f1","[""read(\""user:6a8c0d8b6a51da4bfff8\"")""]","2026-09-01T10:51:48.886+00:00","2026-09-01T10:51:48.886+00:00","504976","false",
"6a96af14a760f9f9e8e0","[""read(\""user:6a1557387db058525989\"")""]","2026-09-01T10:55:16.833+00:00","2026-09-01T10:55:16.833+00:00","645043","false",
"6a96af61e420a5941b51","[""read(\""user:6a79446fa7ffa39e92e1\"")""]","2026-09-01T10:56:34.073+00:00","2026-09-01T10:56:34.073+00:00","414093","false",
"6a96af76ea90259a6d26","[""read(\""user:6a8c0d8b6a51da4bfff8\"")""]","2026-09-01T10:56:55.168+00:00","2026-09-01T10:56:55.168+00:00","017710","false",
"6a96afb0c30b43b5dc17","[""read(\""user:6a0191934b1f7c96db5a\"")""]","2026-09-01T10:57:52.945+00:00","2026-09-01T10:57:52.945+00:00","974536","false",
"6a96afdb3b25dd1b3a62","[""read(\""user:6a644eaa5970bb460470\"")""]","2026-09-01T10:58:35.454+00:00","2026-09-01T10:58:35.454+00:00","573028","false",
"6a96b06c657272f1c782","[""read(\""user:6a54a9f60004735f26d9\"")""]","2026-09-01T11:01:00.573+00:00","2026-09-01T11:01:00.573+00:00","480280","false",
"6a96b137206d5fe98d3e","[""read(\""user:6a9685857c38fe397c2e\"")""]","2026-09-01T11:04:23.270+00:00","2026-09-01T11:04:23.270+00:00","807301","false",
"6a96b141dcb93204c549","[""read(\""user:6a644eaa5970bb460470\"")""]","2026-09-01T11:04:34.049+00:00","2026-09-01T11:04:34.049+00:00","164759","false",
"6a96b22f9b63892849d9","[""read(\""user:6a96b1d6d0d08df1c34d\"")""]","2026-09-01T11:08:31.777+00:00","2026-09-01T11:08:31.777+00:00","258948","false",
"6a96b5f9df105d9f51b9","[""read(\""user:6a96b5a50079199797e6\"")""]","2026-09-01T11:24:42.062+00:00","2026-09-01T11:24:42.062+00:00","398811","false",
"6a96b6b44f628d9abd61","[""read(\""user:6a96b598003ced41a0b0\"")""]","2026-09-01T11:27:48.461+00:00","2026-09-01T11:27:48.461+00:00","129046","false",
"6a96b7ed1b664b46a08e","[""read(\""user:6a96b0609f2ce68354bb\"")""]","2026-09-01T11:33:01.257+00:00","2026-09-01T11:33:01.257+00:00","076293","false",
"6a96bf054f863054a2ab","[""read(\""user:6a96be65000a74411ff6\"")""]","2026-09-01T12:03:17.675+00:00","2026-09-01T12:03:17.675+00:00","087188","false",
"6a96dbbb8df5bb2acf8b","[""read(\""user:69b0040108f2d205a57b\"")""]","2026-09-01T14:05:47.941+00:00","2026-09-01T14:05:47.941+00:00","181316","false",
"6a9702dc75f748a82d02","[""read(\""user:6a802b9edf0e02b5c394\"")""]","2026-09-01T16:52:44.588+00:00","2026-09-01T16:52:44.588+00:00","374977","false",
"6a9718e53129390a0724","[""read(\""user:69f1a895a022ea44bd07\"")""]","2026-09-01T18:26:45.309+00:00","2026-09-01T18:26:45.309+00:00","905414","false",
"6a9719ee8350f3b95bb3","[""read(\""user:69f1a895a022ea44bd07\"")""]","2026-09-01T18:31:10.653+00:00","2026-09-01T18:31:10.653+00:00","074342","false",
"6a97901be9765d9b5d17","[""read(\""user:6a978f889f2591313b45\"")""]","2026-09-02T02:55:24.064+00:00","2026-09-02T02:55:24.064+00:00","998223","false",
"6a9791bc8eb8694a50b3","[""read(\""user:6a9790897d0e49828824\"")""]","2026-09-02T03:02:20.689+00:00","2026-09-02T03:02:20.689+00:00","664539","false",
"6a9792250edc473678d3","[""read(\""user:6a9790750033272c62a9\"")""]","2026-09-02T03:04:05.178+00:00","2026-09-02T03:04:05.178+00:00","888547","false",
"6a97922b7152249c4a69","[""read(\""user:69eaf8fb251058ccff9b\"")""]","2026-09-02T03:04:11.568+00:00","2026-09-02T03:04:11.568+00:00","322396","false",
"6a97926a6d4c160a4be5","[""read(\""user:6a9790897d0e49828824\"")""]","2026-09-02T03:05:14.555+00:00","2026-09-02T03:05:14.555+00:00","379152","false",
"6a9792e0cc188e3c7976","[""read(\""user:69f178035b3c55f1dd3d\"")""]","2026-09-02T03:07:12.946+00:00","2026-09-02T03:07:12.946+00:00","312119","false",
"6a979317cc970f63e739","[""read(\""user:6a4f144e00fac5432d2e\"")""]","2026-09-02T03:08:07.939+00:00","2026-09-02T03:08:07.939+00:00","606756","false",
"6a9793891d603565c3cd","[""read(\""user:6a97933c0001d9252a44\"")""]","2026-09-02T03:10:01.223+00:00","2026-09-02T03:10:01.223+00:00","466045","false",
"6a97942bc77ee014d4c1","[""read(\""user:6a9790897d0e49828824\"")""]","2026-09-02T03:12:43.918+00:00","2026-09-02T03:12:43.918+00:00","564867","false",
"6a9794faafce4c707e9a","[""read(\""user:6a9790897d0e49828824\"")""]","2026-09-02T03:16:10.821+00:00","2026-09-02T03:16:10.821+00:00","153502","false",
"6a97951b4d41aa01e445","[""read(\""user:69f9629be845f13b0bbd\"")""]","2026-09-02T03:16:43.422+00:00","2026-09-02T03:16:43.422+00:00","795935","false",
"6a97951e07af8ca59e6d","[""read(\""user:6a9696ece3890c21df8c\"")""]","2026-09-02T03:16:46.137+00:00","2026-09-02T03:16:46.137+00:00","617436","false",
"6a97956491904f5d6865","[""read(\""user:6a9794590023f73ee6bc\"")""]","2026-09-02T03:17:56.705+00:00","2026-09-02T03:17:56.705+00:00","637078","false",
"6a9795e50a410cd6b5fe","[""read(\""user:6a014a56ce8a488d1e29\"")""]","2026-09-02T03:20:05.152+00:00","2026-09-02T03:20:05.152+00:00","709592","false",
"6a9796000ae8785dc409","[""read(\""user:6a014a56ce8a488d1e29\"")""]","2026-09-02T03:20:32.153+00:00","2026-09-02T03:20:32.153+00:00","266139","false",
"6a979617efd3627e4a5a","[""read(\""user:69f9629be845f13b0bbd\"")""]","2026-09-02T03:20:56.100+00:00","2026-09-02T03:20:56.100+00:00","095499","false",
"6a97963e1a3630c3a548","[""read(\""user:6a014a56ce8a488d1e29\"")""]","2026-09-02T03:21:34.209+00:00","2026-09-02T03:21:34.209+00:00","179953","false",
"6a97967a9ad2a1ee31bb","[""read(\""user:6a16646bd598fb2d35d5\"")""]","2026-09-02T03:22:34.738+00:00","2026-09-02T03:22:34.738+00:00","717811","false",
"6a97969b68bdd0342379","[""read(\""user:69ff0412acae5aed095d\"")""]","2026-09-02T03:23:07.531+00:00","2026-09-02T03:23:07.531+00:00","508052","false",
"6a9796b5ea31cdd516c6","[""read(\""user:6a0e9290d9b959d29eea\"")""]","2026-09-02T03:23:34.061+00:00","2026-09-02T03:23:34.061+00:00","868169","false",
"6a9796e6df8a059715e9","[""read(\""user:69fc575d000f61a7a39a\"")""]","2026-09-02T03:24:23.020+00:00","2026-09-02T03:24:23.020+00:00","788347","false",
"6a97971a54fbe5727e8d","[""read(\""user:69fc3f611f9507e91e42\"")""]","2026-09-02T03:25:14.454+00:00","2026-09-02T03:25:14.454+00:00","874939","false",
"6a97985d67f7ca485d3d","[""read(\""user:6a5df204ccbed36c27c8\"")""]","2026-09-02T03:30:37.527+00:00","2026-09-02T03:30:37.527+00:00","595846","false",
"6a979871561b5e447991","[""read(\""user:69c1804c14a9bcf2fbd9\"")""]","2026-09-02T03:30:57.459+00:00","2026-09-02T03:30:57.459+00:00","838592","false",
"6a979982114a22703e48","[""read(\""user:69fc3f611f9507e91e42\"")""]","2026-09-02T03:35:30.174+00:00","2026-09-02T03:35:30.174+00:00","588197","false",
"6a97999b58c49d6a4b52","[""read(\""user:6a1660d38caa2208864d\"")""]","2026-09-02T03:35:55.469+00:00","2026-09-02T03:35:55.469+00:00","268614","false",
"6a9799c06156870c677c","[""read(\""user:6a951cab161725bffb87\"")""]","2026-09-02T03:36:32.511+00:00","2026-09-02T03:36:32.511+00:00","398601","false",
"6a979a1ab3d7bfcb98b7","[""read(\""user:69fc3f611f9507e91e42\"")""]","2026-09-02T03:38:02.840+00:00","2026-09-02T03:38:02.840+00:00","803168","false",
"6a979a91b2f9469893ac","[""read(\""user:69fc3f611f9507e91e42\"")""]","2026-09-02T03:40:01.836+00:00","2026-09-02T03:40:01.836+00:00","506395","false",
"6a979b8a349137141edb","[""read(\""user:69eaf05e2eb108a1625b\"")""]","2026-09-02T03:44:10.324+00:00","2026-09-02T03:44:10.324+00:00","956113","false",
"6a979be8a38eb6fdddd0","[""read(\""user:69eaf05e2eb108a1625b\"")""]","2026-09-02T03:45:44.783+00:00","2026-09-02T03:45:44.783+00:00","517068","false",
"6a979c3746c92627f610","[""read(\""user:6a979bdcdcce91306684\"")""]","2026-09-02T03:47:03.411+00:00","2026-09-02T03:47:03.411+00:00","539963","false",
"6a979d1463e81b5fdef8","[""read(\""user:6a979ca95ecd902f55c3\"")""]","2026-09-02T03:50:44.523+00:00","2026-09-02T03:50:44.523+00:00","666453","false",
"6a979da36cd4da56f577","[""read(\""user:69ff67b5002de37f2676\"")""]","2026-09-02T03:53:07.576+00:00","2026-09-02T03:53:07.576+00:00","992013","false",
"6a979dbe41325855af79","[""read(\""user:69ff67b5002de37f2676\"")""]","2026-09-02T03:53:34.380+00:00","2026-09-02T03:53:34.380+00:00","732465","false",
"6a97a1b87f4a1bdc87bc","[""read(\""user:6a97a0fae189af1da74f\"")""]","2026-09-02T04:10:32.628+00:00","2026-09-02T04:10:32.628+00:00","662512","false",
"6a97a1fb6da34ba3bd3d","[""read(\""user:6a97933c0001d9252a44\"")""]","2026-09-02T04:11:39.548+00:00","2026-09-02T04:11:39.548+00:00","035028","false",
"6a97a260ed3d9af8fa84","[""read(\""user:6a5727485f7c4e94f7fa\"")""]","2026-09-02T04:13:21.076+00:00","2026-09-02T04:13:21.076+00:00","603372","false",
"6a97a278d5e9684198e4","[""read(\""user:69ff0412acae5aed095d\"")""]","2026-09-02T04:13:45.001+00:00","2026-09-02T04:13:45.001+00:00","615512","false",
"6a97a2f5e8142772573f","[""read(\""user:6a7d35fc54949c5edcd5\"")""]","2026-09-02T04:15:50.065+00:00","2026-09-02T04:15:50.065+00:00","214800","false",
"6a97a3c1148ae9e1b374","[""read(\""user:69eedca364dda2ff70b5\"")""]","2026-09-02T04:19:13.394+00:00","2026-09-02T04:19:13.394+00:00","201962","false",
"6a97a55cee3009e233c9","[""read(\""user:6a97a537cb34ac1c5ceb\"")""]","2026-09-02T04:26:05.355+00:00","2026-09-02T04:26:05.355+00:00","646413","false",
"6a97a699d589ff331eea","[""read(\""user:6a97a52000191101c32b\"")""]","2026-09-02T04:31:22.183+00:00","2026-09-02T04:31:22.183+00:00","663454","false",
"6a97a70076bcaf62b728","[""read(\""user:6a97a5e5ae50c15edac0\"")""]","2026-09-02T04:33:04.600+00:00","2026-09-02T04:33:04.600+00:00","574405","false",
"6a97a9e310530accae8a","[""read(\""user:6a97a8fb5e41d24d1d0f\"")""]","2026-09-02T04:45:23.184+00:00","2026-09-02T04:45:23.184+00:00","643685","false",
"6a97abd5e802a5ef356f","[""read(\""user:6a85229a00388eb0b37e\"")""]","2026-09-02T04:53:42.072+00:00","2026-09-02T04:53:42.072+00:00","605078","false",
"6a97ac4f81d63eaa8ee0","[""read(\""user:6a83d054350b22e0c981\"")""]","2026-09-02T04:55:43.644+00:00","2026-09-02T04:55:43.644+00:00","454005","false",
"6a97acc4eb871c8f3ce0","[""read(\""user:6a97ab601c919f78a0e7\"")""]","2026-09-02T04:57:41.069+00:00","2026-09-02T04:57:41.069+00:00","726691","false",
"6a97ace1cea8dc079e83","[""read(\""user:6a1663aadf669507fda2\"")""]","2026-09-02T04:58:09.989+00:00","2026-09-02T04:58:09.989+00:00","050556","false",
"6a97ad19eb3613f987ab","[""read(\""user:6a168714df53cca2cade\"")""]","2026-09-02T04:59:06.077+00:00","2026-09-02T04:59:06.077+00:00","668862","false",
"6a97ae1e1531e9431e1d","[""read(\""user:6a965c673e9d6334b414\"")""]","2026-09-02T05:03:26.509+00:00","2026-09-02T05:03:26.509+00:00","847837","false",
"6a97ae624a829e77ac98","[""read(\""user:6a168714df53cca2cade\"")""]","2026-09-02T05:04:34.603+00:00","2026-09-02T05:04:34.603+00:00","193237","false",
"6a97ae62b0edf54375a3","[""read(\""user:69f1b691096899e22a8c\"")""]","2026-09-02T05:04:35.120+00:00","2026-09-02T05:04:35.120+00:00","520136","false",
"6a97ae75ee484568c827","[""read(\""user:6a97adcc543b96e8b658\"")""]","2026-09-02T05:04:54.282+00:00","2026-09-02T05:04:54.282+00:00","788901","false",
"6a97ae82a42080829024","[""read(\""user:69f1b691096899e22a8c\"")""]","2026-09-02T05:05:06.964+00:00","2026-09-02T05:05:06.964+00:00","351933","false",
"6a97ae953b615410db58","[""read(\""user:69f1b691096899e22a8c\"")""]","2026-09-02T05:05:25.566+00:00","2026-09-02T05:05:25.566+00:00","928631","false",
"6a97aeaf24cc261f32f5","[""read(\""user:69f1b691096899e22a8c\"")""]","2026-09-02T05:05:51.501+00:00","2026-09-02T05:05:51.501+00:00","569902","false",
"6a97aed0a5dc153a3286","[""read(\""user:69fd5499574348cfeed3\"")""]","2026-09-02T05:06:25.034+00:00","2026-09-02T05:06:25.034+00:00","308416","false",
"6a97aed858d65d0c1239","[""read(\""user:69eb08f952dbeac69997\"")""]","2026-09-02T05:06:32.669+00:00","2026-09-02T05:06:32.669+00:00","754953","false",
"6a97af45b83d273249d4","[""read(\""user:69f8494a3a8479bba01e\"")""]","2026-09-02T05:08:22.075+00:00","2026-09-02T05:08:22.075+00:00","092190","false",
"6a97af7d8aefc7215861","[""read(\""user:69fac55e000879b37311\"")""]","2026-09-02T05:09:17.930+00:00","2026-09-02T05:09:17.930+00:00","473650","false",
"6a97af7e33c9b188c4bc","[""read(\""user:6a97af185eb501d18944\"")""]","2026-09-02T05:09:18.533+00:00","2026-09-02T05:09:18.533+00:00","163991","false",
"6a97afa1809a3470bf11","[""read(\""user:6a0548507c2ecfdb65d5\"")""]","2026-09-02T05:09:53.846+00:00","2026-09-02T05:09:53.846+00:00","992800","false",
"6a97afe7bf768544dca9","[""read(\""user:69fc2003a6c110a4fc73\"")""]","2026-09-02T05:11:04.074+00:00","2026-09-02T05:11:04.074+00:00","480293","false",
"6a97afea92ac87f21f9b","[""read(\""user:6a0548507c2ecfdb65d5\"")""]","2026-09-02T05:11:06.895+00:00","2026-09-02T05:11:06.895+00:00","496335","false",
"6a97aff7e510927fa100","[""read(\""user:69f80f2c56936f2acf95\"")""]","2026-09-02T05:11:20.222+00:00","2026-09-02T05:11:20.222+00:00","959394","false",
"6a97affaa879153649ca","[""read(\""user:69f8494a3a8479bba01e\"")""]","2026-09-02T05:11:22.991+00:00","2026-09-02T05:11:22.991+00:00","758812","false",
"6a97b027cd1534653ca7","[""read(\""user:6a0be9fda77182931bde\"")""]","2026-09-02T05:12:08.139+00:00","2026-09-02T05:12:08.139+00:00","983501","false",
"6a97b03fb55effbaa2b7","[""read(\""user:6a0bd4f2765f6d2e9d85\"")""]","2026-09-02T05:12:32.060+00:00","2026-09-02T05:12:32.060+00:00","414940","false",
"6a97b04ae55de3d8a226","[""read(\""user:6a71985f30f64dbc12a4\"")""]","2026-09-02T05:12:43.237+00:00","2026-09-02T05:12:43.237+00:00","667621","false",
"6a97b0ca6d14dd429f77","[""read(\""user:6a4f524d133e9c595051\"")""]","2026-09-02T05:14:50.615+00:00","2026-09-02T05:14:50.615+00:00","593941","false",
"6a97b0cc2a12de26354a","[""read(\""user:6a0548507c2ecfdb65d5\"")""]","2026-09-02T05:14:52.644+00:00","2026-09-02T05:14:52.644+00:00","367468","false",
"6a97b0e1070e99c50e21","[""read(\""user:6a0548507c2ecfdb65d5\"")""]","2026-09-02T05:15:13.363+00:00","2026-09-02T05:15:13.363+00:00","343330","false",
"6a97b10f6279670f273d","[""read(\""user:6a0be9fda77182931bde\"")""]","2026-09-02T05:15:59.511+00:00","2026-09-02T05:15:59.511+00:00","219730","false",
"6a97b11aa133007a9514","[""read(\""user:69fb066c36f10e5276a2\"")""]","2026-09-02T05:16:10.792+00:00","2026-09-02T05:16:10.792+00:00","729608","false",
"6a97b17382df3f4a525b","[""read(\""user:69f8494a3a8479bba01e\"")""]","2026-09-02T05:17:39.918+00:00","2026-09-02T05:17:39.918+00:00","910296","false",
"6a97b1995454226f5c65","[""read(\""user:6a8e653a0d43fe3a0cea\"")""]","2026-09-02T05:18:17.638+00:00","2026-09-02T05:18:17.638+00:00","259783","false",
"6a97b1bc2a91a825191c","[""read(\""user:6a72e797002ae7c5f19a\"")""]","2026-09-02T05:18:52.478+00:00","2026-09-02T05:18:52.478+00:00","743801","false",
"6a97b1c14986b285f53d","[""read(\""user:6a71985f30f64dbc12a4\"")""]","2026-09-02T05:18:57.591+00:00","2026-09-02T05:18:57.591+00:00","756685","false",
"6a97b1df402f4b58b066","[""read(\""user:6a6340a07fbf41371586\"")""]","2026-09-02T05:19:27.562+00:00","2026-09-02T05:19:27.562+00:00","928963","false",
"6a97b223a3b989ec958a","[""read(\""user:69fd6bee137d569a966b\"")""]","2026-09-02T05:20:35.955+00:00","2026-09-02T05:20:35.955+00:00","763057","false",
"6a97b22f52222ff5093d","[""read(\""user:69eb339e3fb5bd4ee84a\"")""]","2026-09-02T05:20:47.630+00:00","2026-09-02T05:20:47.630+00:00","519140","false",
"6a97b35852aaf4d52d6b","[""read(\""user:6a6340a07fbf41371586\"")""]","2026-09-02T05:25:44.634+00:00","2026-09-02T05:25:44.634+00:00","928575","false",
"6a97b38694f7e688c2cb","[""read(\""user:6a97af185eb501d18944\"")""]","2026-09-02T05:26:30.924+00:00","2026-09-02T05:26:30.924+00:00","530765","false",
"6a97b3fa8dd0abe3c470","[""read(\""user:69fd6bee137d569a966b\"")""]","2026-09-02T05:28:26.862+00:00","2026-09-02T05:28:26.862+00:00","563176","false",
"6a97b433245fda95f42b","[""read(\""user:6a97b37b8abe8ad92d44\"")""]","2026-09-02T05:29:23.442+00:00","2026-09-02T05:29:23.442+00:00","490484","false",
"6a97b49d4ee470160ece","[""read(\""user:6a97b37b8abe8ad92d44\"")""]","2026-09-02T05:31:09.611+00:00","2026-09-02T05:31:09.611+00:00","861826","false",
"6a97b4d044492e156885","[""read(\""user:69fd6bee137d569a966b\"")""]","2026-09-02T05:32:00.858+00:00","2026-09-02T05:32:00.858+00:00","744960","false",
"6a97b689ca13cf981e74","[""read(\""user:6a97b6439418b0fe68ff\"")""]","2026-09-02T05:39:22.139+00:00","2026-09-02T05:39:22.139+00:00","920095","false",
"6a97b6ed7119e2f95b4a","[""read(\""user:69ef30a0283401ef6d85\"")""]","2026-09-02T05:41:01.790+00:00","2026-09-02T05:41:01.790+00:00","629868","false",
"6a97b738bce3598afa76","[""read(\""user:6a97b6439418b0fe68ff\"")""]","2026-09-02T05:42:17.064+00:00","2026-09-02T05:42:17.064+00:00","612244","false",
"6a97b75e8af8968beaaa","[""read(\""user:69ef30a0283401ef6d85\"")""]","2026-09-02T05:42:54.869+00:00","2026-09-02T05:42:54.869+00:00","454004","false",
"6a97b7754a7339969834","[""read(\""user:69ef30a0283401ef6d85\"")""]","2026-09-02T05:43:17.627+00:00","2026-09-02T05:43:17.627+00:00","259756","false",
"6a97b77794e645e88542","[""read(\""user:6a85447803b77a9f35ae\"")""]","2026-09-02T05:43:19.898+00:00","2026-09-02T05:43:19.898+00:00","860121","false",
"6a97b7d5bd888a1409f3","[""read(\""user:6a97b6439418b0fe68ff\"")""]","2026-09-02T05:44:54.077+00:00","2026-09-02T05:44:54.077+00:00","086438","false",
"6a97b8078358662ffb30","[""read(\""user:69fd761e316f2de68732\"")""]","2026-09-02T05:45:43.817+00:00","2026-09-02T05:45:43.817+00:00","028783","false",
"6a97b83cdba43fc124dd","[""read(\""user:6a97b7246c6c262cc435\"")""]","2026-09-02T05:46:37.194+00:00","2026-09-02T05:46:37.194+00:00","243746","false",
"6a97b84d911ea0360e68","[""read(\""user:6a97b7246c6c262cc435\"")""]","2026-09-02T05:46:53.873+00:00","2026-09-02T05:46:53.873+00:00","845312","false",
"6a97b87dc8be474b8c7d","[""read(\""user:6a5da0ea2ff4ffb0f297\"")""]","2026-09-02T05:47:42.115+00:00","2026-09-02T05:47:42.115+00:00","930725","false",
"6a97b896444590898dbe","[""read(\""user:6a97b6439418b0fe68ff\"")""]","2026-09-02T05:48:06.558+00:00","2026-09-02T05:48:06.558+00:00","127582","false",
"6a97b91f13e706c623e6","[""read(\""user:6a97b6439418b0fe68ff\"")""]","2026-09-02T05:50:23.392+00:00","2026-09-02T05:50:23.392+00:00","459764","false",
"6a97b9d1b7423da14531","[""read(\""user:6a5da0ea2ff4ffb0f297\"")""]","2026-09-02T05:53:22.073+00:00","2026-09-02T05:53:22.073+00:00","862788","false",
"6a97b9d7225a13e0ec31","[""read(\""user:6a97b91b392b20c1d480\"")""]","2026-09-02T05:53:27.449+00:00","2026-09-02T05:53:27.449+00:00","275684","false",
"6a97b9eb950e1e249085","[""read(\""user:6a97b9b381e754783380\"")""]","2026-09-02T05:53:47.897+00:00","2026-09-02T05:53:47.897+00:00","393660","false",
"6a97ba504c408600db7b","[""read(\""user:6a97b9b381e754783380\"")""]","2026-09-02T05:55:28.602+00:00","2026-09-02T05:55:28.602+00:00","380895","false",
"6a97ba9e80afa2694d28","[""read(\""user:6a97b9ec00304b33869c\"")""]","2026-09-02T05:56:46.837+00:00","2026-09-02T05:56:46.837+00:00","779913","false",
"6a97baa701692dfd90fe","[""read(\""user:6a97ba49000c76ba8ce1\"")""]","2026-09-02T05:56:55.304+00:00","2026-09-02T05:56:55.304+00:00","080616","false",
"6a97bad469561015e30b","[""read(\""user:6a97ba07ccf5ac1e90d7\"")""]","2026-09-02T05:57:40.711+00:00","2026-09-02T05:57:40.711+00:00","827975","false",
"6a97bb04b1e00322affd","[""read(\""user:6a5b070b00352d58aef2\"")""]","2026-09-02T05:58:29.034+00:00","2026-09-02T05:58:29.034+00:00","778216","false",
"6a97bb89e2590ce842d3","[""read(\""user:69fae2e47893ef90d556\"")""]","2026-09-02T06:00:42.230+00:00","2026-09-02T06:00:42.230+00:00","066193","false",
"6a97bbd78df513c3ec79","[""read(\""user:6a97bb3900205ab37ee3\"")""]","2026-09-02T06:01:59.894+00:00","2026-09-02T06:01:59.894+00:00","531969","false",
"6a97bbe0e142ca9629ea","[""read(\""user:6a97bbb76d5cdaf55ed5\"")""]","2026-09-02T06:02:09.236+00:00","2026-09-02T06:02:09.236+00:00","423558","false",
"6a97bc34ad33c52c8072","[""read(\""user:6a97bad6bea06fed6e26\"")""]","2026-09-02T06:03:33.014+00:00","2026-09-02T06:03:33.014+00:00","312931","false",
"6a97bc3bd543a732b9e6","[""read(\""user:69fae2e47893ef90d556\"")""]","2026-09-02T06:03:40.166+00:00","2026-09-02T06:03:40.166+00:00","682691","false",
"6a97bd10bd43fb2926eb","[""read(\""user:6a97bad6bea06fed6e26\"")""]","2026-09-02T06:07:13.081+00:00","2026-09-02T06:07:13.081+00:00","648587","false",
"6a97bd4967e444e4e591","[""read(\""user:6a97bce960061e91e063\"")""]","2026-09-02T06:08:09.724+00:00","2026-09-02T06:08:09.724+00:00","032703","false",
"6a97bdaf200b97ed7c89","[""read(\""user:6a97bad6bea06fed6e26\"")""]","2026-09-02T06:09:51.421+00:00","2026-09-02T06:09:51.421+00:00","544114","false",
"6a97be1159b5b05041e0","[""read(\""user:69eed655a4e09606d806\"")""]","2026-09-02T06:11:29.670+00:00","2026-09-02T06:11:29.670+00:00","094162","false",
"6a97be30f08dce7b0634","[""read(\""user:6a97bad6bea06fed6e26\"")""]","2026-09-02T06:12:01.296+00:00","2026-09-02T06:12:01.296+00:00","666127","false",
"6a97be73f31c10f673af","[""read(\""user:6a97bdc60006a0853786\"")""]","2026-09-02T06:13:08.281+00:00","2026-09-02T06:13:08.281+00:00","612476","false",
"6a97be8deea48bf0609b","[""read(\""user:6a97bad6bea06fed6e26\"")""]","2026-09-02T06:13:34.286+00:00","2026-09-02T06:13:34.286+00:00","927490","false",
"6a97beebc33b375b4e7b","[""read(\""user:69eed655a4e09606d806\"")""]","2026-09-02T06:15:08.121+00:00","2026-09-02T06:15:08.121+00:00","055536","false",
"6a97bf41d959e30256bb","[""read(\""user:6a72e797002ae7c5f19a\"")""]","2026-09-02T06:16:34.219+00:00","2026-09-02T06:16:34.219+00:00","680092","false",
"6a97bf49a69b484050e9","[""read(\""user:6a97bad6bea06fed6e26\"")""]","2026-09-02T06:16:42.101+00:00","2026-09-02T06:16:42.101+00:00","350574","false",
"6a97c04c75c50c8dd450","[""read(\""user:6a97b7246c6c262cc435\"")""]","2026-09-02T06:21:00.844+00:00","2026-09-02T06:21:00.844+00:00","858349","false",
"6a97c065e85282740e04","[""read(\""user:69fae2e47893ef90d556\"")""]","2026-09-02T06:21:26.260+00:00","2026-09-02T06:21:26.260+00:00","278886","false",
"6a97c065f24b78c433dd","[""read(\""user:6a8fe98a9acf3ecf69b9\"")""]","2026-09-02T06:21:26.322+00:00","2026-09-02T06:21:26.322+00:00","283168","false",
"6a97c0d405c4c3098564","[""read(\""user:6a5c60cdc8b76632ac0d\"")""]","2026-09-02T06:23:16.357+00:00","2026-09-02T06:23:16.357+00:00","105644","false",
"6a97c189afb7fccd67d9","[""read(\""user:69fae2e47893ef90d556\"")""]","2026-09-02T06:26:18.017+00:00","2026-09-02T06:26:18.017+00:00","905081","false",
"6a97c1ae21bfb7aec300","[""read(\""user:69eadeb7593314f8f446\"")""]","2026-09-02T06:26:55.017+00:00","2026-09-02T06:26:55.017+00:00","432867","false",
"6a97c1cd47d9a4195d78","[""read(\""user:6a6aed4c6bfb9c395408\"")""]","2026-09-02T06:27:25.600+00:00","2026-09-02T06:27:25.600+00:00","568516","false",
"6a97c1e64e622c732f3b","[""read(\""user:6a9677e3003d2af406e1\"")""]","2026-09-02T06:27:50.956+00:00","2026-09-02T06:27:50.956+00:00","848841","false",
"6a97c1fb83e20b07113d","[""read(\""user:6a9677e3003d2af406e1\"")""]","2026-09-02T06:28:11.873+00:00","2026-09-02T06:28:11.873+00:00","149338","false",
"6a97c1ff5ee0400d8b00","[""read(\""user:6a97c17b1b38186739c7\"")""]","2026-09-02T06:28:15.691+00:00","2026-09-02T06:28:15.691+00:00","343089","false",
"6a97c2139b00d94504f3","[""read(\""user:6a97c0eb002bb781a253\"")""]","2026-09-02T06:28:35.951+00:00","2026-09-02T06:28:35.951+00:00","946472","false",
"6a97c2520359950cf2ed","[""read(\""user:69eadeb7593314f8f446\"")""]","2026-09-02T06:29:38.371+00:00","2026-09-02T06:29:38.371+00:00","077724","false",
"6a97c2fd34b4c022b622","[""read(\""user:69eadeb7593314f8f446\"")""]","2026-09-02T06:32:29.507+00:00","2026-09-02T06:32:29.507+00:00","821002","false",
"6a97c383b12991c1caca","[""read(\""user:6a97c313bc58f4ac1582\"")""]","2026-09-02T06:34:44.024+00:00","2026-09-02T06:34:44.024+00:00","732725","false",
"6a97c435ef30c33fc015","[""read(\""user:6a97c336af2e46cd8530\"")""]","2026-09-02T06:37:42.268+00:00","2026-09-02T06:37:42.268+00:00","841373","false",
"6a97c4e7e55484f54ea0","[""read(\""user:69eadeb7593314f8f446\"")""]","2026-09-02T06:40:40.348+00:00","2026-09-02T06:40:40.348+00:00","941480","false",
"6a97c52fec1b2496f3d7","[""read(\""user:69fb066c36f10e5276a2\"")""]","2026-09-02T06:41:52.266+00:00","2026-09-02T06:41:52.266+00:00","056586","false",
"6a97c6ad51f88c51fb5d","[""read(\""user:6a472fd9afbd782ec96d\"")""]","2026-09-02T06:48:13.775+00:00","2026-09-02T06:48:13.775+00:00","155448","false",
"6a97c82fdbe684fea66d","[""read(\""user:6a979f3b02beba9b4825\"")""]","2026-09-02T06:54:40.350+00:00","2026-09-02T06:54:40.350+00:00","071909","false",
"6a97c8cd62b22a7eeaa4","[""read(\""user:6a97c87867dbc0acd3ab\"")""]","2026-09-02T06:57:17.838+00:00","2026-09-02T06:57:17.838+00:00","800958","false",
"6a97c8d550a94ba52253","[""read(\""user:6a97c88edcc2fd8c3f16\"")""]","2026-09-02T06:57:25.865+00:00","2026-09-02T06:57:25.865+00:00","626760","false",
"6a97c8e41e5f053d8ee2","[""read(\""user:6a5ee5ab640c5e925541\"")""]","2026-09-02T06:57:40.566+00:00","2026-09-02T06:57:40.566+00:00","156592","false",
"6a97c9355650dd003afd","[""read(\""user:69fc4df83e2dcdb30e11\"")""]","2026-09-02T06:59:01.767+00:00","2026-09-02T06:59:01.767+00:00","130561","false",
"6a97c9c7513caecf40d5","[""read(\""user:6a014a56ce8a488d1e29\"")""]","2026-09-02T07:01:27.788+00:00","2026-09-02T07:01:27.788+00:00","241594","false",
"6a97c9ccda9e0833fec9","[""read(\""user:6a1ac42ca7a98f40fdbc\"")""]","2026-09-02T07:01:33.370+00:00","2026-09-02T07:01:33.370+00:00","090866","false",
"6a97ca2dc6e1124cd92d","[""read(\""user:6a4f51ee66fe655990fb\"")""]","2026-09-02T07:03:10.323+00:00","2026-09-02T07:03:10.323+00:00","954521","false",
"6a97ca66d20a228c01de","[""read(\""user:6a0eb770e48c66c1fa5b\"")""]","2026-09-02T07:04:07.383+00:00","2026-09-02T07:04:07.383+00:00","672804","false",
"6a97cad559ead3c06fb7","[""read(\""user:6a2650066e69746ab0f5\"")""]","2026-09-02T07:05:57.956+00:00","2026-09-02T07:05:57.956+00:00","560834","false",
"6a97cb180877f18f03ab","[""read(\""user:6a1ac42ca7a98f40fdbc\"")""]","2026-09-02T07:07:04.622+00:00","2026-09-02T07:07:04.622+00:00","421116","false",
"6a97cc6f997fa28e7e13","[""read(\""user:69ff67b5002de37f2676\"")""]","2026-09-02T07:12:48.072+00:00","2026-09-02T07:12:48.072+00:00","641556","false",
"6a97cd26b1ac1fa8a478","[""read(\""user:6a952952e311148a94a0\"")""]","2026-09-02T07:15:51.158+00:00","2026-09-02T07:15:51.158+00:00","142253","false",
"6a97cd3bea3807056c89","[""read(\""user:6a97cce451d08746f508\"")""]","2026-09-02T07:16:12.402+00:00","2026-09-02T07:16:12.402+00:00","116989","false",
"6a97cd5c1df00d6c697e","[""read(\""user:6a97cce451d08746f508\"")""]","2026-09-02T07:16:44.563+00:00","2026-09-02T07:16:44.563+00:00","791471","false",
"6a97ce581ae46d8ad00f","[""read(\""user:6a952952e311148a94a0\"")""]","2026-09-02T07:20:56.560+00:00","2026-09-02T07:20:56.560+00:00","490015","false",
"6a97ce7b9ad2f0f3e103","[""read(\""user:6a5c61a7b7f20fe53d64\"")""]","2026-09-02T07:21:32.046+00:00","2026-09-02T07:21:32.046+00:00","842883","false",
"6a97ce8da0a39a6d63ac","[""read(\""user:6a97cdb40870f8adee73\"")""]","2026-09-02T07:21:50.119+00:00","2026-09-02T07:21:50.119+00:00","960222","false",
"6a97ceb4de78198683b6","[""read(\""user:69c1804c14a9bcf2fbd9\"")""]","2026-09-02T07:22:29.346+00:00","2026-09-02T07:22:29.346+00:00","785515","false",
"6a97ced59d6cf145e8c2","[""read(\""user:6a97cdc5a472e8c850fa\"")""]","2026-09-02T07:23:02.094+00:00","2026-09-02T07:23:02.094+00:00","717515","false",
"6a97cf0789bd37d7e605","[""read(\""user:6a92b04760c28f90515b\"")""]","2026-09-02T07:23:52.105+00:00","2026-09-02T07:23:52.105+00:00","312691","false",
"6a97cf17dd9331e3ac59","[""read(\""user:6a97ce51d49faea0784d\"")""]","2026-09-02T07:24:08.345+00:00","2026-09-02T07:24:08.345+00:00","370911","false",
"6a97cf1e1f73374f2787","[""read(\""user:6a1ac42ca7a98f40fdbc\"")""]","2026-09-02T07:24:14.576+00:00","2026-09-02T07:24:14.576+00:00","451148","false",
"6a97cf4372420cfa40ff","[""read(\""user:6a97b6439418b0fe68ff\"")""]","2026-09-02T07:24:51.947+00:00","2026-09-02T07:24:51.947+00:00","499245","false",
"6a97cfa3ef16f94b2dd0","[""read(\""user:6a90fb9e061fe3fb8b79\"")""]","2026-09-02T07:26:28.473+00:00","2026-09-02T07:26:28.473+00:00","125230","false",
"6a97cfa78cfe804dc686","[""read(\""user:6a5c7275ab21a5fa84dc\"")""]","2026-09-02T07:26:32.020+00:00","2026-09-02T07:26:32.020+00:00","152858","false",
"6a97cfb3e28065acabbc","[""read(\""user:6a97a8fb5e41d24d1d0f\"")""]","2026-09-02T07:26:44.362+00:00","2026-09-02T07:26:44.362+00:00","332143","false",
"6a97cfe4974842dc3792","[""read(\""user:6a59f51e9bdfdce6689d\"")""]","2026-09-02T07:27:33.042+00:00","2026-09-02T07:27:33.042+00:00","388311","false",
"6a97cffab92ce24b9804","[""read(\""user:6a97cf87003db5f97a17\"")""]","2026-09-02T07:27:55.216+00:00","2026-09-02T07:27:55.216+00:00","082870","false",
"6a97cffe967df02ba28f","[""read(\""user:69c1804c14a9bcf2fbd9\"")""]","2026-09-02T07:27:59.057+00:00","2026-09-02T07:27:59.057+00:00","783733","false",
"6a97d01938ceb6a8351c","[""read(\""user:6a97cfe191345b7e38e1\"")""]","2026-09-02T07:28:25.673+00:00","2026-09-02T07:28:25.673+00:00","207504","false",
"6a97d02c313f05bd8de7","[""read(\""user:6a97cfbb1b7b681d45a6\"")""]","2026-09-02T07:28:44.640+00:00","2026-09-02T07:28:44.640+00:00","301381","false",
"6a97d040e81e4f89ce02","[""read(\""user:6a97cffee25973ae55fb\"")""]","2026-09-02T07:29:05.395+00:00","2026-09-02T07:29:05.395+00:00","925157","false",
"6a97d05cc2239f49316c","[""read(\""user:6a97cfdb00052ff6fa5b\"")""]","2026-09-02T07:29:33.227+00:00","2026-09-02T07:29:33.227+00:00","077324","false",
"6a97d08e2dc084c4cbee","[""read(\""user:6a8fb510949a2b855316\"")""]","2026-09-02T07:30:22.614+00:00","2026-09-02T07:30:22.614+00:00","421589","false",
"6a97d09e07bc83a6212e","[""read(\""user:6a97d023989d81b094a1\"")""]","2026-09-02T07:30:38.168+00:00","2026-09-02T07:30:38.168+00:00","626010","false",
"6a97d0b667a0071600fb","[""read(\""user:6a5c6c9f1746a2394b79\"")""]","2026-09-02T07:31:02.641+00:00","2026-09-02T07:31:02.641+00:00","756158","false",
"6a97d0cf9a98e21fb5c4","[""read(\""user:6a97cfadcf26073286a3\"")""]","2026-09-02T07:31:27.749+00:00","2026-09-02T07:31:27.749+00:00","385017","false",
"6a97d0fec164075d8b2d","[""read(\""user:69fecbe9b41c31179e5f\"")""]","2026-09-02T07:32:14.993+00:00","2026-09-02T07:32:14.993+00:00","652594","false",
"6a97d16d9f753069070f","[""read(\""user:69eed655a4e09606d806\"")""]","2026-09-02T07:34:05.808+00:00","2026-09-02T07:34:05.808+00:00","981815","false",
"6a97d16fc9dc1e736b5d","[""read(\""user:6a5c7275ab21a5fa84dc\"")""]","2026-09-02T07:34:08.188+00:00","2026-09-02T07:34:08.188+00:00","810404","false",
"6a97d179b964af558c13","[""read(\""user:6a97d14158a875e79f63\"")""]","2026-09-02T07:34:18.191+00:00","2026-09-02T07:34:18.191+00:00","331252","false",
"6a97d1a4e6c54c6c6bc7","[""read(\""user:6a929132000d0c1e7a43\"")""]","2026-09-02T07:35:01.380+00:00","2026-09-02T07:35:01.380+00:00","315807","false",
"6a97d1b3000e36909c28","[""read(\""user:69f025177d4cb7112426\"")""]","2026-09-02T07:35:15.191+00:00","2026-09-02T07:35:15.191+00:00","708805","false",
"6a97d1c97dd7f45831ec","[""read(\""user:6a97d15ca96c901a82a1\"")""]","2026-09-02T07:35:37.932+00:00","2026-09-02T07:35:37.932+00:00","176928","false",
"6a97d20587f680b8951c","[""read(\""user:6a97d130bc444db9adc0\"")""]","2026-09-02T07:36:37.749+00:00","2026-09-02T07:36:37.749+00:00","123133","false",
"6a97d228d75f5b38daf5","[""read(\""user:6a97cfb33cfd5cef4258\"")""]","2026-09-02T07:37:13.019+00:00","2026-09-02T07:37:13.019+00:00","187986","false",
"6a97d2325b21269fe136","[""read(\""user:69f025177d4cb7112426\"")""]","2026-09-02T07:37:22.733+00:00","2026-09-02T07:37:22.733+00:00","983644","false",
"6a97d258471a4be08d31","[""read(\""user:69fecbe9b41c31179e5f\"")""]","2026-09-02T07:38:00.434+00:00","2026-09-02T07:38:00.434+00:00","919600","false",
"6a97d27822a8835c06d5","[""read(\""user:6a97cf87003db5f97a17\"")""]","2026-09-02T07:38:32.485+00:00","2026-09-02T07:38:32.485+00:00","021981","false",
"6a97d28d36dd778b3492","[""read(\""user:6a16646a60d3786b8b2f\"")""]","2026-09-02T07:38:53.666+00:00","2026-09-02T07:38:53.666+00:00","828914","false",
"6a97d2c7496eaf6a5749","[""read(\""user:6a55bb850017a08aa75f\"")""]","2026-09-02T07:39:51.766+00:00","2026-09-02T07:39:51.766+00:00","739202","false",
"6a97d2c774b9ce0e7d2b","[""read(\""user:6a8bbe120779b329d468\"")""]","2026-09-02T07:39:51.832+00:00","2026-09-02T07:39:51.832+00:00","897729","false",
"6a97d2d0707cc424f7ad","[""read(\""user:6a97cfb33cfd5cef4258\"")""]","2026-09-02T07:40:01.028+00:00","2026-09-02T07:40:01.028+00:00","570295","false",
"6a97d2dc852792c6eab3","[""read(\""user:6a97b6439418b0fe68ff\"")""]","2026-09-02T07:40:12.660+00:00","2026-09-02T07:40:12.660+00:00","392796","false",
"6a97d2f6ef1d8b592058","[""read(\""user:6a894641bd40de908284\"")""]","2026-09-02T07:40:39.466+00:00","2026-09-02T07:40:39.466+00:00","621235","false",
"6a97d32719038a8caa22","[""read(\""user:6a5871b20039414463d6\"")""]","2026-09-02T07:41:27.302+00:00","2026-09-02T07:41:27.302+00:00","366973","false",
"6a97d32c4ca8ff9ce30d","[""read(\""user:6a97d26000398dd15b58\"")""]","2026-09-02T07:41:32.669+00:00","2026-09-02T07:41:32.669+00:00","623602","false",
"6a97d350406752952ef5","[""read(\""user:6a97b6439418b0fe68ff\"")""]","2026-09-02T07:42:08.465+00:00","2026-09-02T07:42:08.465+00:00","191169","false",
"6a97d365568ba2c3cd3f","[""read(\""user:6a16646a60d3786b8b2f\"")""]","2026-09-02T07:42:29.493+00:00","2026-09-02T07:42:29.493+00:00","472953","false",
"6a97d38122b5e5233193","[""read(\""user:69fecbe9b41c31179e5f\"")""]","2026-09-02T07:42:57.482+00:00","2026-09-02T07:42:57.482+00:00","051021","false",
"6a97d38c397cd1cec264","[""read(\""user:6a1ac42ca7a98f40fdbc\"")""]","2026-09-02T07:43:08.374+00:00","2026-09-02T07:43:08.374+00:00","767543","false",
"6a97d3bada291ada2c6c","[""read(\""user:6a55bb850017a08aa75f\"")""]","2026-09-02T07:43:55.009+00:00","2026-09-02T07:43:55.009+00:00","652785","false",
"6a97d3beda29d9b3e23c","[""read(\""user:69f9848da519d8ad1c12\"")""]","2026-09-02T07:43:59.008+00:00","2026-09-02T07:43:59.008+00:00","534034","false",
"6a97d411ab815e58af5e","[""read(\""user:69fecbe9b41c31179e5f\"")""]","2026-09-02T07:45:21.828+00:00","2026-09-02T07:45:21.828+00:00","769507","false",
"6a97d44a137cbf8fb857","[""read(\""user:6a97d4058ef51b3481b5\"")""]","2026-09-02T07:46:18.219+00:00","2026-09-02T07:46:18.219+00:00","934147","false",
"6a97d45f52cfb626d2d1","[""read(\""user:6a97d3b51043b36c5af3\"")""]","2026-09-02T07:46:39.451+00:00","2026-09-02T07:46:39.451+00:00","357400","false",
"6a97d47ca94ef9260ef0","[""read(\""user:6a1cff0f52cf841ac39b\"")""]","2026-09-02T07:47:08.821+00:00","2026-09-02T07:47:08.821+00:00","977427","false",
"6a97d48ef20cb721b544","[""read(\""user:6a97d4488ebd40ca5c15\"")""]","2026-09-02T07:47:27.103+00:00","2026-09-02T07:47:27.103+00:00","250690","false",
"6a97d49f3efd446151c1","[""read(\""user:69f1cb60002884f81083\"")""]","2026-09-02T07:47:43.401+00:00","2026-09-02T07:47:43.401+00:00","014593","false",
"6a97d4a872ac90b349df","[""read(\""user:6a758ca8d29f3d0bb3ab\"")""]","2026-09-02T07:47:52.576+00:00","2026-09-02T07:47:52.576+00:00","162964","false",
"6a97d4f0b19dd4a54945","[""read(\""user:69fd6ec97ae0cdb0fc5d\"")""]","2026-09-02T07:49:04.845+00:00","2026-09-02T07:49:04.845+00:00","591823","false",
"6a97d50136079d4685e9","[""read(\""user:69ec2edd58c2bace08c3\"")""]","2026-09-02T07:49:21.439+00:00","2026-09-02T07:49:21.439+00:00","298582","false",
"6a97d51a86aea4290136","[""read(\""user:6a82d13c4b8a3df89c12\"")""]","2026-09-02T07:49:46.666+00:00","2026-09-02T07:49:46.666+00:00","639484","false",
"6a97d51a993b41164f65","[""read(\""user:6a1cff0f52cf841ac39b\"")""]","2026-09-02T07:49:46.743+00:00","2026-09-02T07:49:46.743+00:00","303076","false",
"6a97d54b583c1951336c","[""read(\""user:6a758ca8d29f3d0bb3ab\"")""]","2026-09-02T07:50:35.472+00:00","2026-09-02T07:50:35.472+00:00","946168","false",
"6a97d550ce5a1bd9463d","[""read(\""user:6a82d13c4b8a3df89c12\"")""]","2026-09-02T07:50:40.976+00:00","2026-09-02T07:50:40.976+00:00","546108","false",
"6a97d5894b60fa289305","[""read(\""user:6a0ae6a42b068b2d2f5a\"")""]","2026-09-02T07:51:37.422+00:00","2026-09-02T07:51:37.422+00:00","533863","false",
"6a97d58a1f5c889f44eb","[""read(\""user:6a82d13c4b8a3df89c12\"")""]","2026-09-02T07:51:38.232+00:00","2026-09-02T07:51:38.232+00:00","847306","false",
"6a97d5bf78bdd79eb2b7","[""read(\""user:6a97d534f0990a3c7a8a\"")""]","2026-09-02T07:52:31.644+00:00","2026-09-02T07:52:31.644+00:00","114462","false",
"6a97d60f8e308ba82d90","[""read(\""user:6a71985f30f64dbc12a4\"")""]","2026-09-02T07:53:51.687+00:00","2026-09-02T07:53:51.687+00:00","702060","false",
"6a97d64f90cd736d1970","[""read(\""user:6a2cc941d85be33bd582\"")""]","2026-09-02T07:54:55.696+00:00","2026-09-02T07:54:55.696+00:00","041885","false",
"6a97d669ef5808ab0df0","[""read(\""user:6a5da04c8e52b2a4b1a9\"")""]","2026-09-02T07:55:22.100+00:00","2026-09-02T07:55:22.100+00:00","097089","false",
"6a97d67e0c046720e014","[""read(\""user:6a97d50f9468bfc16122\"")""]","2026-09-02T07:55:42.152+00:00","2026-09-02T07:55:42.152+00:00","304391","false",
"6a97d681ee9d9bcb6e49","[""read(\""user:6a1695c52534d637d7af\"")""]","2026-09-02T07:55:46.090+00:00","2026-09-02T07:55:46.090+00:00","706581","false",
"6a97d6b65bd11b58d349","[""read(\""user:6a9532f39b78463acadb\"")""]","2026-09-02T07:56:38.593+00:00","2026-09-02T07:56:38.593+00:00","632415","false",
"6a97d6d4d3b58197f914","[""read(\""user:6a9532f39b78463acadb\"")""]","2026-09-02T07:57:08.967+00:00","2026-09-02T07:57:08.967+00:00","336284","false",
"6a97d700c7a37bdd8fa7","[""read(\""user:6a97d6710004f58dc4e6\"")""]","2026-09-02T07:57:52.931+00:00","2026-09-02T07:57:52.931+00:00","804435","false",
"6a97d74e65f0d6136a71","[""read(\""user:69fc14d61b4746c82c2f\"")""]","2026-09-02T07:59:10.572+00:00","2026-09-02T07:59:10.572+00:00","982758","false",
"6a97d768c50391459b83","[""read(\""user:6a97bce960061e91e063\"")""]","2026-09-02T07:59:36.922+00:00","2026-09-02T07:59:36.922+00:00","630724","false",
"6a97d7b9b0952d24cdda","[""read(\""user:6a5daf7bef7339ea8032\"")""]","2026-09-02T08:00:57.842+00:00","2026-09-02T08:00:57.842+00:00","437008","false",
"6a97d7ff716efbec2c87","[""read(\""user:6a0c10a1eb9fe704098a\"")""]","2026-09-02T08:02:07.601+00:00","2026-09-02T08:02:07.601+00:00","974170","false",
"6a97d806be038e12f7e8","[""read(\""user:69fc14d61b4746c82c2f\"")""]","2026-09-02T08:02:14.895+00:00","2026-09-02T08:02:14.895+00:00","068141","false",
"6a97d839e7eba1ef6418","[""read(\""user:6a758ca8d29f3d0bb3ab\"")""]","2026-09-02T08:03:06.071+00:00","2026-09-02T08:03:06.071+00:00","121583","false",
"6a97d859cd710a15da35","[""read(\""user:6a97d83194a7f4016d3d\"")""]","2026-09-02T08:03:38.097+00:00","2026-09-02T08:03:38.097+00:00","314954","false",
"6a97d86a5c5f91e9e4e7","[""read(\""user:6a97af185eb501d18944\"")""]","2026-09-02T08:03:54.497+00:00","2026-09-02T08:03:54.497+00:00","136759","false",
"6a97d87a6562d9abde40","[""read(\""user:6a97d6710004f58dc4e6\"")""]","2026-09-02T08:04:10.516+00:00","2026-09-02T08:04:10.516+00:00","954697","false",
"6a97d8f6a3baee14798d","[""read(\""user:6a89551700016ee0b448\"")""]","2026-09-02T08:06:15.224+00:00","2026-09-02T08:06:15.224+00:00","545078","false",
"6a97d9064216eac6efaf","[""read(\""user:6a89551700016ee0b448\"")""]","2026-09-02T08:06:30.627+00:00","2026-09-02T08:06:30.627+00:00","728782","false",
"6a97d94b55e5d6c38a9f","[""read(\""user:6a89551700016ee0b448\"")""]","2026-09-02T08:07:39.705+00:00","2026-09-02T08:07:39.705+00:00","560162","false",
"6a97d9a6a4086636b781","[""read(\""user:6a758ca8d29f3d0bb3ab\"")""]","2026-09-02T08:09:10.986+00:00","2026-09-02T08:09:10.986+00:00","463228","false",
"6a97d9c0189fee8bab5a","[""read(\""user:6a5daf7bef7339ea8032\"")""]","2026-09-02T08:09:36.220+00:00","2026-09-02T08:09:36.220+00:00","644112","false",
"6a97da55eb30f79107c2","[""read(\""user:6a97d9fd06e2ab766615\"")""]","2026-09-02T08:12:06.095+00:00","2026-09-02T08:12:06.095+00:00","663674","false",
"6a97dab9d47983409297","[""read(\""user:6a0c10a1eb9fe704098a\"")""]","2026-09-02T08:13:45.976+00:00","2026-09-02T08:13:45.976+00:00","381511","false",
"6a97dabee77c5994d2f1","[""read(\""user:6a97d9fd06e2ab766615\"")""]","2026-09-02T08:13:51.056+00:00","2026-09-02T08:13:51.056+00:00","329109","false",
"6a97db3ee277f3d2bbc7","[""read(\""user:6a699a185f96b9f486b8\"")""]","2026-09-02T08:15:59.036+00:00","2026-09-02T08:15:59.036+00:00","600950","false",
"6a97db836cb36c7c28bc","[""read(\""user:6a0c10a1eb9fe704098a\"")""]","2026-09-02T08:17:07.557+00:00","2026-09-02T08:17:07.557+00:00","683679","false",
"6a97dc008ed1f798a3e2","[""read(\""user:6a97dbbc9d95ab3a9635\"")""]","2026-09-02T08:19:12.914+00:00","2026-09-02T08:19:12.914+00:00","672151","false",
"6a97dcce907710dbdc20","[""read(\""user:6a97d9112111d32e72ba\"")""]","2026-09-02T08:22:38.695+00:00","2026-09-02T08:22:38.695+00:00","677323","false",
"6a97dd2c9fd0b2495bee","[""read(\""user:6a97d6710004f58dc4e6\"")""]","2026-09-02T08:24:12.768+00:00","2026-09-02T08:24:12.768+00:00","090143","false",
"6a97dd341814ef607893","[""read(\""user:6a97ba9fd3dc28286b13\"")""]","2026-09-02T08:24:20.221+00:00","2026-09-02T08:24:20.221+00:00","219944","false",
"6a97ddc52e8defa578d9","[""read(\""user:6a97dc0ac33147e06757\"")""]","2026-09-02T08:26:45.318+00:00","2026-09-02T08:26:45.318+00:00","655365","false",
"6a97ddf8cf59c99cb4f3","[""read(\""user:6a97d92bc7bccd7ed1b2\"")""]","2026-09-02T08:27:36.954+00:00","2026-09-02T08:27:36.954+00:00","435907","false",
"6a97de38a0e51254e0e7","[""read(\""user:6a97dd98000110e6d380\"")""]","2026-09-02T08:28:40.798+00:00","2026-09-02T08:28:40.798+00:00","598356","false",
"6a97de7f6f26b8a81a25","[""read(\""user:6a699a185f96b9f486b8\"")""]","2026-09-02T08:29:51.576+00:00","2026-09-02T08:29:51.576+00:00","433763","false",
"6a97dec73dc257b34e94","[""read(\""user:6a97de1f001d3ba1323d\"")""]","2026-09-02T08:31:03.377+00:00","2026-09-02T08:31:03.377+00:00","872073","false",
"6a97df477754ac2166be","[""read(\""user:6a97deb800200188912a\"")""]","2026-09-02T08:33:11.645+00:00","2026-09-02T08:33:11.645+00:00","336300","false",
"6a97df47cae996dd5522","[""read(\""user:6a97de1f001d3ba1323d\"")""]","2026-09-02T08:33:11.941+00:00","2026-09-02T08:33:11.941+00:00","036888","false",
"6a97dfc2f2c029557c64","[""read(\""user:69ec2edd58c2bace08c3\"")""]","2026-09-02T08:35:15.112+00:00","2026-09-02T08:35:15.112+00:00","051208","false",
"6a97e03212f3bdf35215","[""read(\""user:6a92ac2c0015c336b72b\"")""]","2026-09-02T08:37:06.180+00:00","2026-09-02T08:37:06.180+00:00","585507","false",
"6a97e04f3386c58c827e","[""read(\""user:6a644eaa5970bb460470\"")""]","2026-09-02T08:37:35.317+00:00","2026-09-02T08:37:35.317+00:00","189627","false",
"6a97e07bce62ace11b11","[""read(\""user:6a97dfa527a5758254c5\"")""]","2026-09-02T08:38:19.970+00:00","2026-09-02T08:38:19.970+00:00","696856","false",
"6a97e1584509a2874889","[""read(\""user:6a0ae6a42b068b2d2f5a\"")""]","2026-09-02T08:42:00.390+00:00","2026-09-02T08:42:00.390+00:00","176790","false",
"6a97e16533bac619c627","[""read(\""user:6a0804c90020c4ed0d55\"")""]","2026-09-02T08:42:13.332+00:00","2026-09-02T08:42:13.332+00:00","643078","false",
"6a97e1efcb360c3e4f6e","[""read(\""user:6a97d92bc7bccd7ed1b2\"")""]","2026-09-02T08:44:31.941+00:00","2026-09-02T08:44:31.941+00:00","271818","false",
"6a97e210d70b2bd6ca28","[""read(\""user:69c1804c14a9bcf2fbd9\"")""]","2026-09-02T08:45:04.988+00:00","2026-09-02T08:45:04.988+00:00","285774","false",
"6a97e22ba51f87aec061","[""read(\""user:6a0804c90020c4ed0d55\"")""]","2026-09-02T08:45:31.814+00:00","2026-09-02T08:45:31.814+00:00","525890","false",
"6a97e2703fb4fe49c28e","[""read(\""user:6a97d92bc7bccd7ed1b2\"")""]","2026-09-02T08:46:40.377+00:00","2026-09-02T08:46:40.377+00:00","049257","false",
"6a97e2bb1ac2d107035f","[""read(\""user:69f8114f827faf183192\"")""]","2026-09-02T08:47:55.221+00:00","2026-09-02T08:47:55.221+00:00","629075","false",
"6a97e3004b73253baba2","[""read(\""user:69f8114f827faf183192\"")""]","2026-09-02T08:49:04.423+00:00","2026-09-02T08:49:04.423+00:00","511784","false",
"6a97e316a3e11be77f9f","[""read(\""user:6a0554ad1369d28f7c03\"")""]","2026-09-02T08:49:26.798+00:00","2026-09-02T08:49:26.798+00:00","270626","false",
"6a97e3172f8198d7897f","[""read(\""user:6a97d92bc7bccd7ed1b2\"")""]","2026-09-02T08:49:27.297+00:00","2026-09-02T08:49:27.297+00:00","730961","false",
"6a97e330acc258e0d37e","[""read(\""user:69ec2edd58c2bace08c3\"")""]","2026-09-02T08:49:52.815+00:00","2026-09-02T08:49:52.815+00:00","438840","false",
"6a97e3483975efc72345","[""read(\""user:69f8114f827faf183192\"")""]","2026-09-02T08:50:16.357+00:00","2026-09-02T08:50:16.357+00:00","040477","false",
"6a97e38a001ecd413c31","[""read(\""user:69f8114f827faf183192\"")""]","2026-09-02T08:51:22.111+00:00","2026-09-02T08:51:22.111+00:00","041068","false",
"6a97e3de3ab2f67a74b3","[""read(\""user:6a0548507c2ecfdb65d5\"")""]","2026-09-02T08:52:46.358+00:00","2026-09-02T08:52:46.358+00:00","436648","false",
"6a97e3fd7860e5c60e27","[""read(\""user:6a0c10a1eb9fe704098a\"")""]","2026-09-02T08:53:17.604+00:00","2026-09-02T08:53:17.604+00:00","543783","false",
"6a97e4159882b3617214","[""read(\""user:6a97e3b5002b3beb834a\"")""]","2026-09-02T08:53:41.734+00:00","2026-09-02T08:53:41.734+00:00","492881","false",
"6a97e41bc4cec1ef7320","[""read(\""user:6a0548507c2ecfdb65d5\"")""]","2026-09-02T08:53:47.921+00:00","2026-09-02T08:53:47.921+00:00","458226","false",
"6a97e44e46ee9888510a","[""read(\""user:6a08205d73dabccfad33\"")""]","2026-09-02T08:54:40.169+00:00","2026-09-02T08:54:40.169+00:00","371362","false",
"6a97e45081a5f246df39","[""read(\""user:6a0548507c2ecfdb65d5\"")""]","2026-09-02T08:54:40.657+00:00","2026-09-02T08:54:40.657+00:00","598794","false",
"6a97e45a8c93852aff2c","[""read(\""user:6a97d92bc7bccd7ed1b2\"")""]","2026-09-02T08:54:50.683+00:00","2026-09-02T08:54:50.683+00:00","489788","false",
"6a97e5388a502b0f91f9","[""read(\""user:6a97d92bc7bccd7ed1b2\"")""]","2026-09-02T08:58:33.112+00:00","2026-09-02T08:58:33.112+00:00","079027","false",
"6a97e539311f508459f7","[""read(\""user:6a8bc5ad0015102e1fd1\"")""]","2026-09-02T08:58:33.311+00:00","2026-09-02T08:58:33.311+00:00","702024","false",
"6a97e6007bc85e6d5779","[""read(\""user:6a156d6b154846718286\"")""]","2026-09-02T09:01:52.622+00:00","2026-09-02T09:01:52.622+00:00","136688","false",
"6a97e6a93c5bbc5d3144","[""read(\""user:6a97e54700399561b44a\"")""]","2026-09-02T09:04:41.357+00:00","2026-09-02T09:04:41.357+00:00","141207","false",
"6a97e80856b74eafb5a0","[""read(\""user:6a08205d73dabccfad33\"")""]","2026-09-02T09:10:32.462+00:00","2026-09-02T09:10:32.462+00:00","627739","false",
"6a97e8533e90decd6aba","[""read(\""user:6a0554ad1369d28f7c03\"")""]","2026-09-02T09:11:47.372+00:00","2026-09-02T09:11:47.372+00:00","437575","false",
"6a97e877c624070018c1","[""read(\""user:6a0554ad1369d28f7c03\"")""]","2026-09-02T09:12:23.947+00:00","2026-09-02T09:12:23.947+00:00","801302","false",
"6a97e8c92c5c5a74b6e8","[""read(\""user:69eef04828cb80fe3041\"")""]","2026-09-02T09:13:45.301+00:00","2026-09-02T09:13:45.301+00:00","695172","false",
"6a97e8daea2695a188fa","[""read(\""user:69eef04828cb80fe3041\"")""]","2026-09-02T09:14:03.077+00:00","2026-09-02T09:14:03.077+00:00","416885","false",
"6a97e8ece243a9dccf39","[""read(\""user:6a97e7b6002e9d04da48\"")""]","2026-09-02T09:14:21.040+00:00","2026-09-02T09:14:21.040+00:00","077013","false",
"6a97e90027f329af7f78","[""read(\""user:6a97e54700399561b44a\"")""]","2026-09-02T09:14:40.293+00:00","2026-09-02T09:14:40.293+00:00","226913","false",
"6a97e95e73ffa0c5f416","[""read(\""user:6a4c9eed086fdeee2f48\"")""]","2026-09-02T09:16:14.589+00:00","2026-09-02T09:16:14.589+00:00","699920","false",
"6a97e9e79494fd0579bf","[""read(\""user:6a4c9eed086fdeee2f48\"")""]","2026-09-02T09:18:31.719+00:00","2026-09-02T09:18:31.719+00:00","884902","false",
"6a97e9f36b941d20c71a","[""read(\""user:6a97e90299edb0a3ee3f\"")""]","2026-09-02T09:18:43.557+00:00","2026-09-02T09:18:43.557+00:00","559010","false",
"6a97ea0194483cc3c4d5","[""read(\""user:6a97e9883945225101da\"")""]","2026-09-02T09:18:57.736+00:00","2026-09-02T09:18:57.736+00:00","967934","false",
"6a97ea107eda65cb59ac","[""read(\""user:6a20fda3031056266082\"")""]","2026-09-02T09:19:12.631+00:00","2026-09-02T09:19:12.631+00:00","668365","false",
"6a97ea1286586c5d8240","[""read(\""user:6a97e9883945225101da\"")""]","2026-09-02T09:19:14.656+00:00","2026-09-02T09:19:14.656+00:00","913774","false",
"6a97ea63e778f6e13b06","[""read(\""user:6a97e9daae66a9103b0d\"")""]","2026-09-02T09:20:36.104+00:00","2026-09-02T09:20:36.104+00:00","729742","false",
"6a97ea9351b0d89a112d","[""read(\""user:6a83d5a44106601c6a64\"")""]","2026-09-02T09:21:23.437+00:00","2026-09-02T09:21:23.437+00:00","692846","false",
"6a97eaa445efaee1502d","[""read(\""user:69eaf117ed7db18568f7\"")""]","2026-09-02T09:21:40.393+00:00","2026-09-02T09:21:40.393+00:00","781430","false",
"6a97eab443614b556ec4","[""read(\""user:6a97ea6b969eb29b9598\"")""]","2026-09-02T09:21:56.383+00:00","2026-09-02T09:21:56.383+00:00","692833","false",
"6a97eac2581c478709a8","[""read(\""user:6a4c9eed086fdeee2f48\"")""]","2026-09-02T09:22:10.490+00:00","2026-09-02T09:22:10.490+00:00","465257","false",
"6a97eaf6ef9b24b03bec","[""read(\""user:69f1b328951ee1142d5e\"")""]","2026-09-02T09:23:03.094+00:00","2026-09-02T09:23:03.094+00:00","292792","false",
"6a97eb18e56b219a708f","[""read(\""user:6a97ea6b969eb29b9598\"")""]","2026-09-02T09:23:37.052+00:00","2026-09-02T09:23:37.052+00:00","617151","false",
"6a97eb25d8532ec56343","[""read(\""user:69eedca364dda2ff70b5\"")""]","2026-09-02T09:23:49.998+00:00","2026-09-02T09:23:49.998+00:00","578389","false",
"6a97eb33b72b1e33a4d3","[""read(\""user:6a97ea967290a8a1c737\"")""]","2026-09-02T09:24:03.853+00:00","2026-09-02T09:24:03.853+00:00","967768","false",
"6a97eb36e926c50f9b34","[""read(\""user:69eaf117ed7db18568f7\"")""]","2026-09-02T09:24:07.077+00:00","2026-09-02T09:24:07.077+00:00","715550","false",
"6a97eb3fabdf61e65b07","[""read(\""user:69fad7ab79a803b5ec27\"")""]","2026-09-02T09:24:15.808+00:00","2026-09-02T09:24:15.808+00:00","198865","false",
"6a97eb57e72136486aee","[""read(\""user:6a0c10a1eb9fe704098a\"")""]","2026-09-02T09:24:40.059+00:00","2026-09-02T09:24:40.059+00:00","203460","false",
"6a97eb6d504afda0de4d","[""read(\""user:69f1b328951ee1142d5e\"")""]","2026-09-02T09:25:01.435+00:00","2026-09-02T09:25:01.435+00:00","643802","false",
"6a97eb86f1fb4e0b48c1","[""read(\""user:6a97e90299edb0a3ee3f\"")""]","2026-09-02T09:25:27.342+00:00","2026-09-02T09:25:27.342+00:00","046677","false",
"6a97eb97127c641ca0a5","[""read(\""user:6a699a185f96b9f486b8\"")""]","2026-09-02T09:25:43.191+00:00","2026-09-02T09:25:43.191+00:00","967107","false",
"6a97ebaa2e0bdb1208b2","[""read(\""user:6a97e9883945225101da\"")""]","2026-09-02T09:26:02.303+00:00","2026-09-02T09:26:02.303+00:00","573337","false",
"6a97ebc821910e716d76","[""read(\""user:69f8494a3a8479bba01e\"")""]","2026-09-02T09:26:32.295+00:00","2026-09-02T09:26:32.295+00:00","140694","false",
"6a97ebd24bf7e9703c29","[""read(\""user:6a97ea967290a8a1c737\"")""]","2026-09-02T09:26:42.432+00:00","2026-09-02T09:26:42.432+00:00","175582","false",
"6a97ebd9d6a508e9becd","[""read(\""user:6a01b1c00006aa8ae30b\"")""]","2026-09-02T09:26:49.982+00:00","2026-09-02T09:26:49.982+00:00","762404","false",
"6a97ec01c11117d3e23f","[""read(\""user:6a043e5b44fccb1ea91d\"")""]","2026-09-02T09:27:29.894+00:00","2026-09-02T09:27:29.894+00:00","116697","false",
"6a97ec10e5e662372e5d","[""read(\""user:69fc575d000f61a7a39a\"")""]","2026-09-02T09:27:45.055+00:00","2026-09-02T09:27:45.055+00:00","028565","false",
"6a97ec1dba635679fde6","[""read(\""user:6a97e54700399561b44a\"")""]","2026-09-02T09:27:57.870+00:00","2026-09-02T09:27:57.870+00:00","165050","false",
"6a97ec5d93affe841c57","[""read(\""user:6a741fe1002eb06c5cf5\"")""]","2026-09-02T09:29:01.722+00:00","2026-09-02T09:29:01.722+00:00","336721","false",
"6a97ecabdc759eef53b5","[""read(\""user:6a043e5b44fccb1ea91d\"")""]","2026-09-02T09:30:20.003+00:00","2026-09-02T09:30:20.003+00:00","237399","false",
"6a97ecd3e76da14d55dc","[""read(\""user:69fad7ab79a803b5ec27\"")""]","2026-09-02T09:31:00.082+00:00","2026-09-02T09:31:00.082+00:00","865431","false",
"6a97ed265ed9faf88096","[""read(\""user:6a6b1af241fb134b9e9b\"")""]","2026-09-02T09:32:22.507+00:00","2026-09-02T09:32:22.507+00:00","065329","false",
"6a97ed4829165d7ac17f","[""read(\""user:6a758ca8d29f3d0bb3ab\"")""]","2026-09-02T09:32:56.297+00:00","2026-09-02T09:32:56.297+00:00","150547","false",
"6a97ed5828479e0904cd","[""read(\""user:6a2650066e69746ab0f5\"")""]","2026-09-02T09:33:12.280+00:00","2026-09-02T09:33:12.280+00:00","200542","false",
"6a97edecb745617f595a","[""read(\""user:6a758ca8d29f3d0bb3ab\"")""]","2026-09-02T09:35:40.858+00:00","2026-09-02T09:35:40.858+00:00","762582","false",
"6a97edef9454c98d387d","[""read(\""user:6a13c0c9e2e0ccec0ff2\"")""]","2026-09-02T09:35:43.720+00:00","2026-09-02T09:35:43.720+00:00","458069","false",
"6a97eee7a8cda64e9f7d","[""read(\""user:6a13e63871674e90703b\"")""]","2026-09-02T09:39:51.812+00:00","2026-09-02T09:39:51.812+00:00","715848","false",
"6a97f09fe5997a651f66","[""read(\""user:6a9288f2002383a28870\"")""]","2026-09-02T09:47:12.048+00:00","2026-09-02T09:47:12.048+00:00","137923","false",
"6a97f13dbe309ceb0624","[""read(\""user:69fac55e000879b37311\"")""]","2026-09-02T09:49:49.886+00:00","2026-09-02T09:49:49.886+00:00","140998","false",
"6a97f39b131b5cee8fbc","[""read(\""user:6a5dce40647104b74222\"")""]","2026-09-02T09:59:55.222+00:00","2026-09-02T09:59:55.222+00:00","035106","false",
"6a97f434ee677bbc4c00","[""read(\""user:6a01b1c00006aa8ae30b\"")""]","2026-09-02T10:02:29.102+00:00","2026-09-02T10:02:29.102+00:00","193598","false",
"6a97f47e132a644fe791","[""read(\""user:6a83fa2742d0182e2ca4\"")""]","2026-09-02T10:03:42.209+00:00","2026-09-02T10:03:42.209+00:00","053530","false",
"6a97f487e8d9719e754a","[""read(\""user:6a01b1c00006aa8ae30b\"")""]","2026-09-02T10:03:52.079+00:00","2026-09-02T10:03:52.079+00:00","368813","false",
"6a97f49766d87ae741e5","[""read(\""user:6a01b1c00006aa8ae30b\"")""]","2026-09-02T10:04:07.533+00:00","2026-09-02T10:04:07.533+00:00","218102","false",
"6a97f5a72b65319fb820","[""read(\""user:6a83fa2742d0182e2ca4\"")""]","2026-09-02T10:08:39.515+00:00","2026-09-02T10:08:39.515+00:00","768186","false",
"6a97f5fd8b8b1f37e2f9","[""read(\""user:6a83fa2742d0182e2ca4\"")""]","2026-09-02T10:10:05.906+00:00","2026-09-02T10:10:05.906+00:00","090335","false",
"6a97f6596a56571e5765","[""read(\""user:6a5dce40647104b74222\"")""]","2026-09-02T10:11:37.550+00:00","2026-09-02T10:11:37.550+00:00","103976","false",
"6a97f66ed5e46cb63897","[""read(\""user:69eaf117ed7db18568f7\"")""]","2026-09-02T10:11:59.001+00:00","2026-09-02T10:11:59.001+00:00","851617","false",
"6a97f7a011f9b3bd7889","[""read(\""user:6a92a040002704d67cbe\"")""]","2026-09-02T10:17:04.189+00:00","2026-09-02T10:17:04.189+00:00","501308","false",
"6a97f7e9007f6ae13916","[""read(\""user:6a8bbe120779b329d468\"")""]","2026-09-02T10:18:17.109+00:00","2026-09-02T10:18:17.109+00:00","500956","false",
"6a97f831630b92945bc4","[""read(\""user:6a97f7f160b130be505b\"")""]","2026-09-02T10:19:29.538+00:00","2026-09-02T10:19:29.538+00:00","419596","false",
"6a97f8404d8d28894356","[""read(\""user:6a97f7f160b130be505b\"")""]","2026-09-02T10:19:44.416+00:00","2026-09-02T10:19:44.416+00:00","454731","false",
"6a97f847238a5b9f089d","[""read(\""user:6a8bbe120779b329d468\"")""]","2026-09-02T10:19:51.251+00:00","2026-09-02T10:19:51.251+00:00","920692","false",
"6a97f8dad108c4ae4f41","[""read(\""user:6a66e6db522e46d0a362\"")""]","2026-09-02T10:22:18.987+00:00","2026-09-02T10:22:18.987+00:00","207551","false",
"6a97f912f0d1face18b5","[""read(\""user:6a06b6f800035577409b\"")""]","2026-09-02T10:23:15.098+00:00","2026-09-02T10:23:15.098+00:00","375401","false",
"6a97f9424aed763bdc79","[""read(\""user:69f8494a3a8479bba01e\"")""]","2026-09-02T10:24:02.436+00:00","2026-09-02T10:24:02.436+00:00","269463","false",
"6a97f94e6048f1a71c91","[""read(\""user:6a06b6f800035577409b\"")""]","2026-09-02T10:24:14.737+00:00","2026-09-02T10:24:14.737+00:00","403830","false",
"6a97f96231e3a575e762","[""read(\""user:6a1954ffcea2144611bd\"")""]","2026-09-02T10:24:34.543+00:00","2026-09-02T10:24:34.543+00:00","977997","false",
"6a97f96263e739f11a10","[""read(\""user:6a06b6f800035577409b\"")""]","2026-09-02T10:24:34.740+00:00","2026-09-02T10:24:34.740+00:00","093018","false",
"6a97f9a113f10e6dbbcf","[""read(\""user:69f024856e706466b984\"")""]","2026-09-02T10:25:37.200+00:00","2026-09-02T10:25:37.200+00:00","419207","false",
"6a97fa04b30edfdd1153","[""read(\""user:69f8494a3a8479bba01e\"")""]","2026-09-02T10:27:16.834+00:00","2026-09-02T10:27:16.834+00:00","762354","false",
"6a97fa22b9aee081eba4","[""read(\""user:6a87fc2a0020807e3564\"")""]","2026-09-02T10:27:46.862+00:00","2026-09-02T10:27:46.862+00:00","807071","false",
"6a97fa36c70ba6ed2c72","[""read(\""user:69f8494a3a8479bba01e\"")""]","2026-09-02T10:28:06.933+00:00","2026-09-02T10:28:06.933+00:00","343770","false",
"6a97fa3949148931d405","[""read(\""user:6a1ac42ca7a98f40fdbc\"")""]","2026-09-02T10:28:09.412+00:00","2026-09-02T10:28:09.412+00:00","815661","false",
"6a97fa7aa0e5148c1c70","[""read(\""user:6a97fa30b7da60c89ae2\"")""]","2026-09-02T10:29:14.998+00:00","2026-09-02T10:29:14.998+00:00","116540","false",
"6a97fb22e6b69c308c82","[""read(\""user:6a8d6eec32a05ce5cd9e\"")""]","2026-09-02T10:32:03.043+00:00","2026-09-02T10:32:03.043+00:00","825156","false",
"6a97fb772e94850e840a","[""read(\""user:6a8d6eec32a05ce5cd9e\"")""]","2026-09-02T10:33:27.303+00:00","2026-09-02T10:33:27.303+00:00","726534","false",
"6a97fc732010b184b310","[""read(\""user:6a97c0eb002bb781a253\"")""]","2026-09-02T10:37:39.245+00:00","2026-09-02T10:37:39.245+00:00","875838","false",
"6a97fcaeaeec8e2ce380","[""read(\""user:6a97fa30b7da60c89ae2\"")""]","2026-09-02T10:38:38.837+00:00","2026-09-02T10:38:38.837+00:00","239537","false",
"6a97fce803ed9addee64","[""read(\""user:6a014a56ce8a488d1e29\"")""]","2026-09-02T10:39:36.122+00:00","2026-09-02T10:39:36.122+00:00","022340","false",
"6a97fe4da4573433d3dc","[""read(\""user:69fad7ab79a803b5ec27\"")""]","2026-09-02T10:45:33.786+00:00","2026-09-02T10:45:33.786+00:00","303043","false",
"6a97fe75be1fb9d9962f","[""read(\""user:6a5b2834e6b5d45beea8\"")""]","2026-09-02T10:46:13.892+00:00","2026-09-02T10:46:13.892+00:00","672018","false",
"6a97fea4613646f9fdcc","[""read(\""user:69fad7ab79a803b5ec27\"")""]","2026-09-02T10:47:00.519+00:00","2026-09-02T10:47:00.519+00:00","331859","false",
"6a97fefa949a530da483","[""read(\""user:6a66e6db522e46d0a362\"")""]","2026-09-02T10:48:26.713+00:00","2026-09-02T10:48:26.713+00:00","608597","false",
"6a97fff21c51a4955f66","[""read(\""user:6a13c0c9e2e0ccec0ff2\"")""]","2026-09-02T10:52:34.237+00:00","2026-09-02T10:52:34.237+00:00","729237","false",
"6a9800b96289903b62f0","[""read(\""user:69fb0cfed56321b41655\"")""]","2026-09-02T10:55:53.507+00:00","2026-09-02T10:55:53.507+00:00","738119","false",
"6a9800c8ab845bf83cba","[""read(\""user:6a5f4631cb25f0b3d436\"")""]","2026-09-02T10:56:08.821+00:00","2026-09-02T10:56:08.821+00:00","595847","false",
"6a98010c9fa582ec4f21","[""read(\""user:69fb0cfed56321b41655\"")""]","2026-09-02T10:57:16.761+00:00","2026-09-02T10:57:16.761+00:00","748602","false",
"6a9801301be4d4c80fab","[""read(\""user:6a98006d21a25a9a48fc\"")""]","2026-09-02T10:57:52.224+00:00","2026-09-02T10:57:52.224+00:00","278567","false",
"6a980250da8f4ad3bd25","[""read(\""user:6a86f55b003bc2233173\"")""]","2026-09-02T11:02:41.020+00:00","2026-09-02T11:02:41.020+00:00","642906","false",
"6a98025f8b6d65b7bbcf","[""read(\""user:6a9802415bbbb788bb39\"")""]","2026-09-02T11:02:55.674+00:00","2026-09-02T11:02:55.674+00:00","071763","false",
"6a980722bc024d7d1995","[""read(\""user:6a96768949381c3508cb\"")""]","2026-09-02T11:23:14.885+00:00","2026-09-02T11:23:14.885+00:00","373216","false",
"6a9807b8d4e485b36749","[""read(\""user:6a980785a760dadc1d89\"")""]","2026-09-02T11:25:45.043+00:00","2026-09-02T11:25:45.043+00:00","464381","false",
"6a98110b6face017e634","[""read(\""user:6a19e6e1c0957def6126\"")""]","2026-09-02T12:05:31.560+00:00","2026-09-02T12:05:31.560+00:00","291293","false",
"6a98110f65610e5f3f11","[""read(\""user:6a19e6e1c0957def6126\"")""]","2026-09-02T12:05:35.552+00:00","2026-09-02T12:05:35.552+00:00","145275","false",
"6a98173a1ab21f33a659","[""read(\""user:6a892b820010e3cce318\"")""]","2026-09-02T12:31:54.232+00:00","2026-09-02T12:31:54.232+00:00","264527","false",
"6a981fc558dd5a661a74","[""read(\""user:6a85447803b77a9f35ae\"")""]","2026-09-02T13:08:21.469+00:00","2026-09-02T13:08:21.469+00:00","697312","false",
"6a98217547fcba685564","[""read(\""user:6a85447803b77a9f35ae\"")""]","2026-09-02T13:15:33.414+00:00","2026-09-02T13:15:33.414+00:00","509074","false",
"6a9821c870bb2a77a41f","[""read(\""user:6a85447803b77a9f35ae\"")""]","2026-09-02T13:16:56.583+00:00","2026-09-02T13:16:56.583+00:00","713621","false",
"6a9821da8e65fc9a715e","[""read(\""user:6a981f1b0012bc0e3cbb\"")""]","2026-09-02T13:17:14.683+00:00","2026-09-02T13:17:14.683+00:00","799802","false",
"6a98231ecb49f8174db8","[""read(\""user:6a85447803b77a9f35ae\"")""]","2026-09-02T13:22:38.951+00:00","2026-09-02T13:22:38.951+00:00","609435","false",
"6a982357b1c0c2525003","[""read(\""user:6a981f1b0012bc0e3cbb\"")""]","2026-09-02T13:23:35.829+00:00","2026-09-02T13:23:35.829+00:00","337381","false",
"6a982661045534287880","[""read(\""user:6a85447803b77a9f35ae\"")""]","2026-09-02T13:36:33.363+00:00","2026-09-02T13:36:33.363+00:00","240175","false",
"6a9834a089db86f8a390","[""read(\""user:6a843b13000b9b6a5b5e\"")""]","2026-09-02T14:37:20.670+00:00","2026-09-02T14:37:20.670+00:00","881926","false",
"6a983593866c585eeb8e","[""read(\""user:6a843b13000b9b6a5b5e\"")""]","2026-09-02T14:41:23.662+00:00","2026-09-02T14:41:23.662+00:00","302453","false",
"6a9835d8e5bf4ff28de1","[""read(\""user:6a843b13000b9b6a5b5e\"")""]","2026-09-02T14:42:33.051+00:00","2026-09-02T14:42:33.051+00:00","151079","false",
"6a984e62d1278b84d30e","[""read(\""user:69f024856e706466b984\"")""]","2026-09-02T16:27:14.980+00:00","2026-09-02T16:27:14.980+00:00","618290","false",
"6a98714039d375477019","[""read(\""user:6a98701463708880f069\"")""]","2026-09-02T18:56:00.348+00:00","2026-09-02T18:56:00.348+00:00","331729","false",
"6a98d24b0277ad42395d","[""read(\""user:6a98d1bfeb49f85ea76b\"")""]","2026-09-03T01:50:03.128+00:00","2026-09-03T01:50:03.128+00:00","466119","false",
"6a98dbfa3eadcbbc724b","[""read(\""user:6a98dbc48a753e9afa2f\"")""]","2026-09-03T02:31:22.361+00:00","2026-09-03T02:31:22.361+00:00","342140","false",
"6a98ddb1831766a0136d","[""read(\""user:6a9791ee94c60211b203\"")""]","2026-09-03T02:38:41.640+00:00","2026-09-03T02:38:41.640+00:00","652313","false",
"6a98e0a11e5777ea930d","[""read(\""user:6a98e063b3e66b5c3981\"")""]","2026-09-03T02:51:13.228+00:00","2026-09-03T02:51:13.228+00:00","944130","false",
"6a98e2a2d39f8c8e645b","[""read(\""user:6a6b1af241fb134b9e9b\"")""]","2026-09-03T02:59:46.966+00:00","2026-09-03T02:59:46.966+00:00","644844","false",
"6a98e2e54a5a47c62436","[""read(\""user:69eb06f25870c736dc01\"")""]","2026-09-03T03:00:53.412+00:00","2026-09-03T03:00:53.412+00:00","745716","false",
"6a98e3472eba53c5012f","[""read(\""user:69eb06f25870c736dc01\"")""]","2026-09-03T03:02:31.290+00:00","2026-09-03T03:02:31.290+00:00","022140","false",
"6a98e3acdd1c6a03c951","[""read(\""user:69f19decb8f1ff4b1d57\"")""]","2026-09-03T03:04:13.006+00:00","2026-09-03T03:04:13.006+00:00","883219","false",
"6a98e3f530c8749d25f7","[""read(\""user:6a98e2fb00125b9917c5\"")""]","2026-09-03T03:05:25.303+00:00","2026-09-03T03:05:25.303+00:00","882699","false",
"6a98e436820edd0ba959","[""read(\""user:69f9b27dc7e36aa667c7\"")""]","2026-09-03T03:06:30.630+00:00","2026-09-03T03:06:30.630+00:00","485949","false",
"6a98e4c6018879e933f7","[""read(\""user:6a98e3cace3d80c811bd\"")""]","2026-09-03T03:08:54.115+00:00","2026-09-03T03:08:54.115+00:00","598361","false",
"6a98e57b7f2d68ce3cc1","[""read(\""user:69f9b27dc7e36aa667c7\"")""]","2026-09-03T03:11:55.621+00:00","2026-09-03T03:11:55.621+00:00","891037","false",
"6a98e58e1e1a130fc43d","[""read(\""user:6a05531c4e04948dc978\"")""]","2026-09-03T03:12:14.237+00:00","2026-09-03T03:12:14.237+00:00","144722","false",
"6a98e5b08ccc1f769444","[""read(\""user:69f3072a0c21a9ff21cd\"")""]","2026-09-03T03:12:48.676+00:00","2026-09-03T03:12:48.676+00:00","675563","false",
"6a98e5ed297ab5650fcb","[""read(\""user:6a8d6eec32a05ce5cd9e\"")""]","2026-09-03T03:13:49.287+00:00","2026-09-03T03:13:49.287+00:00","951467","false",
"6a98e6093ffc3777af03","[""read(\""user:69f176140ba78a85b574\"")""]","2026-09-03T03:14:17.365+00:00","2026-09-03T03:14:17.365+00:00","920568","false",
"6a98e61280ffbbeed8c8","[""read(\""user:69ec32f6f2fb73954a25\"")""]","2026-09-03T03:14:26.626+00:00","2026-09-03T03:14:26.626+00:00","162494","false",
"6a98e682b50fa8e4b447","[""read(\""user:69f176140ba78a85b574\"")""]","2026-09-03T03:16:18.845+00:00","2026-09-03T03:16:18.845+00:00","112569","false",
"6a98e68ef3786a9f70dc","[""read(\""user:69f176140ba78a85b574\"")""]","2026-09-03T03:16:31.103+00:00","2026-09-03T03:16:31.103+00:00","232952","false",
"6a98e69009d839673db7","[""read(\""user:6a79446fa7ffa39e92e1\"")""]","2026-09-03T03:16:32.136+00:00","2026-09-03T03:16:32.136+00:00","443197","false",
"6a98e6b23d61abfe138f","[""read(\""user:6a79446fa7ffa39e92e1\"")""]","2026-09-03T03:17:06.356+00:00","2026-09-03T03:17:06.356+00:00","111727","false",
"6a98e6df43a1fa12c592","[""read(\""user:69ec32f6f2fb73954a25\"")""]","2026-09-03T03:17:51.386+00:00","2026-09-03T03:17:51.386+00:00","519306","false",
"6a98e72db11a7691a5f4","[""read(\""user:69ff0412acae5aed095d\"")""]","2026-09-03T03:19:09.823+00:00","2026-09-03T03:19:09.823+00:00","630070","false",
"6a98e739e44dfd8c9072","[""read(\""user:69ec32f6f2fb73954a25\"")""]","2026-09-03T03:19:22.043+00:00","2026-09-03T03:19:22.043+00:00","828398","false",
"6a98e783e01f3834be8a","[""read(\""user:6a79446fa7ffa39e92e1\"")""]","2026-09-03T03:20:36.024+00:00","2026-09-03T03:20:36.024+00:00","082191","false",
"6a98e80d4e33c8f71c7c","[""read(\""user:69f811ac2880990222e5\"")""]","2026-09-03T03:22:53.424+00:00","2026-09-03T03:22:53.424+00:00","286650","false",
"6a98e83a2bdd9e3bc957","[""read(\""user:69ec32f6f2fb73954a25\"")""]","2026-09-03T03:23:38.698+00:00","2026-09-03T03:23:38.698+00:00","922855","false",
"6a98e83ae830512e6567","[""read(\""user:6a20fda3031056266082\"")""]","2026-09-03T03:23:39.061+00:00","2026-09-03T03:23:39.061+00:00","610985","false",
"6a98e851d342b14cc947","[""read(\""user:6a20fda3031056266082\"")""]","2026-09-03T03:24:02.189+00:00","2026-09-03T03:24:02.189+00:00","182095","false",
"6a98e91505faa24a7f8b","[""read(\""user:69f811ac2880990222e5\"")""]","2026-09-03T03:27:17.124+00:00","2026-09-03T03:27:17.124+00:00","266773","false",
"6a98e9178ec2f4388fbf","[""read(\""user:6a83e17c06155450f298\"")""]","2026-09-03T03:27:19.697+00:00","2026-09-03T03:27:19.697+00:00","923140","false",
"6a98e921815c31dddf20","[""read(\""user:69f811ac2880990222e5\"")""]","2026-09-03T03:27:29.630+00:00","2026-09-03T03:27:29.630+00:00","209441","false",
"6a98e93350bb32ff7ef3","[""read(\""user:6a4c9eed086fdeee2f48\"")""]","2026-09-03T03:27:47.437+00:00","2026-09-03T03:27:47.437+00:00","292676","false",
"6a98e9366774699968d4","[""read(\""user:69f811ac2880990222e5\"")""]","2026-09-03T03:27:50.532+00:00","2026-09-03T03:27:50.532+00:00","258258","false",
"6a98e97bc71733139904","[""read(\""user:6a4b38ec5106b45c28e1\"")""]","2026-09-03T03:28:59.923+00:00","2026-09-03T03:28:59.923+00:00","753199","false",
"6a98e9a30cd5da6aba7b","[""read(\""user:6a20fda3031056266082\"")""]","2026-09-03T03:29:39.160+00:00","2026-09-03T03:29:39.160+00:00","073818","false",
"6a98e9eae876edee176b","[""read(\""user:6a20fda3031056266082\"")""]","2026-09-03T03:30:51.058+00:00","2026-09-03T03:30:51.058+00:00","947772","false",
"6a98ea040016d46e18c0","[""read(\""user:6a20fda3031056266082\"")""]","2026-09-03T03:31:16.127+00:00","2026-09-03T03:31:16.127+00:00","510549","false",
"6a98ea2f2a6688a0bb64","[""read(\""user:6a87f78eb7bc20b698f7\"")""]","2026-09-03T03:31:59.285+00:00","2026-09-03T03:31:59.285+00:00","788857","false",
"6a98ec469041d8b3f2f4","[""read(\""user:69f02d3cb02a7f16c328\"")""]","2026-09-03T03:40:54.685+00:00","2026-09-03T03:40:54.685+00:00","611633","false",
"6a98edb4ece9512470ae","[""read(\""user:6a1d0834b4aa4956a50d\"")""]","2026-09-03T03:47:01.090+00:00","2026-09-03T03:47:01.090+00:00","307201","false",
"6a98ee17646889243730","[""read(\""user:6a0554a7bd47ca065de8\"")""]","2026-09-03T03:48:39.529+00:00","2026-09-03T03:48:39.529+00:00","917499","false",
"6a98ef18c986a2d94841","[""read(\""user:69ef30a0283401ef6d85\"")""]","2026-09-03T03:52:56.937+00:00","2026-09-03T03:52:56.937+00:00","359778","false",
"6a98ef386b9d9092871a","[""read(\""user:6a98ee63181840244d99\"")""]","2026-09-03T03:53:28.592+00:00","2026-09-03T03:53:28.592+00:00","914379","false",
"6a98ef8951931f8684fb","[""read(\""user:6a98ef4a7b741c95f345\"")""]","2026-09-03T03:54:49.448+00:00","2026-09-03T03:54:49.448+00:00","249147","false",
"6a98f0c563851db7d208","[""read(\""user:6a98f003c5d0489b25a5\"")""]","2026-09-03T04:00:05.521+00:00","2026-09-03T04:00:05.521+00:00","887252","false",
"6a98f26bad456c026c7b","[""read(\""user:69fc658f8b5db1d6a791\"")""]","2026-09-03T04:07:07.820+00:00","2026-09-03T04:07:07.820+00:00","359345","false",
"6a98f3e8869e70eaefde","[""read(\""user:6a0554a7bd47ca065de8\"")""]","2026-09-03T04:13:28.665+00:00","2026-09-03T04:13:28.665+00:00","849865","false",
"6a98f421d63edbb98dd6","[""read(\""user:69ec2edd58c2bace08c3\"")""]","2026-09-03T04:14:26.024+00:00","2026-09-03T04:14:26.024+00:00","457164","false",
"6a98f445dd24fe9ce5f8","[""read(\""user:6a98f3b200031c8c7ff6\"")""]","2026-09-03T04:15:02.025+00:00","2026-09-03T04:15:02.025+00:00","026610","false",
"6a98f49df29e49576a67","[""read(\""user:6a98f466000a853d9bd9\"")""]","2026-09-03T04:16:30.101+00:00","2026-09-03T04:16:30.101+00:00","189723","false",
"6a98f4a2899ae9e88298","[""read(\""user:6a98f3a162690802d848\"")""]","2026-09-03T04:16:34.676+00:00","2026-09-03T04:16:34.676+00:00","280668","false",
"6a98f4a3425a7b5a5fbb","[""read(\""user:69ec2edd58c2bace08c3\"")""]","2026-09-03T04:16:35.388+00:00","2026-09-03T04:16:35.388+00:00","026440","false",
"6a98f51c09c5f413dc4a","[""read(\""user:6a86f55b003bc2233173\"")""]","2026-09-03T04:18:36.145+00:00","2026-09-03T04:18:36.145+00:00","224822","false",
"6a98f525e8d098046e83","[""read(\""user:6a98f351c1a0c81ed339\"")""]","2026-09-03T04:18:46.098+00:00","2026-09-03T04:18:46.098+00:00","657445","false",
"6a98f52a1ee39ed67b7a","[""read(\""user:6a98f3b200031c8c7ff6\"")""]","2026-09-03T04:18:50.241+00:00","2026-09-03T04:18:50.241+00:00","694930","false",
"6a98f557e9380b40c625","[""read(\""user:6a86f55b003bc2233173\"")""]","2026-09-03T04:19:36.073+00:00","2026-09-03T04:19:36.073+00:00","778533","false",
"6a98f56067d61905578b","[""read(\""user:6a98f4db76f45311a32b\"")""]","2026-09-03T04:19:44.544+00:00","2026-09-03T04:19:44.544+00:00","548378","false",
"6a98f5b6d8204a2c0816","[""read(\""user:69fc479bdef889473c82\"")""]","2026-09-03T04:21:11.016+00:00","2026-09-03T04:21:11.016+00:00","787169","false",
"6a98f5d2dc353794d005","[""read(\""user:6a98f3b200031c8c7ff6\"")""]","2026-09-03T04:21:39.009+00:00","2026-09-03T04:21:39.009+00:00","807476","false",
"6a98f6391b08a2d3ba1a","[""read(\""user:6a5f43e1c6ca8e9b1308\"")""]","2026-09-03T04:23:21.225+00:00","2026-09-03T04:23:21.225+00:00","079646","false",
"6a98f65772809ca0789e","[""read(\""user:69ec2edd58c2bace08c3\"")""]","2026-09-03T04:23:51.577+00:00","2026-09-03T04:23:51.577+00:00","294780","false",
"6a98f6616dfa8d2f3f12","[""read(\""user:69fc479bdef889473c82\"")""]","2026-09-03T04:24:01.584+00:00","2026-09-03T04:24:01.584+00:00","011399","false",
"6a98f679ee3c4f8aded1","[""read(\""user:69ff67b5002de37f2676\"")""]","2026-09-03T04:24:26.104+00:00","2026-09-03T04:24:26.104+00:00","027025","false",
"6a98f69ab7695a2e58e0","[""read(\""user:69ff67b5002de37f2676\"")""]","2026-09-03T04:24:58.867+00:00","2026-09-03T04:24:58.867+00:00","558791","false",
"6a98f70461882d4c72ab","[""read(\""user:69eb3fa9d88184add5e5\"")""]","2026-09-03T04:26:44.514+00:00","2026-09-03T04:26:44.514+00:00","719837","false",
"6a98f710692c094a36e9","[""read(\""user:69ff67b5002de37f2676\"")""]","2026-09-03T04:26:56.790+00:00","2026-09-03T04:26:56.790+00:00","075459","false",
"6a98f75408e3dd6876c6","[""read(\""user:6a98f6a4001f68542c24\"")""]","2026-09-03T04:28:04.150+00:00","2026-09-03T04:28:04.150+00:00","140168","false",
"6a98f806a2209b340b13","[""read(\""user:6a98f7d8a273b9aafed0\"")""]","2026-09-03T04:31:02.786+00:00","2026-09-03T04:31:02.786+00:00","515195","false",
"6a98f824e2dc5d4a3d8c","[""read(\""user:6a98f3b200031c8c7ff6\"")""]","2026-09-03T04:31:33.041+00:00","2026-09-03T04:31:33.041+00:00","554400","false",
"6a98f8664090011445eb","[""read(\""user:69ff67b5002de37f2676\"")""]","2026-09-03T04:32:38.378+00:00","2026-09-03T04:32:38.378+00:00","755595","false",
"6a98f8994612f0bb1590","[""read(\""user:6a73f8b8245f41dc819e\"")""]","2026-09-03T04:33:29.407+00:00","2026-09-03T04:33:29.407+00:00","114131","false",
"6a98f961f2401a874999","[""read(\""user:6a98f3b200031c8c7ff6\"")""]","2026-09-03T04:36:50.105+00:00","2026-09-03T04:36:50.105+00:00","226003","false",
"6a98f981e57811d50407","[""read(\""user:69eb3fa9d88184add5e5\"")""]","2026-09-03T04:37:22.048+00:00","2026-09-03T04:37:22.048+00:00","348212","false",
"6a98f9bd34e03963710d","[""read(\""user:69ff67b5002de37f2676\"")""]","2026-09-03T04:38:21.383+00:00","2026-09-03T04:38:21.383+00:00","720320","false",
"6a98f9d883f7ddc84808","[""read(\""user:6a76ef050012d4d3ce9d\"")""]","2026-09-03T04:38:48.667+00:00","2026-09-03T04:38:48.667+00:00","005913","false",
"6a98f9fb415907f023a9","[""read(\""user:69eb3fa9d88184add5e5\"")""]","2026-09-03T04:39:23.843+00:00","2026-09-03T04:39:23.843+00:00","184670","false",
"6a98fa3221d1df155446","[""read(\""user:69ff67b5002de37f2676\"")""]","2026-09-03T04:40:18.250+00:00","2026-09-03T04:40:18.250+00:00","522770","false",
"6a98faab0e128edcb9fd","[""read(\""user:69ff67b5002de37f2676\"")""]","2026-09-03T04:42:19.201+00:00","2026-09-03T04:42:19.201+00:00","412873","false",
"6a98fb334caecd23c56b","[""read(\""user:6a98f3b200031c8c7ff6\"")""]","2026-09-03T04:44:35.438+00:00","2026-09-03T04:44:35.438+00:00","562346","false",
"6a98fb531a0b5956fec4","[""read(\""user:69eadf8914d70a240f86\"")""]","2026-09-03T04:45:07.225+00:00","2026-09-03T04:45:07.225+00:00","646059","false",
"6a98fb539368a1a0ea75","[""read(\""user:6a6049f3003a42220cec\"")""]","2026-09-03T04:45:07.726+00:00","2026-09-03T04:45:07.726+00:00","984090","false",
"6a98fc2106620525b899","[""read(\""user:69ff67b5002de37f2676\"")""]","2026-09-03T04:48:33.162+00:00","2026-09-03T04:48:33.162+00:00","180344","false",
"6a98fc26a94e1fb59768","[""read(\""user:6a98f3b200031c8c7ff6\"")""]","2026-09-03T04:48:38.842+00:00","2026-09-03T04:48:38.842+00:00","685070","false",
"6a98fc2ea61a5b9d6220","[""read(\""user:6a1d2222619e2bb3bcd1\"")""]","2026-09-03T04:48:46.793+00:00","2026-09-03T04:48:46.793+00:00","880189","false",
"6a98fcefe260f07d2577","[""read(\""user:6a76ef050012d4d3ce9d\"")""]","2026-09-03T04:52:00.042+00:00","2026-09-03T04:52:00.042+00:00","973264","false",
"6a98fd4b632d23e0ad8e","[""read(\""user:6a0be845b519ed6540ed\"")""]","2026-09-03T04:53:31.557+00:00","2026-09-03T04:53:31.557+00:00","971838","false",
"6a98fdddd835e45a2c5c","[""read(\""user:6a98fdb31ee6c8faa209\"")""]","2026-09-03T04:55:58.001+00:00","2026-09-03T04:55:58.001+00:00","888596","false",
"6a98fdedf3c0ba4e55ab","[""read(\""user:6a06d174be6e4bdbf212\"")""]","2026-09-03T04:56:14.126+00:00","2026-09-03T04:56:14.126+00:00","592682","false",
"6a98fe8f4a7949b5f53d","[""read(\""user:6a0be845b519ed6540ed\"")""]","2026-09-03T04:58:55.451+00:00","2026-09-03T04:58:55.451+00:00","293251","false",
"6a98fec84f65d9018fd4","[""read(\""user:6a1d09a694c3b9393f75\"")""]","2026-09-03T04:59:52.447+00:00","2026-09-03T04:59:52.447+00:00","902799","false",
"6a98fee0e6ca96eac523","[""read(\""user:6a97d92bc7bccd7ed1b2\"")""]","2026-09-03T05:00:17.078+00:00","2026-09-03T05:00:17.078+00:00","019315","false",
"6a98fefe905746b15c3a","[""read(\""user:6a98feac751bad8da4f7\"")""]","2026-09-03T05:00:46.710+00:00","2026-09-03T05:00:46.710+00:00","945784","false",
"6a98ff48e0c117609c35","[""read(\""user:69eedca364dda2ff70b5\"")""]","2026-09-03T05:02:01.371+00:00","2026-09-03T05:02:01.371+00:00","751622","false",
"6a98ff6567544deb78a2","[""read(\""user:6a97cffee25973ae55fb\"")""]","2026-09-03T05:02:29.858+00:00","2026-09-03T05:02:29.858+00:00","573166","false",
"6a98ff9b1a3a757f7d55","[""read(\""user:6a98f65a0005dccb6904\"")""]","2026-09-03T05:03:23.566+00:00","2026-09-03T05:03:23.566+00:00","346369","false",
"6a98ffcf5eca34dd60e5","[""read(\""user:69f1b13c9da01ee624d7\"")""]","2026-09-03T05:04:15.851+00:00","2026-09-03T05:04:15.851+00:00","118956","false",
"6a98ffee4223365f90e5","[""read(\""user:69fad7ab79a803b5ec27\"")""]","2026-09-03T05:04:46.806+00:00","2026-09-03T05:04:46.806+00:00","840010","false",
"6a99004638a754340ac7","[""read(\""user:6a97cffee25973ae55fb\"")""]","2026-09-03T05:06:14.667+00:00","2026-09-03T05:06:14.667+00:00","611272","false",
"6a990059ccb15d6dd42c","[""read(\""user:69eedca364dda2ff70b5\"")""]","2026-09-03T05:06:34.262+00:00","2026-09-03T05:06:34.262+00:00","163646","false",
"6a99008356d6df533ab5","[""read(\""user:69f1b13c9da01ee624d7\"")""]","2026-09-03T05:07:15.801+00:00","2026-09-03T05:07:15.801+00:00","372198","false",
"6a9900b344b4eb99ad13","[""read(\""user:6a96804cb8f270a30e6f\"")""]","2026-09-03T05:08:04.135+00:00","2026-09-03T05:08:04.135+00:00","034348","false",
"6a9900bfa4fa57b3ef38","[""read(\""user:69f1b13c9da01ee624d7\"")""]","2026-09-03T05:08:16.292+00:00","2026-09-03T05:08:16.292+00:00","462514","false",
"6a9900d265f94bc74fca","[""read(\""user:6a01b1c00006aa8ae30b\"")""]","2026-09-03T05:08:34.883+00:00","2026-09-03T05:08:34.883+00:00","567289","false",
"6a9900e5be1b9d20c010","[""read(\""user:69eefd890d69fd503c77\"")""]","2026-09-03T05:08:54.593+00:00","2026-09-03T05:08:54.593+00:00","136066","false",
"6a9901ceb28aa12df08e","[""read(\""user:6a96804cb8f270a30e6f\"")""]","2026-09-03T05:12:47.162+00:00","2026-09-03T05:12:47.162+00:00","573288","false",
"6a9901ea6472da3a6ce9","[""read(\""user:69eedca364dda2ff70b5\"")""]","2026-09-03T05:13:14.838+00:00","2026-09-03T05:13:14.838+00:00","813487","false",
"6a99026d5d881ab9a7a8","[""read(\""user:6a5daf7bef7339ea8032\"")""]","2026-09-03T05:15:25.818+00:00","2026-09-03T05:15:25.818+00:00","706114","false",
"6a99028f4b5a273bf556","[""read(\""user:6a9902094d79c3250569\"")""]","2026-09-03T05:15:59.748+00:00","2026-09-03T05:15:59.748+00:00","783503","false",
"6a990332340681861893","[""read(\""user:6a990288b7da4c5dbc35\"")""]","2026-09-03T05:18:42.658+00:00","2026-09-03T05:18:42.658+00:00","989108","false",
"6a9903683afe24d4b7e1","[""read(\""user:69ef30d0ae59eab6af82\"")""]","2026-09-03T05:19:36.678+00:00","2026-09-03T05:19:36.678+00:00","772061","false",
"6a9903ad3eac6167baba","[""read(\""user:69f9796ee2f8616647d3\"")""]","2026-09-03T05:20:45.674+00:00","2026-09-03T05:20:45.674+00:00","947950","false",
"6a9903c7e0fdc646f232","[""read(\""user:6a99038adaee63e517aa\"")""]","2026-09-03T05:21:12.462+00:00","2026-09-03T05:21:12.462+00:00","876139","false",
"6a990402767d0092c3e0","[""read(\""user:6a9902094d79c3250569\"")""]","2026-09-03T05:22:11.016+00:00","2026-09-03T05:22:11.016+00:00","965769","false",
"6a9904034d7afd718c2d","[""read(\""user:69f9796ee2f8616647d3\"")""]","2026-09-03T05:22:11.747+00:00","2026-09-03T05:22:11.747+00:00","027070","false",
"6a99042670d6735f5c23","[""read(\""user:6a99038adaee63e517aa\"")""]","2026-09-03T05:22:47.253+00:00","2026-09-03T05:22:47.253+00:00","250666","false",
"6a990481325498d603d8","[""read(\""user:6a056b236678ee4f7578\"")""]","2026-09-03T05:24:17.668+00:00","2026-09-03T05:24:17.668+00:00","140498","false",
"6a9904a2ee961e93d5ca","[""read(\""user:6a97d92bc7bccd7ed1b2\"")""]","2026-09-03T05:24:51.411+00:00","2026-09-03T05:24:51.411+00:00","284125","false",
"6a9904c53a89760cbd57","[""read(\""user:6a97d92bc7bccd7ed1b2\"")""]","2026-09-03T05:25:25.675+00:00","2026-09-03T05:25:25.675+00:00","594966","false",
"6a9905352a22accf797c","[""read(\""user:6a9902094d79c3250569\"")""]","2026-09-03T05:27:17.612+00:00","2026-09-03T05:27:17.612+00:00","274713","false",
"6a99060bd712cbb45e6c","[""read(\""user:6a5da0ea2ff4ffb0f297\"")""]","2026-09-03T05:30:52.348+00:00","2026-09-03T05:30:52.348+00:00","749206","false",
"6a990622c226fb310fa5","[""read(\""user:6a97b91b392b20c1d480\"")""]","2026-09-03T05:31:15.289+00:00","2026-09-03T05:31:15.289+00:00","472800","false",
"6a9906710d4446e386ce","[""read(\""user:69ff67b5002de37f2676\"")""]","2026-09-03T05:32:33.477+00:00","2026-09-03T05:32:33.477+00:00","398255","false",
"6a9906ae50627b69a5ce","[""read(\""user:6a990638002df91944a1\"")""]","2026-09-03T05:33:34.760+00:00","2026-09-03T05:33:34.760+00:00","485335","false",
"6a9906b5d7ee2b3cc5af","[""read(\""user:6a99051c9c1684316314\"")""]","2026-09-03T05:33:42.424+00:00","2026-09-03T05:33:42.424+00:00","859274","false",
"6a9906d0365e57752801","[""read(\""user:6a51c99a7ad9690239f2\"")""]","2026-09-03T05:34:08.651+00:00","2026-09-03T05:34:08.651+00:00","397892","false",
"6a9906e61ec7da59cbc1","[""read(\""user:69ef28a20022ec170741\"")""]","2026-09-03T05:34:30.811+00:00","2026-09-03T05:34:30.811+00:00","387860","false",
"6a9907610d873152f3e4","[""read(\""user:6a99051c9c1684316314\"")""]","2026-09-03T05:36:33.675+00:00","2026-09-03T05:36:33.675+00:00","213296","false",
"6a9907621f51777ebc19","[""read(\""user:6a0804c90020c4ed0d55\"")""]","2026-09-03T05:36:34.582+00:00","2026-09-03T05:36:34.582+00:00","136270","false",
"6a9907a3890bcacf86e7","[""read(\""user:6a928c754b2c7cc7e307\"")""]","2026-09-03T05:37:40.000+00:00","2026-09-03T05:37:40.000+00:00","219038","false",
"6a9907e1c12acc77ba85","[""read(\""user:69ff67b5002de37f2676\"")""]","2026-09-03T05:38:42.227+00:00","2026-09-03T05:38:42.227+00:00","703567","false",
"6a99084eb4f70ffd67ca","[""read(\""user:6a99075f003a06a81f23\"")""]","2026-09-03T05:40:31.211+00:00","2026-09-03T05:40:31.211+00:00","996421","false",
"6a99086c95cc954d3cfe","[""read(\""user:6a990638002df91944a1\"")""]","2026-09-03T05:41:01.041+00:00","2026-09-03T05:41:01.041+00:00","136123","false",
"6a990997f187b117df0b","[""read(\""user:6a990638002df91944a1\"")""]","2026-09-03T05:46:00.414+00:00","2026-09-03T05:46:00.414+00:00","517372","false",
"6a990a61113742f08959","[""read(\""user:6a0ae6a42b068b2d2f5a\"")""]","2026-09-03T05:49:21.509+00:00","2026-09-03T05:49:21.509+00:00","864666","false",
"6a990a65b70d13f73211","[""read(\""user:69ff67b5002de37f2676\"")""]","2026-09-03T05:49:26.181+00:00","2026-09-03T05:49:26.181+00:00","185497","false",
"6a990a76267060941f71","[""read(\""user:6a990a13aa518fadb850\"")""]","2026-09-03T05:49:42.587+00:00","2026-09-03T05:49:42.587+00:00","133843","false",
"6a990b05075346132cdd","[""read(\""user:6a990a6f0011284c8f25\"")""]","2026-09-03T05:52:05.504+00:00","2026-09-03T05:52:05.504+00:00","834700","false",
"6a990b1b4f93e9a67d6f","[""read(\""user:6a99075f003a06a81f23\"")""]","2026-09-03T05:52:27.799+00:00","2026-09-03T05:52:27.799+00:00","077702","false",
"6a990b2d0c85f0c02419","[""read(\""user:6a9008d6e0ec5208f149\"")""]","2026-09-03T05:52:45.508+00:00","2026-09-03T05:52:45.508+00:00","115385","false",
"6a990b4b6089b1a99a8c","[""read(\""user:6a990b10a5c53f54d9f5\"")""]","2026-09-03T05:53:15.971+00:00","2026-09-03T05:53:15.971+00:00","043530","false",
"6a990bbb25071c88f1bf","[""read(\""user:6a98e3cace3d80c811bd\"")""]","2026-09-03T05:55:07.607+00:00","2026-09-03T05:55:07.607+00:00","500147","false",
"6a990c026dab75916cd8","[""read(\""user:6a990b10a5c53f54d9f5\"")""]","2026-09-03T05:56:18.868+00:00","2026-09-03T05:56:18.868+00:00","269110","false",
"6a990c04aa1b5ce1fdbb","[""read(\""user:6a99093329db7bddb9cc\"")""]","2026-09-03T05:56:21.125+00:00","2026-09-03T05:56:21.125+00:00","351151","false",
"6a990c4f4448b39655d4","[""read(\""user:6a6aed4c6bfb9c395408\"")""]","2026-09-03T05:57:35.713+00:00","2026-09-03T05:57:35.713+00:00","417636","false",
"6a990c6bee3c763bb68a","[""read(\""user:6a57101441668f1ae3f1\"")""]","2026-09-03T05:58:04.418+00:00","2026-09-03T05:58:04.418+00:00","525545","false",
"6a990c9ea37c7e97384d","[""read(\""user:6a990c62844cbe28e886\"")""]","2026-09-03T05:58:55.099+00:00","2026-09-03T05:58:55.099+00:00","148400","false",
"6a990d0e881aadc5edf4","[""read(\""user:6a98e3cace3d80c811bd\"")""]","2026-09-03T06:00:47.101+00:00","2026-09-03T06:00:47.101+00:00","064277","false",
"6a990d4abc1b19f65ab3","[""read(\""user:6a99051c9c1684316314\"")""]","2026-09-03T06:01:47.350+00:00","2026-09-03T06:01:47.350+00:00","060750","false",
"6a990d57e3eb3b3697dc","[""read(\""user:6a990cd0003df07f8119\"")""]","2026-09-03T06:02:00.364+00:00","2026-09-03T06:02:00.364+00:00","779344","false",
"6a990dc361910b640ae1","[""read(\""user:6a8bc5ad0015102e1fd1\"")""]","2026-09-03T06:03:47.990+00:00","2026-09-03T06:03:47.990+00:00","833490","false",
"6a990de888d6a2f47324","[""read(\""user:6a8bc5ad0015102e1fd1\"")""]","2026-09-03T06:04:25.144+00:00","2026-09-03T06:04:25.144+00:00","914909","false",
"6a990dfce65b392a79d7","[""read(\""user:6a990c62844cbe28e886\"")""]","2026-09-03T06:04:45.539+00:00","2026-09-03T06:04:45.539+00:00","549041","false",
"6a990ebbaff7dc9dd00c","[""read(\""user:6a928c754b2c7cc7e307\"")""]","2026-09-03T06:07:56.663+00:00","2026-09-03T06:07:56.663+00:00","818218","false",
"6a990f1494deba2b4586","[""read(\""user:6a9008d6e0ec5208f149\"")""]","2026-09-03T06:09:25.061+00:00","2026-09-03T06:09:25.061+00:00","790721","false",
"6a990f149639d2278940","[""read(\""user:6a990e4a001af062ca28\"")""]","2026-09-03T06:09:25.073+00:00","2026-09-03T06:09:25.073+00:00","064082","false",
"6a990f171a0186d7aabe","[""read(\""user:6a99051c9c1684316314\"")""]","2026-09-03T06:09:27.964+00:00","2026-09-03T06:09:27.964+00:00","928325","false",
"6a990f6c7342b9e9fd57","[""read(\""user:6a99093329db7bddb9cc\"")""]","2026-09-03T06:10:52.966+00:00","2026-09-03T06:10:52.966+00:00","561752","false",
"6a990f8265a306042798","[""read(\""user:6a99051c9c1684316314\"")""]","2026-09-03T06:11:15.022+00:00","2026-09-03T06:11:15.022+00:00","885062","false",
"6a990ff1d1b74a3cea34","[""read(\""user:6a99093329db7bddb9cc\"")""]","2026-09-03T06:13:06.395+00:00","2026-09-03T06:13:06.395+00:00","919098","false",
"6a9910c57a6281dbb1f7","[""read(\""user:6a99093329db7bddb9cc\"")""]","2026-09-03T06:16:38.123+00:00","2026-09-03T06:16:38.123+00:00","125486","false",
"6a9910f1eac87ef021cb","[""read(\""user:6a991012e35554e1779d\"")""]","2026-09-03T06:17:22.457+00:00","2026-09-03T06:17:22.457+00:00","172533","false",
"6a99126d3dffffa5b36f","[""read(\""user:6a61ad11001723dbbfd6\"")""]","2026-09-03T06:23:41.810+00:00","2026-09-03T06:23:41.810+00:00","952981","false",
"6a9913ec3d0aec5d248f","[""read(\""user:6a99137bc25e29f548e0\"")""]","2026-09-03T06:30:04.744+00:00","2026-09-03T06:30:04.744+00:00","337587","false",
"6a99140027f1ff634e9f","[""read(\""user:6a06b6f800035577409b\"")""]","2026-09-03T06:30:24.717+00:00","2026-09-03T06:30:24.717+00:00","695228","false",
"6a991409ee61c2774a78","[""read(\""user:6a5dd23a2267ed65a7cc\"")""]","2026-09-03T06:30:34.501+00:00","2026-09-03T06:30:34.501+00:00","330362","false",
"6a99146d4e48d58ad0fb","[""read(\""user:6a06b6f800035577409b\"")""]","2026-09-03T06:32:13.931+00:00","2026-09-03T06:32:13.931+00:00","996980","false",
"6a9915000c50bbe3013c","[""read(\""user:6a99146d2e370ca296af\"")""]","2026-09-03T06:34:40.630+00:00","2026-09-03T06:34:40.630+00:00","976790","false",
"6a9915110d8999f95037","[""read(\""user:6a99146d2e370ca296af\"")""]","2026-09-03T06:34:57.619+00:00","2026-09-03T06:34:57.619+00:00","318757","false",
"6a99153c80f9f602cb18","[""read(\""user:6a99137bc25e29f548e0\"")""]","2026-09-03T06:35:41.674+00:00","2026-09-03T06:35:41.674+00:00","758084","false",
"6a99157b2c4c53c7d2cc","[""read(\""user:6a99137bc25e29f548e0\"")""]","2026-09-03T06:36:43.794+00:00","2026-09-03T06:36:43.794+00:00","887876","false",
"6a9915a7c6ade9878655","[""read(\""user:6a99152d1b0d4ee3f038\"")""]","2026-09-03T06:37:28.905+00:00","2026-09-03T06:37:28.905+00:00","965243","false",
"6a991674aad208c557d7","[""read(\""user:6a9915f523d08d07ae45\"")""]","2026-09-03T06:40:53.298+00:00","2026-09-03T06:40:53.298+00:00","798583","false",
"6a9916866f73b09fe8e3","[""read(\""user:6a991586bc5f53a45a61\"")""]","2026-09-03T06:41:11.025+00:00","2026-09-03T06:41:11.025+00:00","121276","false",
"6a99169ac6c60d423343","[""read(\""user:69f82a204d52759abde3\"")""]","2026-09-03T06:41:31.401+00:00","2026-09-03T06:41:31.401+00:00","217076","false",
"6a9916a4d49a06231d41","[""read(\""user:6a928c754b2c7cc7e307\"")""]","2026-09-03T06:41:41.440+00:00","2026-09-03T06:41:41.440+00:00","274158","false",
"6a991786cf9f46a288d6","[""read(\""user:6a99152d1b0d4ee3f038\"")""]","2026-09-03T06:45:27.411+00:00","2026-09-03T06:45:27.411+00:00","829357","false",
"6a9917eba61de44d552a","[""read(\""user:6a991586bc5f53a45a61\"")""]","2026-09-03T06:47:08.177+00:00","2026-09-03T06:47:08.177+00:00","825354","false",
"6a99193c8dc6f46e6a4b","[""read(\""user:6a5d9b228330333b49da\"")""]","2026-09-03T06:52:45.191+00:00","2026-09-03T06:52:45.191+00:00","018550","false",
"6a991960645086e43e10","[""read(\""user:6a99152d1b0d4ee3f038\"")""]","2026-09-03T06:53:21.108+00:00","2026-09-03T06:53:21.108+00:00","241571","false",
"6a9919a2c93b1026a999","[""read(\""user:6a990b10a5c53f54d9f5\"")""]","2026-09-03T06:54:27.337+00:00","2026-09-03T06:54:27.337+00:00","511987","false",
"6a9919a5d439ce2121ad","[""read(\""user:6a9919603e83232c1cc8\"")""]","2026-09-03T06:54:30.382+00:00","2026-09-03T06:54:30.382+00:00","753592","false",
"6a991a38c600a60ea7bb","[""read(\""user:6a9919f3ce25ed52c674\"")""]","2026-09-03T06:56:57.452+00:00","2026-09-03T06:56:57.452+00:00","483332","false",
"6a991a6f4ec5abf88f3c","[""read(\""user:6a9919f21b919ee655cc\"")""]","2026-09-03T06:57:52.304+00:00","2026-09-03T06:57:52.304+00:00","834342","false",
"6a991a7e6ef07cecae2e","[""read(\""user:69f3072a0c21a9ff21cd\"")""]","2026-09-03T06:58:06.904+00:00","2026-09-03T06:58:06.904+00:00","048983","false",
"6a991a8cc2bcfb6097b5","[""read(\""user:69f3072a0c21a9ff21cd\"")""]","2026-09-03T06:58:21.516+00:00","2026-09-03T06:58:21.516+00:00","167968","false",
"6a991a95ec4349a70beb","[""read(\""user:6a6993f4e7f864dafff7\"")""]","2026-09-03T06:58:30.713+00:00","2026-09-03T06:58:30.713+00:00","396445","false",
"6a991ab19b7192226a4b","[""read(\""user:6a955e3065e953beccfa\"")""]","2026-09-03T06:58:58.220+00:00","2026-09-03T06:58:58.220+00:00","230881","false",
"6a991ae26517cc7b1c97","[""read(\""user:6a9290b169c87967e92c\"")""]","2026-09-03T06:59:47.036+00:00","2026-09-03T06:59:47.036+00:00","389489","false",
"6a991b2adc867d7c831c","[""read(\""user:6a5dce40647104b74222\"")""]","2026-09-03T07:00:59.624+00:00","2026-09-03T07:00:59.624+00:00","590819","false",
"6a991b47a4ec86228559","[""read(\""user:6a991a990011593c8140\"")""]","2026-09-03T07:01:28.333+00:00","2026-09-03T07:01:28.333+00:00","469391","false",
"6a991b6c848f0018bb72","[""read(\""user:6a991ab99dd804f2868a\"")""]","2026-09-03T07:02:05.154+00:00","2026-09-03T07:02:05.154+00:00","592171","false",
"6a991b775192075b9db0","[""read(\""user:6a61ad11001723dbbfd6\"")""]","2026-09-03T07:02:15.962+00:00","2026-09-03T07:02:15.962+00:00","577931","false",
"6a991b9a1201c2eacf16","[""read(\""user:6a991a990011593c8140\"")""]","2026-09-03T07:02:50.694+00:00","2026-09-03T07:02:50.694+00:00","205560","false",
"6a991bec1b83754daf17","[""read(\""user:6a6aed4c6bfb9c395408\"")""]","2026-09-03T07:04:13.289+00:00","2026-09-03T07:04:13.289+00:00","585613","false",
"6a991c034ab3df9750b8","[""read(\""user:6a9919f21b919ee655cc\"")""]","2026-09-03T07:04:35.902+00:00","2026-09-03T07:04:35.902+00:00","630473","false",
"6a991c3c5a65cccbc2be","[""read(\""user:6a991719044e486d3960\"")""]","2026-09-03T07:05:33.210+00:00","2026-09-03T07:05:33.210+00:00","182008","false",
"6a991ccfe199e2b17028","[""read(\""user:69ec321ccfc8c17fabdc\"")""]","2026-09-03T07:08:00.534+00:00","2026-09-03T07:08:00.534+00:00","881709","false",
"6a991cf02efeb5647c93","[""read(\""user:6a991cb8f3413ab96d5a\"")""]","2026-09-03T07:08:32.754+00:00","2026-09-03T07:08:32.754+00:00","642394","false",
"6a991d6a6634c7566dfe","[""read(\""user:6a74529b0003f256597e\"")""]","2026-09-03T07:10:35.321+00:00","2026-09-03T07:10:35.321+00:00","360347","false",
"6a991dcba46f892704c7","[""read(\""user:6a57618eeddc47b4e02c\"")""]","2026-09-03T07:12:12.249+00:00","2026-09-03T07:12:12.249+00:00","335433","false",
"6a991e92ad3825c37a5e","[""read(\""user:6a9535160006265c826f\"")""]","2026-09-03T07:15:31.364+00:00","2026-09-03T07:15:31.364+00:00","154191","false",
"6a991ea7e9734115afc5","[""read(\""user:6a991e017d2d286cf46d\"")""]","2026-09-03T07:15:52.464+00:00","2026-09-03T07:15:52.464+00:00","677460","false",
"6a991edbd9dce5f56d2d","[""read(\""user:6a991e14247cf2728290\"")""]","2026-09-03T07:16:44.450+00:00","2026-09-03T07:16:44.450+00:00","494617","false",
"6a991fc735136e14cf59","[""read(\""user:6a5dce40647104b74222\"")""]","2026-09-03T07:20:39.938+00:00","2026-09-03T07:20:39.938+00:00","574031","false",
"6a991ff87c4479c7a1c8","[""read(\""user:6a991fb5001692e5b41d\"")""]","2026-09-03T07:21:29.255+00:00","2026-09-03T07:21:29.255+00:00","308686","false",
"6a991ffb78fa4642d628","[""read(\""user:6a991e14247cf2728290\"")""]","2026-09-03T07:21:32.091+00:00","2026-09-03T07:21:32.091+00:00","627211","false",
"6a99204404344e9c7eb3","[""read(\""user:6a991fd03d399f2ef3f6\"")""]","2026-09-03T07:22:44.599+00:00","2026-09-03T07:22:44.599+00:00","722876","false",
"6a99205420aed2629763","[""read(\""user:6a0be644e270f6ac23b4\"")""]","2026-09-03T07:23:00.679+00:00","2026-09-03T07:23:00.679+00:00","466100","false",
"6a99208542d893f2fec3","[""read(\""user:6a991fa8d65a449e9dd5\"")""]","2026-09-03T07:23:49.805+00:00","2026-09-03T07:23:49.805+00:00","606985","false",
"6a99212e6eaa58e93e32","[""read(\""user:69fd5499574348cfeed3\"")""]","2026-09-03T07:26:39.133+00:00","2026-09-03T07:26:39.133+00:00","998726","false",
"6a99212f6295688c0027","[""read(\""user:6a9535160006265c826f\"")""]","2026-09-03T07:26:39.983+00:00","2026-09-03T07:26:39.983+00:00","537376","false",
"6a99215f93ca59494a48","[""read(\""user:6a8fb510949a2b855316\"")""]","2026-09-03T07:27:28.169+00:00","2026-09-03T07:27:28.169+00:00","829517","false",
"6a9921fed63049f2dda9","[""read(\""user:69fc07c13226480df2e5\"")""]","2026-09-03T07:30:07.339+00:00","2026-09-03T07:30:07.339+00:00","830074","false",
"6a992214ed80caec17b5","[""read(\""user:6a6454ce35d35dc5bb61\"")""]","2026-09-03T07:30:29.653+00:00","2026-09-03T07:30:29.653+00:00","565960","false",
"6a99221f5b16b0488d08","[""read(\""user:6a992092001e3110f769\"")""]","2026-09-03T07:30:40.216+00:00","2026-09-03T07:30:40.216+00:00","562084","false",
"6a9922211c9e61dcbe14","[""read(\""user:6a5dee857ccb31e1ca4a\"")""]","2026-09-03T07:30:41.656+00:00","2026-09-03T07:30:41.656+00:00","847332","false",
"6a99229e3fb28522f8d3","[""read(\""user:6a992092001e3110f769\"")""]","2026-09-03T07:32:46.821+00:00","2026-09-03T07:32:46.821+00:00","553278","false",
"6a9922ba43380ea55a80","[""read(\""user:6a8d1654a53e65e2c115\"")""]","2026-09-03T07:33:14.983+00:00","2026-09-03T07:33:14.983+00:00","338256","false",
"6a9923355f4ed4a9c388","[""read(\""user:6a5dee857ccb31e1ca4a\"")""]","2026-09-03T07:35:17.511+00:00","2026-09-03T07:35:17.511+00:00","167320","false",
"6a9923551527483da7f5","[""read(\""user:69ff67b5002de37f2676\"")""]","2026-09-03T07:35:49.517+00:00","2026-09-03T07:35:49.517+00:00","724710","false",
"6a99238be3d4de89de4b","[""read(\""user:6a9922c8a4255e2be352\"")""]","2026-09-03T07:36:44.378+00:00","2026-09-03T07:36:44.378+00:00","267477","false",
"6a9923c50c59fac4efa3","[""read(\""user:69ff0412acae5aed095d\"")""]","2026-09-03T07:37:41.625+00:00","2026-09-03T07:37:41.625+00:00","349371","false",
"6a9923c83be36445881b","[""read(\""user:6a99238883736bedb09d\"")""]","2026-09-03T07:37:44.815+00:00","2026-09-03T07:37:44.815+00:00","889421","false",
"6a9923ce31be2a27562c","[""read(\""user:6a97dde0ed202a28404c\"")""]","2026-09-03T07:37:50.850+00:00","2026-09-03T07:37:50.850+00:00","270667","false",
"6a992408815d0c857967","[""read(\""user:6a01b1c00006aa8ae30b\"")""]","2026-09-03T07:38:49.318+00:00","2026-09-03T07:38:49.318+00:00","168373","false",
"6a9924320a725df844de","[""read(\""user:6a5dee857ccb31e1ca4a\"")""]","2026-09-03T07:39:30.596+00:00","2026-09-03T07:39:30.596+00:00","372987","false",
"6a992444d5292a24c6bd","[""read(\""user:6a01b1c00006aa8ae30b\"")""]","2026-09-03T07:39:49.476+00:00","2026-09-03T07:39:49.476+00:00","642655","false",
"6a992464cc6de2afc6d1","[""read(\""user:6a01560c2cc4492530ad\"")""]","2026-09-03T07:40:20.952+00:00","2026-09-03T07:40:20.952+00:00","817156","false",
"6a9924f327389cb3aa51","[""read(\""user:6a0831b000021552a83c\"")""]","2026-09-03T07:42:43.284+00:00","2026-09-03T07:42:43.284+00:00","546189","false",
"6a9924f721818c309662","[""read(\""user:69eb109d4ed7084cc25f\"")""]","2026-09-03T07:42:47.340+00:00","2026-09-03T07:42:47.340+00:00","930178","false",
"6a99254bc8b5ff8441ee","[""read(\""user:69fae2e47893ef90d556\"")""]","2026-09-03T07:44:11.955+00:00","2026-09-03T07:44:11.955+00:00","559453","false",
"6a992565e42994fe4d7a","[""read(\""user:69fae2e47893ef90d556\"")""]","2026-09-03T07:44:38.077+00:00","2026-09-03T07:44:38.077+00:00","070126","false",
"6a99256aef9664befa0d","[""read(\""user:6a894641bd40de908284\"")""]","2026-09-03T07:44:43.111+00:00","2026-09-03T07:44:43.111+00:00","370028","false",
"6a9925901e3abafc9783","[""read(\""user:6a3f4b5fe19979037715\"")""]","2026-09-03T07:45:20.256+00:00","2026-09-03T07:45:20.256+00:00","703673","false",
"6a9925e527e72b9e113d","[""read(\""user:6a1ac42ca7a98f40fdbc\"")""]","2026-09-03T07:46:45.773+00:00","2026-09-03T07:46:45.773+00:00","674285","false",
"6a99261eb7c9bfcdba77","[""read(\""user:6a851b270023f7ef2028\"")""]","2026-09-03T07:47:42.862+00:00","2026-09-03T07:47:42.862+00:00","052572","false",
"6a9926444a72f154d800","[""read(\""user:6a3f4b5fe19979037715\"")""]","2026-09-03T07:48:20.423+00:00","2026-09-03T07:48:20.423+00:00","357661","false",
"6a99265ee6a901ceb095","[""read(\""user:6a99238883736bedb09d\"")""]","2026-09-03T07:48:47.059+00:00","2026-09-03T07:48:47.059+00:00","434673","false",
"6a9926618e5c82880ffb","[""read(\""user:6a1d0834b4aa4956a50d\"")""]","2026-09-03T07:48:49.697+00:00","2026-09-03T07:48:49.697+00:00","502153","false",
"6a99267b68476d778c0f","[""read(\""user:69fd6ec97ae0cdb0fc5d\"")""]","2026-09-03T07:49:15.543+00:00","2026-09-03T07:49:15.543+00:00","244624","false",
"6a9926a64018c459250e","[""read(\""user:6a3f4b5fe19979037715\"")""]","2026-09-03T07:49:58.400+00:00","2026-09-03T07:49:58.400+00:00","716356","false",
"6a9926b1913e019cd46d","[""read(\""user:6a990638002df91944a1\"")""]","2026-09-03T07:50:09.733+00:00","2026-09-03T07:50:09.733+00:00","567672","false",
"6a992829e8b5db7f8046","[""read(\""user:69f024856e706466b984\"")""]","2026-09-03T07:56:26.090+00:00","2026-09-03T07:56:26.090+00:00","429126","false",
"6a992886aa625774671a","[""read(\""user:6a9928358af1f346b0d5\"")""]","2026-09-03T07:57:58.830+00:00","2026-09-03T07:57:58.830+00:00","686712","false",
"6a99288bb44af6f64446","[""read(\""user:69eb339e3fb5bd4ee84a\"")""]","2026-09-03T07:58:03.879+00:00","2026-09-03T07:58:03.879+00:00","461322","false",
"6a99294ca71d914d2ce5","[""read(\""user:69eb339e3fb5bd4ee84a\"")""]","2026-09-03T08:01:16.825+00:00","2026-09-03T08:01:16.825+00:00","339998","false",
"6a99295b010767edc097","[""read(\""user:6a953ddccde9d2ae0984\"")""]","2026-09-03T08:01:31.363+00:00","2026-09-03T08:01:31.363+00:00","946139","false",
"6a992962767f288e7498","[""read(\""user:6a97d3b51043b36c5af3\"")""]","2026-09-03T08:01:38.602+00:00","2026-09-03T08:01:38.602+00:00","779687","false",
"6a992972792bf547cb69","[""read(\""user:6a97d3b51043b36c5af3\"")""]","2026-09-03T08:01:54.640+00:00","2026-09-03T08:01:54.640+00:00","000906","false",
"6a99298278c0ce7812df","[""read(\""user:6a991a990011593c8140\"")""]","2026-09-03T08:02:10.638+00:00","2026-09-03T08:02:10.638+00:00","175724","false",
"6a9929a425e525161972","[""read(\""user:6a992951585d91db63db\"")""]","2026-09-03T08:02:44.298+00:00","2026-09-03T08:02:44.298+00:00","942731","false",
"6a9929b72afdd349cd6d","[""read(\""user:6a75a225d2021d5b921e\"")""]","2026-09-03T08:03:03.306+00:00","2026-09-03T08:03:03.306+00:00","635756","false",
"6a9929dcddcd4c3d2130","[""read(\""user:6a99093329db7bddb9cc\"")""]","2026-09-03T08:03:41.042+00:00","2026-09-03T08:03:41.042+00:00","591800","false",
"6a9929dd6f41bce12c44","[""read(\""user:6a991a990011593c8140\"")""]","2026-09-03T08:03:41.570+00:00","2026-09-03T08:03:41.570+00:00","675417","false",
"6a992a39d82ea45b870a","[""read(\""user:6a1533922030846ab191\"")""]","2026-09-03T08:05:13.998+00:00","2026-09-03T08:05:13.998+00:00","232280","false",
"6a992a495b165bda8d22","[""read(\""user:6a8d7a6745bb35c082c5\"")""]","2026-09-03T08:05:29.506+00:00","2026-09-03T08:05:29.506+00:00","416612","false",
"6a992a58e250f72744fb","[""read(\""user:6a99093329db7bddb9cc\"")""]","2026-09-03T08:05:45.097+00:00","2026-09-03T08:05:45.097+00:00","508482","false",
"6a992a6e99f58db6652f","[""read(\""user:6a9929de0008030a3ed3\"")""]","2026-09-03T08:06:06.738+00:00","2026-09-03T08:06:06.738+00:00","722847","false",
"6a992a73efd4d6d3bb7c","[""read(\""user:6a59db99b5e0ea7cb754\"")""]","2026-09-03T08:06:12.092+00:00","2026-09-03T08:06:12.092+00:00","023439","false",
"6a992a801b362fffbf9f","[""read(\""user:6a014a56ce8a488d1e29\"")""]","2026-09-03T08:06:24.406+00:00","2026-09-03T08:06:24.406+00:00","232857","false",
"6a992b2cd0d02537e269","[""read(\""user:6a75a225d2021d5b921e\"")""]","2026-09-03T08:09:16.979+00:00","2026-09-03T08:09:16.979+00:00","454273","false",
"6a992b4ee549b95736dd","[""read(\""user:6a992ae86978c285a19f\"")""]","2026-09-03T08:09:51.052+00:00","2026-09-03T08:09:51.052+00:00","596222","false",
"6a992b72ccda6cd2db95","[""read(\""user:6a59db99b5e0ea7cb754\"")""]","2026-09-03T08:10:26.958+00:00","2026-09-03T08:10:26.958+00:00","795262","false",
"6a992bc1ab919328c248","[""read(\""user:6a992b74e155028f27a8\"")""]","2026-09-03T08:11:45.837+00:00","2026-09-03T08:11:45.837+00:00","197484","false",
"6a992c3d7b54a7009872","[""read(\""user:6a97dde0ed202a28404c\"")""]","2026-09-03T08:13:49.621+00:00","2026-09-03T08:13:49.621+00:00","058675","false",
"6a992c3eeff969c87700","[""read(\""user:69ec32f6f2fb73954a25\"")""]","2026-09-03T08:13:51.092+00:00","2026-09-03T08:13:51.092+00:00","833846","false",
"6a992c7878ed070d1ae0","[""read(\""user:6a97dde0ed202a28404c\"")""]","2026-09-03T08:14:48.615+00:00","2026-09-03T08:14:48.615+00:00","852000","false",
"6a992c8068d13c80690e","[""read(\""user:6a742555002ecfb5772f\"")""]","2026-09-03T08:14:56.555+00:00","2026-09-03T08:14:56.555+00:00","563717","false",
"6a992c8dbd764d4338a0","[""read(\""user:6a992bdc73e5ee03d559\"")""]","2026-09-03T08:15:09.889+00:00","2026-09-03T08:15:09.889+00:00","987701","false",
"6a992c9230ef4d7ff17b","[""read(\""user:6a992bd4001ba734be25\"")""]","2026-09-03T08:15:14.315+00:00","2026-09-03T08:15:14.315+00:00","575070","false",
"6a992cd3695c13d2cfdd","[""read(\""user:6a01b1c00006aa8ae30b\"")""]","2026-09-03T08:16:19.544+00:00","2026-09-03T08:16:19.544+00:00","887498","false",
"6a992d1f9c86aa98aa28","[""read(\""user:6a06d174be6e4bdbf212\"")""]","2026-09-03T08:17:35.759+00:00","2026-09-03T08:17:35.759+00:00","100915","false",
"6a992d457e77b94ff358","[""read(\""user:69f99d1aa5e44991b427\"")""]","2026-09-03T08:18:13.630+00:00","2026-09-03T08:18:13.630+00:00","162878","false",
"6a992d555440c7899712","[""read(\""user:69fc4df83e2dcdb30e11\"")""]","2026-09-03T08:18:29.692+00:00","2026-09-03T08:18:29.692+00:00","762175","false",
"6a992d57a1b4a3d79635","[""read(\""user:6a992ce3bcdb8dc4908e\"")""]","2026-09-03T08:18:31.811+00:00","2026-09-03T08:18:31.811+00:00","962498","false",
"6a992d5bb8c284b20b64","[""read(\""user:6a97dde0ed202a28404c\"")""]","2026-09-03T08:18:35.868+00:00","2026-09-03T08:18:35.868+00:00","135347","false",
"6a992d7719bc1ccfa852","[""read(\""user:6a992bd4001ba734be25\"")""]","2026-09-03T08:19:03.233+00:00","2026-09-03T08:19:03.233+00:00","626058","false",
"6a992e1b7a7a7b4bd457","[""read(\""user:6a953ddccde9d2ae0984\"")""]","2026-09-03T08:21:47.708+00:00","2026-09-03T08:21:47.708+00:00","677271","false",
"6a992e25bfc64ae6d19f","[""read(\""user:6a0d3cae99b18811b59f\"")""]","2026-09-03T08:21:57.905+00:00","2026-09-03T08:21:57.905+00:00","001254","false",
"6a992e34650ff0626d63","[""read(\""user:6a992d7b4564341c3875\"")""]","2026-09-03T08:22:12.563+00:00","2026-09-03T08:22:12.563+00:00","705291","false",
"6a992fdc7490f1752133","[""read(\""user:6a5dee857ccb31e1ca4a\"")""]","2026-09-03T08:29:16.590+00:00","2026-09-03T08:29:16.590+00:00","501723","false",
"6a992ff8857d1baa989f","[""read(\""user:69f82a204d52759abde3\"")""]","2026-09-03T08:29:44.683+00:00","2026-09-03T08:29:44.683+00:00","500620","false",
"6a993046e0d2909e67c1","[""read(\""user:69f03f107df33c7de377\"")""]","2026-09-03T08:31:03.039+00:00","2026-09-03T08:31:03.039+00:00","052280","false",
"6a99305ba5a1e30c10d8","[""read(\""user:69f03f107df33c7de377\"")""]","2026-09-03T08:31:23.800+00:00","2026-09-03T08:31:23.800+00:00","553990","false",
"6a9930c96fe567c1deaa","[""read(\""user:6a99307698061631bc18\"")""]","2026-09-03T08:33:14.031+00:00","2026-09-03T08:33:14.031+00:00","059066","false",
"6a9931304677561a4750","[""read(\""user:69f03f107df33c7de377\"")""]","2026-09-03T08:34:56.864+00:00","2026-09-03T08:34:56.864+00:00","926229","false",
"6a99317f4ec737c86b76","[""read(\""user:69ff0412acae5aed095d\"")""]","2026-09-03T08:36:15.898+00:00","2026-09-03T08:36:15.898+00:00","427248","false",
"6a993245b1bb5736dc11","[""read(\""user:69f03f107df33c7de377\"")""]","2026-09-03T08:39:34.617+00:00","2026-09-03T08:39:34.617+00:00","617576","false",
"6a993283efc0b5cce0bd","[""read(\""user:6a5dee857ccb31e1ca4a\"")""]","2026-09-03T08:40:36.603+00:00","2026-09-03T08:40:36.603+00:00","259130","false",
"6a993287b2e6c9a18475","[""read(\""user:6a5898727b4c19b3fa02\"")""]","2026-09-03T08:40:40.382+00:00","2026-09-03T08:40:40.382+00:00","613585","false",
"6a9932db286e38f02146","[""read(\""user:6a5c61a7b7f20fe53d64\"")""]","2026-09-03T08:42:03.955+00:00","2026-09-03T08:42:03.955+00:00","312745","false",
"6a9932f5cad88401c026","[""read(\""user:6a9932d3c0bf5011ef73\"")""]","2026-09-03T08:42:30.613+00:00","2026-09-03T08:42:30.613+00:00","278907","false",
"6a9932fc64b6e20c333f","[""read(\""user:69f03f107df33c7de377\"")""]","2026-09-03T08:42:37.287+00:00","2026-09-03T08:42:37.287+00:00","286562","false",
"6a99330491e66096412e","[""read(\""user:6a992b74e155028f27a8\"")""]","2026-09-03T08:42:45.640+00:00","2026-09-03T08:42:45.640+00:00","748521","false",
"6a9933a683acf185af7b","[""read(\""user:6a9932acb67d945a7bb2\"")""]","2026-09-03T08:45:26.664+00:00","2026-09-03T08:45:26.664+00:00","183566","false",
"6a9933c8acdbf3c8caef","[""read(\""user:6a992b74e155028f27a8\"")""]","2026-09-03T08:46:00.840+00:00","2026-09-03T08:46:00.840+00:00","103712","false",
"6a993415ebd0c4fc82a7","[""read(\""user:6a9932acb67d945a7bb2\"")""]","2026-09-03T08:47:18.743+00:00","2026-09-03T08:47:18.743+00:00","419782","false",
"6a99343befba43188649","[""read(\""user:6a993365001caadb52f2\"")""]","2026-09-03T08:47:56.545+00:00","2026-09-03T08:47:56.545+00:00","655843","false",
"6a99346bd312f84abf20","[""read(\""user:6a969014c162f9013ea2\"")""]","2026-09-03T08:48:44.415+00:00","2026-09-03T08:48:44.415+00:00","332660","false",
"6a99349b4525f7585989","[""read(\""user:6a9932acb67d945a7bb2\"")""]","2026-09-03T08:49:31.915+00:00","2026-09-03T08:49:31.915+00:00","861334","false",
"6a99369121970f5e49fb","[""read(\""user:6a9290b169c87967e92c\"")""]","2026-09-03T08:57:53.276+00:00","2026-09-03T08:57:53.276+00:00","741093","false",
"6a993702ed5b602c6dd6","[""read(\""user:6a991ad971b7092824b0\"")""]","2026-09-03T08:59:47.106+00:00","2026-09-03T08:59:47.106+00:00","382423","false",
"6a99381b58cf8fa54c39","[""read(\""user:69f86ea543b328047bf5\"")""]","2026-09-03T09:04:27.476+00:00","2026-09-03T09:04:27.476+00:00","802583","false",
"6a99384985e8f9642f54","[""read(\""user:6a97dde0ed202a28404c\"")""]","2026-09-03T09:05:13.665+00:00","2026-09-03T09:05:13.665+00:00","632592","false",
"6a9938f01fb02da7df16","[""read(\""user:6a991ad971b7092824b0\"")""]","2026-09-03T09:08:00.253+00:00","2026-09-03T09:08:00.253+00:00","782643","false",
"6a99390a7807041a8670","[""read(\""user:6a7408e564a37be2af63\"")""]","2026-09-03T09:08:26.603+00:00","2026-09-03T09:08:26.603+00:00","717566","false",
"6a99396c64b92ef4fb81","[""read(\""user:69f86ea543b328047bf5\"")""]","2026-09-03T09:10:04.569+00:00","2026-09-03T09:10:04.569+00:00","207899","false",
"6a9939a9016a83f15ba6","[""read(\""user:6a7408e564a37be2af63\"")""]","2026-09-03T09:11:05.116+00:00","2026-09-03T09:11:05.116+00:00","618876","false",
"6a9939b472ef71021089","[""read(\""user:6a97dde0ed202a28404c\"")""]","2026-09-03T09:11:16.816+00:00","2026-09-03T09:11:16.816+00:00","869913","false",
"6a993a9e78c65c9c0433","[""read(\""user:6a97dde0ed202a28404c\"")""]","2026-09-03T09:15:10.610+00:00","2026-09-03T09:15:10.610+00:00","904736","false",
"6a993affa0bc003430c9","[""read(\""user:6a97b91b392b20c1d480\"")""]","2026-09-03T09:16:47.779+00:00","2026-09-03T09:16:47.779+00:00","627797","false",
"6a993b04387f6f58ed64","[""read(\""user:6a97dde0ed202a28404c\"")""]","2026-09-03T09:16:52.344+00:00","2026-09-03T09:16:52.344+00:00","611686","false",
"6a993b5a9de2bdffc41f","[""read(\""user:6a97dde0ed202a28404c\"")""]","2026-09-03T09:18:19.016+00:00","2026-09-03T09:18:19.016+00:00","715297","false",
"6a993bf1cb94ffd8dde1","[""read(\""user:6a7408e564a37be2af63\"")""]","2026-09-03T09:20:49.937+00:00","2026-09-03T09:20:49.937+00:00","371595","false",
"6a993bffcd08b451ba7e","[""read(\""user:69fd6ec97ae0cdb0fc5d\"")""]","2026-09-03T09:21:03.971+00:00","2026-09-03T09:21:03.971+00:00","081690","false",
"6a993cdaf25d355d8a3e","[""read(\""user:69fb0cfed56321b41655\"")""]","2026-09-03T09:24:43.131+00:00","2026-09-03T09:24:43.131+00:00","085236","false",
"6a993d600235757cc097","[""read(\""user:6a97dde0ed202a28404c\"")""]","2026-09-03T09:26:56.146+00:00","2026-09-03T09:26:56.146+00:00","382906","false",
"6a993d73b06b45606eca","[""read(\""user:69fc05597e9701e422f5\"")""]","2026-09-03T09:27:15.834+00:00","2026-09-03T09:27:15.834+00:00","589630","false",
"6a993dbcaa5a8bf96d1a","[""read(\""user:6a5dce40647104b74222\"")""]","2026-09-03T09:28:29.426+00:00","2026-09-03T09:28:29.426+00:00","289038","false",
"6a993dbf3f57f48c7c4d","[""read(\""user:69fc05597e9701e422f5\"")""]","2026-09-03T09:28:31.849+00:00","2026-09-03T09:28:31.849+00:00","173593","false",
"6a993dd4377bb56e5923","[""read(\""user:6a01a87dd8485e18c27f\"")""]","2026-09-03T09:28:52.776+00:00","2026-09-03T09:28:52.776+00:00","989310","false",
"6a993e2eab4695bfef6d","[""read(\""user:6a793f92dade498be191\"")""]","2026-09-03T09:30:23.420+00:00","2026-09-03T09:30:23.420+00:00","283967","false",
"6a993e3728677aa6e14c","[""read(\""user:6a044aa970933508feeb\"")""]","2026-09-03T09:30:31.774+00:00","2026-09-03T09:30:31.774+00:00","392661","false",
"6a993e8a1b37e4d2f06a","[""read(\""user:6a99093329db7bddb9cc\"")""]","2026-09-03T09:31:54.727+00:00","2026-09-03T09:31:54.727+00:00","128512","false",
"6a993e990ec9b5cd6c3e","[""read(\""user:6a85640d00293b4094e3\"")""]","2026-09-03T09:32:09.547+00:00","2026-09-03T09:32:09.547+00:00","516145","false",
"6a993ecf4a1a8d9e531c","[""read(\""user:6a85640d00293b4094e3\"")""]","2026-09-03T09:33:04.158+00:00","2026-09-03T09:33:04.158+00:00","727013","false",
"6a993ed6385130842cc3","[""read(\""user:69f86d9d646ebb6ad9a6\"")""]","2026-09-03T09:33:10.797+00:00","2026-09-03T09:33:10.797+00:00","380808","false",
"6a993fe21170d6531a81","[""read(\""user:69f86d9d646ebb6ad9a6\"")""]","2026-09-03T09:37:38.862+00:00","2026-09-03T09:37:38.862+00:00","175799","false",
"6a993ff412da43452dd7","[""read(\""user:6a01b1c00006aa8ae30b\"")""]","2026-09-03T09:37:56.625+00:00","2026-09-03T09:37:56.625+00:00","073518","false",
"6a9940495065f2bf0b24","[""read(\""user:6a1ac42ca7a98f40fdbc\"")""]","2026-09-03T09:39:22.040+00:00","2026-09-03T09:39:22.040+00:00","126138","false",
"6a994086931b5be374b8","[""read(\""user:6a01a87dd8485e18c27f\"")""]","2026-09-03T09:40:23.429+00:00","2026-09-03T09:40:23.429+00:00","400591","false",
"6a99408a44774735a786","[""read(\""user:69f2d95e5e8f47bf440e\"")""]","2026-09-03T09:40:27.020+00:00","2026-09-03T09:40:27.020+00:00","012081","false",
"6a994163b543fc3ac4fd","[""read(\""user:6a01a87dd8485e18c27f\"")""]","2026-09-03T09:44:04.414+00:00","2026-09-03T09:44:04.414+00:00","595246","false",
"6a99428d16d7b6d7442b","[""read(\""user:69eb109d4ed7084cc25f\"")""]","2026-09-03T09:49:02.194+00:00","2026-09-03T09:49:02.194+00:00","599884","false",
"6a99429c278c78c24586","[""read(\""user:69eb109d4ed7084cc25f\"")""]","2026-09-03T09:49:16.719+00:00","2026-09-03T09:49:16.719+00:00","361876","false",
"6a9942fda21f25c75962","[""read(\""user:6a560477dd95324fe9ad\"")""]","2026-09-03T09:50:54.361+00:00","2026-09-03T09:50:54.361+00:00","419791","false",
"6a99436712b700dff829","[""read(\""user:6a5b1e116aea8371ab57\"")""]","2026-09-03T09:52:39.822+00:00","2026-09-03T09:52:39.822+00:00","995232","false",
"6a994368b00b81e83bda","[""read(\""user:6a1eb069002668d9d334\"")""]","2026-09-03T09:52:41.643+00:00","2026-09-03T09:52:41.643+00:00","656542","false",
"6a9943709849558bae50","[""read(\""user:6a59b8ecdccfbfe89f30\"")""]","2026-09-03T09:52:49.285+00:00","2026-09-03T09:52:49.285+00:00","075716","false",
"6a99437d261adc0f4552","[""read(\""user:6a9290b169c87967e92c\"")""]","2026-09-03T09:53:02.080+00:00","2026-09-03T09:53:02.080+00:00","724334","false",
"6a9943b968096b0bcd7f","[""read(\""user:6a59b8ecdccfbfe89f30\"")""]","2026-09-03T09:54:02.311+00:00","2026-09-03T09:54:02.311+00:00","567261","false",
"6a99442b959d3a4b6c4a","[""read(\""user:6a59b8ecdccfbfe89f30\"")""]","2026-09-03T09:55:56.545+00:00","2026-09-03T09:55:56.545+00:00","295654","false",
"6a99443278a7cedaa4e3","[""read(\""user:6a5dee857ccb31e1ca4a\"")""]","2026-09-03T09:56:03.161+00:00","2026-09-03T09:56:03.161+00:00","163154","false",
"6a994462492f72f7c4fa","[""read(\""user:6a560477dd95324fe9ad\"")""]","2026-09-03T09:56:50.835+00:00","2026-09-03T09:56:50.835+00:00","730229","false",
"6a9944b46784737549fe","[""read(\""user:6a59b8ecdccfbfe89f30\"")""]","2026-09-03T09:58:12.883+00:00","2026-09-03T09:58:12.883+00:00","795533","false",
"6a9944f90afd1d0c690a","[""read(\""user:6a5b1e116aea8371ab57\"")""]","2026-09-03T09:59:21.501+00:00","2026-09-03T09:59:21.501+00:00","663299","false",
"6a9945b7a79c9d252a1d","[""read(\""user:6a97bcd9580dbe01e76c\"")""]","2026-09-03T10:02:32.253+00:00","2026-09-03T10:02:32.253+00:00","280375","false",
"6a9945dc3854fbad2ce3","[""read(\""user:6a97bcd9580dbe01e76c\"")""]","2026-09-03T10:03:08.698+00:00","2026-09-03T10:03:08.698+00:00","137066","false",
"6a99462f943ee5af5811","[""read(\""user:6a560477dd95324fe9ad\"")""]","2026-09-03T10:04:32.055+00:00","2026-09-03T10:04:32.055+00:00","028288","false",
"6a9946ac18eff3f67e08","[""read(\""user:6a01a87dd8485e18c27f\"")""]","2026-09-03T10:06:37.000+00:00","2026-09-03T10:06:37.000+00:00","977818","false",
"6a9947642777205301a7","[""read(\""user:6a55c233870692724e17\"")""]","2026-09-03T10:09:40.584+00:00","2026-09-03T10:09:40.584+00:00","961075","false",
"6a994882981dc656e2ea","[""read(\""user:6a9947dc0032d7a70876\"")""]","2026-09-03T10:14:26.737+00:00","2026-09-03T10:14:26.737+00:00","891344","false",
"6a9948a935f4fe5a34ff","[""read(\""user:6a9947dc0032d7a70876\"")""]","2026-09-03T10:15:05.571+00:00","2026-09-03T10:15:05.571+00:00","484598","false",
"6a9948b8956c8749168a","[""read(\""user:6a9930e946542a73d4e5\"")""]","2026-09-03T10:15:20.760+00:00","2026-09-03T10:15:20.760+00:00","839030","false",
"6a9949341cffc66076f1","[""read(\""user:6a9948e7001d68dc2c0d\"")""]","2026-09-03T10:17:24.240+00:00","2026-09-03T10:17:24.240+00:00","798148","false",
"6a99495fccfd4c0ea594","[""read(\""user:6a993b5fc49907cea402\"")""]","2026-09-03T10:18:07.957+00:00","2026-09-03T10:18:07.957+00:00","575353","false",
"6a9949a8eb40619260f0","[""read(\""user:6a5721a0a1b1637073d5\"")""]","2026-09-03T10:19:21.298+00:00","2026-09-03T10:19:21.298+00:00","398846","false",
"6a994a44b6b2771a2911","[""read(\""user:6a98e3cace3d80c811bd\"")""]","2026-09-03T10:21:56.880+00:00","2026-09-03T10:21:56.880+00:00","409850","false",
"6a994a673bae4275eaa5","[""read(\""user:6a7436b60d5da09b9b76\"")""]","2026-09-03T10:22:31.400+00:00","2026-09-03T10:22:31.400+00:00","896478","false",
"6a994a85a213dd8d0adf","[""read(\""user:6a993b5fc49907cea402\"")""]","2026-09-03T10:23:01.783+00:00","2026-09-03T10:23:01.783+00:00","898370","false",
"6a994a8655453aab6b8d","[""read(\""user:6a7436b60d5da09b9b76\"")""]","2026-09-03T10:23:02.457+00:00","2026-09-03T10:23:02.457+00:00","997015","false",
"6a994b232792e648d724","[""read(\""user:69fc05597e9701e422f5\"")""]","2026-09-03T10:25:39.290+00:00","2026-09-03T10:25:39.290+00:00","649932","false",
"6a994c4c404a2b5cffa4","[""read(\""user:6a99307698061631bc18\"")""]","2026-09-03T10:30:36.392+00:00","2026-09-03T10:30:36.392+00:00","916293","false",
"6a994d894ec17aa1691d","[""read(\""user:6a5b1e116aea8371ab57\"")""]","2026-09-03T10:35:53.440+00:00","2026-09-03T10:35:53.440+00:00","564427","false",
"6a994e578bd1a9510494","[""read(\""user:6a994de9bd093d64ad7d\"")""]","2026-09-03T10:39:19.698+00:00","2026-09-03T10:39:19.698+00:00","915966","false",
"6a994f86d1b7393c9673","[""read(\""user:6a994de9bd093d64ad7d\"")""]","2026-09-03T10:44:22.973+00:00","2026-09-03T10:44:22.973+00:00","890263","false",
"6a99505d05d37ea5078a","[""read(\""user:6a99093329db7bddb9cc\"")""]","2026-09-03T10:47:57.157+00:00","2026-09-03T10:47:57.157+00:00","774213","false",
"6a9950eb3be25f8163c9","[""read(\""user:6a1ac42ca7a98f40fdbc\"")""]","2026-09-03T10:50:19.357+00:00","2026-09-03T10:50:19.357+00:00","193707","false",
"6a99515c93ecc1311291","[""read(\""user:69ec32f6f2fb73954a25\"")""]","2026-09-03T10:52:12.731+00:00","2026-09-03T10:52:12.731+00:00","043482","false",
"6a995300d1ba003b618a","[""read(\""user:69f03f107df33c7de377\"")""]","2026-09-03T10:59:12.970+00:00","2026-09-03T10:59:12.970+00:00","173281","false",
"6a9953a1914751a4b468","[""read(\""user:69f03f107df33c7de377\"")""]","2026-09-03T11:01:53.712+00:00","2026-09-03T11:01:53.712+00:00","699955","false",
"6a9955b69394792711c4","[""read(\""user:6a608bbecc2e80603438\"")""]","2026-09-03T11:10:46.717+00:00","2026-09-03T11:10:46.717+00:00","799385","false",
"6a995634dc2650cc4ccf","[""read(\""user:6a9955e0001db0160b8e\"")""]","2026-09-03T11:12:53.011+00:00","2026-09-03T11:12:53.011+00:00","815202","false",
"6a99571005f7b947b0ba","[""read(\""user:6a9955e0001db0160b8e\"")""]","2026-09-03T11:16:32.142+00:00","2026-09-03T11:16:32.142+00:00","237769","false",
"6a995be567a7ee6ae8d5","[""read(\""user:6a995b55003c51398573\"")""]","2026-09-03T11:37:09.532+00:00","2026-09-03T11:37:09.532+00:00","637592","false",
"6a995c6d49942c24382a","[""read(\""user:6a995c1ae6d7a73c45f4\"")""]","2026-09-03T11:39:25.440+00:00","2026-09-03T11:39:25.440+00:00","803389","false",
"6a995c6dd11f6cf85737","[""read(\""user:6a19e6e1c0957def6126\"")""]","2026-09-03T11:39:25.987+00:00","2026-09-03T11:39:25.987+00:00","589953","false",
"6a995cdc4cfc2b625132","[""read(\""user:6a995c1ae6d7a73c45f4\"")""]","2026-09-03T11:41:16.439+00:00","2026-09-03T11:41:16.439+00:00","824856","false",
"6a995cff09e56c555c64","[""read(\""user:6a995c1ae6d7a73c45f4\"")""]","2026-09-03T11:41:51.181+00:00","2026-09-03T11:41:51.181+00:00","495199","false",
"6a995e11cbb99960d3a1","[""read(\""user:6a51f994130362ec27c8\"")""]","2026-09-03T11:46:25.967+00:00","2026-09-03T11:46:25.967+00:00","504040","false",
"6a9a2d891db333e7e9a7","[""read(\""user:6a03f0d0001f1dabae91\"")""]","2026-09-04T02:31:37.298+00:00","2026-09-04T02:31:37.298+00:00","583568","false",
"6a9a331c38681ca83208","[""read(\""user:69eadae26e0781e47cbe\"")""]","2026-09-04T02:55:24.338+00:00","2026-09-04T02:55:24.338+00:00","629675","false",
"6a9a36eab688beafcbbe","[""read(\""user:69ff0412acae5aed095d\"")""]","2026-09-04T03:11:38.860+00:00","2026-09-04T03:11:38.860+00:00","004404","false",
"6a9a37287c3498ef2503","[""read(\""user:69eb3bfb1e90e4e6956c\"")""]","2026-09-04T03:12:40.616+00:00","2026-09-04T03:12:40.616+00:00","143411","false",
"6a9a3775be6df0af254e","[""read(\""user:69eb3bfb1e90e4e6956c\"")""]","2026-09-04T03:13:57.886+00:00","2026-09-04T03:13:57.886+00:00","074290","false",
"6a9a384b740de416dae0","[""read(\""user:6a5f1db01acc129408b6\"")""]","2026-09-04T03:17:31.584+00:00","2026-09-04T03:17:31.584+00:00","689551","false",
"6a9a38b21ae32d92e848","[""read(\""user:6a1908dc2e567af684af\"")""]","2026-09-04T03:19:14.209+00:00","2026-09-04T03:19:14.209+00:00","362600","false",
"6a9a38c717eca9ecaea0","[""read(\""user:6a5f1db01acc129408b6\"")""]","2026-09-04T03:19:35.203+00:00","2026-09-04T03:19:35.203+00:00","173211","false",
"6a9a38daafb09dede6f2","[""read(\""user:6a01a87dd8485e18c27f\"")""]","2026-09-04T03:19:54.833+00:00","2026-09-04T03:19:54.833+00:00","978857","false",
"6a9a39019951a00d97a3","[""read(\""user:69f82a204d52759abde3\"")""]","2026-09-04T03:20:33.733+00:00","2026-09-04T03:20:33.733+00:00","395339","false",
"6a9a392f83da377dfe73","[""read(\""user:69eb3bfb1e90e4e6956c\"")""]","2026-09-04T03:21:19.648+00:00","2026-09-04T03:21:19.648+00:00","895546","false",
"6a9a393f8fb1adbc2168","[""read(\""user:69ff0412acae5aed095d\"")""]","2026-09-04T03:21:35.696+00:00","2026-09-04T03:21:35.696+00:00","111917","false",
"6a9a39fb236ccd1cb467","[""read(\""user:69f3072a0c21a9ff21cd\"")""]","2026-09-04T03:24:43.248+00:00","2026-09-04T03:24:43.248+00:00","698059","false",
"6a9a3a29a623f9f19c35","[""read(\""user:69f82a204d52759abde3\"")""]","2026-09-04T03:25:29.784+00:00","2026-09-04T03:25:29.784+00:00","371032","false",
"6a9a3a501f438a33dd97","[""read(\""user:69f08af113bcd6099f35\"")""]","2026-09-04T03:26:08.244+00:00","2026-09-04T03:26:08.244+00:00","112937","false",
"6a9a3b22c483f7c9cd1e","[""read(\""user:6a59d779723e34c041e0\"")""]","2026-09-04T03:29:38.926+00:00","2026-09-04T03:29:38.926+00:00","206521","false",
"6a9a3b5d027493983fba","[""read(\""user:69ff0412acae5aed095d\"")""]","2026-09-04T03:30:37.129+00:00","2026-09-04T03:30:37.129+00:00","370791","false",
"6a9a3ba28b89362e4fa8","[""read(\""user:69f3072a0c21a9ff21cd\"")""]","2026-09-04T03:31:46.713+00:00","2026-09-04T03:31:46.713+00:00","328475","false",
"6a9a3ba2e50a47fb82c3","[""read(\""user:69ff0412acae5aed095d\"")""]","2026-09-04T03:31:47.046+00:00","2026-09-04T03:31:47.046+00:00","938138","false",
"6a9a3c9ed139b61c7d77","[""read(\""user:69f81faeb15ec2cfc02c\"")""]","2026-09-04T03:35:58.968+00:00","2026-09-04T03:35:58.968+00:00","577265","false",
"6a9a3d2d7a5a393e6067","[""read(\""user:6a82d8a200075193979b\"")""]","2026-09-04T03:38:21.616+00:00","2026-09-04T03:38:21.616+00:00","419435","false",
"6a9a3ea07c9d382b3538","[""read(\""user:69fc575d000f61a7a39a\"")""]","2026-09-04T03:44:32.617+00:00","2026-09-04T03:44:32.617+00:00","537094","false",
"6a9a3ef8aa7779274206","[""read(\""user:6a54a9f60004735f26d9\"")""]","2026-09-04T03:46:00.847+00:00","2026-09-04T03:46:00.847+00:00","279207","false",
"6a9a3f5b3ed923d57a6c","[""read(\""user:69f81faeb15ec2cfc02c\"")""]","2026-09-04T03:47:39.398+00:00","2026-09-04T03:47:39.398+00:00","688858","false",
"6a9a4461ef21c9dfc6f1","[""read(\""user:6a66ecbcdcbbd4b384d1\"")""]","2026-09-04T04:09:06.098+00:00","2026-09-04T04:09:06.098+00:00","903684","false",
"6a9a4567e4843593386c","[""read(\""user:6a54a9f60004735f26d9\"")""]","2026-09-04T04:13:28.199+00:00","2026-09-04T04:13:28.199+00:00","987182","false",
"6a9a46801b3efcd32a71","[""read(\""user:6a6197a607ab90e574b9\"")""]","2026-09-04T04:18:08.239+00:00","2026-09-04T04:18:08.239+00:00","942330","false",
"6a9a482c6310cfa031b7","[""read(\""user:6a1954ffcea2144611bd\"")""]","2026-09-04T04:25:16.523+00:00","2026-09-04T04:25:16.523+00:00","134432","false",
"6a9a48c47ea117b608dd","[""read(\""user:6a6197a607ab90e574b9\"")""]","2026-09-04T04:27:48.700+00:00","2026-09-04T04:27:48.700+00:00","341962","false",
"6a9a48ca4fc68e9ef5f5","[""read(\""user:6a26386be0d1d97cc06a\"")""]","2026-09-04T04:27:54.439+00:00","2026-09-04T04:27:54.439+00:00","141348","false",
"6a9a4a3a6cc4b3d9e527","[""read(\""user:6a6197a607ab90e574b9\"")""]","2026-09-04T04:34:02.571+00:00","2026-09-04T04:34:02.571+00:00","468450","false",
"6a9a4f2c6487c4d40c0c","[""read(\""user:69eb06f25870c736dc01\"")""]","2026-09-04T04:55:08.537+00:00","2026-09-04T04:55:08.537+00:00","594679","false",
"6a9a4f8b04cc8192ae7c","[""read(\""user:69eb06f25870c736dc01\"")""]","2026-09-04T04:56:43.168+00:00","2026-09-04T04:56:43.168+00:00","322538","false",
"6a9a4fab7d68e4a3ec88","[""read(\""user:6a8fb5a483c62885c3d1\"")""]","2026-09-04T04:57:15.649+00:00","2026-09-04T04:57:15.649+00:00","063511","false",
"6a9a4fbd4dca9d0e81a1","[""read(\""user:6a8fb5a483c62885c3d1\"")""]","2026-09-04T04:57:33.441+00:00","2026-09-04T04:57:33.441+00:00","328237","false",
"6a9a50226b06a0faaabe","[""read(\""user:69eb06f25870c736dc01\"")""]","2026-09-04T04:59:14.568+00:00","2026-09-04T04:59:14.568+00:00","485923","false",
"6a9a515a8a7b4b43d830","[""read(\""user:69f025177d4cb7112426\"")""]","2026-09-04T05:04:26.677+00:00","2026-09-04T05:04:26.677+00:00","412037","false",
"6a9a515acfe814ea9bcf","[""read(\""user:6a4f51ee66fe655990fb\"")""]","2026-09-04T05:04:26.962+00:00","2026-09-04T05:04:26.962+00:00","263305","false",
"6a9a518bcfb66d165d69","[""read(\""user:69f8494a3a8479bba01e\"")""]","2026-09-04T05:05:15.980+00:00","2026-09-04T05:05:15.980+00:00","718204","false",
"6a9a51a01c97392a8ba3","[""read(\""user:69f8494a3a8479bba01e\"")""]","2026-09-04T05:05:36.240+00:00","2026-09-04T05:05:36.240+00:00","845647","false",
"6a9a51bf721b80ae0b55","[""read(\""user:6a4f51ee66fe655990fb\"")""]","2026-09-04T05:06:07.613+00:00","2026-09-04T05:06:07.613+00:00","434650","false",
"6a9a51cdc2a585f2bcde","[""read(\""user:6a20fda3031056266082\"")""]","2026-09-04T05:06:21.912+00:00","2026-09-04T05:06:21.912+00:00","480921","false",
"6a9a52215865b788548d","[""read(\""user:6a87f78eb7bc20b698f7\"")""]","2026-09-04T05:07:45.471+00:00","2026-09-04T05:07:45.471+00:00","862268","false",
"6a9a5266413aa837b928","[""read(\""user:6a9a52228e67f86fd362\"")""]","2026-09-04T05:08:54.379+00:00","2026-09-04T05:08:54.379+00:00","975277","false",
"6a9a530bedd711c30f8f","[""read(\""user:6a8569345a4145303d8d\"")""]","2026-09-04T05:11:40.093+00:00","2026-09-04T05:11:40.093+00:00","232963","false",
"6a9a534194f0b5d87399","[""read(\""user:6a992b74e155028f27a8\"")""]","2026-09-04T05:12:33.725+00:00","2026-09-04T05:12:33.725+00:00","032081","false",
"6a9a5343b76e9e05463e","[""read(\""user:6a87f78eb7bc20b698f7\"")""]","2026-09-04T05:12:35.876+00:00","2026-09-04T05:12:35.876+00:00","199558","false",
"6a9a53c1787192fdae80","[""read(\""user:6a20fda3031056266082\"")""]","2026-09-04T05:14:41.619+00:00","2026-09-04T05:14:41.619+00:00","546957","false",
"6a9a53d9c57b8c07b3fc","[""read(\""user:6a9a53bcb38762676236\"")""]","2026-09-04T05:15:06.100+00:00","2026-09-04T05:15:06.100+00:00","872405","false",
"6a9a5848964f2c9ede05","[""read(\""user:6a20fda3031056266082\"")""]","2026-09-04T05:34:00.743+00:00","2026-09-04T05:34:00.743+00:00","116472","false",
"6a9a589558bfec48f4ae","[""read(\""user:6a20fda3031056266082\"")""]","2026-09-04T05:35:17.498+00:00","2026-09-04T05:35:17.498+00:00","203391","false",
"6a9a58c743507e788be0","[""read(\""user:6a20fda3031056266082\"")""]","2026-09-04T05:36:07.646+00:00","2026-09-04T05:36:07.646+00:00","473703","false",
"6a9a58e098776d504a80","[""read(\""user:6a0be9fda77182931bde\"")""]","2026-09-04T05:36:32.992+00:00","2026-09-04T05:36:32.992+00:00","600041","false",
"6a9a5d589adcbd9a02a0","[""read(\""user:6a0c10a1eb9fe704098a\"")""]","2026-09-04T05:55:36.753+00:00","2026-09-04T05:55:36.753+00:00","801722","false",
"6a9a5e09289e0f60be9c","[""read(\""user:6a056b236678ee4f7578\"")""]","2026-09-04T05:58:33.282+00:00","2026-09-04T05:58:33.282+00:00","007468","false",
"6a9a5f44249fd65d70bb","[""read(\""user:6a08483f7d0ddbd6ebe3\"")""]","2026-09-04T06:03:48.270+00:00","2026-09-04T06:03:48.270+00:00","258455","false",
"6a9a5f5ac76636993e4f","[""read(\""user:69eadf8914d70a240f86\"")""]","2026-09-04T06:04:10.925+00:00","2026-09-04T06:04:10.925+00:00","346920","false",
"6a9a5fb29cca9dd99912","[""read(\""user:69f8154cb1a291da6fb7\"")""]","2026-09-04T06:05:38.776+00:00","2026-09-04T06:05:38.776+00:00","320129","false",
"6a9a64c9237b4bb32361","[""read(\""user:6a5de033ec5ea55c6d80\"")""]","2026-09-04T06:27:21.262+00:00","2026-09-04T06:27:21.262+00:00","836301","false",
"6a9a68a2849632de75a1","[""read(\""user:6a0c10a1eb9fe704098a\"")""]","2026-09-04T06:43:46.660+00:00","2026-09-04T06:43:46.660+00:00","594011","false",
"6a9a68b05cdce460fed3","[""read(\""user:69f9796ee2f8616647d3\"")""]","2026-09-04T06:44:00.498+00:00","2026-09-04T06:44:00.498+00:00","877985","false",
"6a9a6a3e1388f0a815a2","[""read(\""user:6a1cfab6b31fa02c72dc\"")""]","2026-09-04T06:50:38.201+00:00","2026-09-04T06:50:38.201+00:00","135625","false",
"6a9a6a6842c4f03d764c","[""read(\""user:6a69bc1e001df89a3ee8\"")""]","2026-09-04T06:51:20.400+00:00","2026-09-04T06:51:20.400+00:00","944926","false",
"6a9a6b13f1dc7ff805cb","[""read(\""user:6a1954ffcea2144611bd\"")""]","2026-09-04T06:54:12.335+00:00","2026-09-04T06:54:12.335+00:00","464629","false",
"6a9a6bc399e4e92181e3","[""read(\""user:69f1b760a0486457ac50\"")""]","2026-09-04T06:57:07.741+00:00","2026-09-04T06:57:07.741+00:00","388683","false",
"6a9a6bd9d6343bb971b2","[""read(\""user:69f1b760a0486457ac50\"")""]","2026-09-04T06:57:30.004+00:00","2026-09-04T06:57:30.004+00:00","869801","false",
"6a9a6c855316d49aef48","[""read(\""user:69eee2c94e415688dfa2\"")""]","2026-09-04T07:00:21.457+00:00","2026-09-04T07:00:21.457+00:00","675420","false",
"6a9a6faaafae005d3c01","[""read(\""user:6a0830fd6c259d6d54b4\"")""]","2026-09-04T07:13:46.836+00:00","2026-09-04T07:13:46.836+00:00","386194","false",
"6a9a70573beb208aa092","[""read(\""user:6a265b2136a612a2fd8c\"")""]","2026-09-04T07:16:39.366+00:00","2026-09-04T07:16:39.366+00:00","407137","false",
"6a9a7123a0196c64b3d4","[""read(\""user:6a0e74ce7c99d1746586\"")""]","2026-09-04T07:20:03.769+00:00","2026-09-04T07:20:03.769+00:00","273100","false",
"6a9a7165325c5747bcf1","[""read(\""user:6a97d4488ebd40ca5c15\"")""]","2026-09-04T07:21:09.410+00:00","2026-09-04T07:21:09.410+00:00","608138","false",
"6a9a7273665d536a1b25","[""read(\""user:6a7d4053cddbfcf57f70\"")""]","2026-09-04T07:25:39.653+00:00","2026-09-04T07:25:39.653+00:00","863569","false",
"6a9a72b2b4e0c8b9d550","[""read(\""user:6a265b2136a612a2fd8c\"")""]","2026-09-04T07:26:42.878+00:00","2026-09-04T07:26:42.878+00:00","334184","false",
"6a9a73afe4e765cf89ff","[""read(\""user:6a8fe5a1000426b3ea13\"")""]","2026-09-04T07:30:56.052+00:00","2026-09-04T07:30:56.052+00:00","639643","false",
"6a9a75fd1cef004f7229","[""read(\""user:69f172fdb02c85d38b1d\"")""]","2026-09-04T07:40:45.230+00:00","2026-09-04T07:40:45.230+00:00","731964","false",
"6a9a76408e48b5c5448f","[""read(\""user:6a0aa1ee46be27850836\"")""]","2026-09-04T07:41:52.701+00:00","2026-09-04T07:41:52.701+00:00","798959","false",
"6a9a7714af50e2b4068f","[""read(\""user:6a9a7607001b1de03112\"")""]","2026-09-04T07:45:24.842+00:00","2026-09-04T07:45:24.842+00:00","730094","false",
"6a9a77c16bd0d6328883","[""read(\""user:6a263adb220c564846ca\"")""]","2026-09-04T07:48:17.556+00:00","2026-09-04T07:48:17.556+00:00","473005","false",
"6a9a77c72e092c07578b","[""read(\""user:6a05a55b0e814939d335\"")""]","2026-09-04T07:48:23.299+00:00","2026-09-04T07:48:23.299+00:00","546824","false",
"6a9a77fd594d3d72237e","[""read(\""user:6a263adb220c564846ca\"")""]","2026-09-04T07:49:17.494+00:00","2026-09-04T07:49:17.494+00:00","555045","false",
"6a9a7807c0bb09df8133","[""read(\""user:6a05a55b0e814939d335\"")""]","2026-09-04T07:49:27.894+00:00","2026-09-04T07:49:27.894+00:00","894237","false",
"6a9a781687970fcb69cd","[""read(\""user:69f172fdb02c85d38b1d\"")""]","2026-09-04T07:49:42.679+00:00","2026-09-04T07:49:42.679+00:00","860244","false",
"6a9a78177090f2c00150","[""read(\""user:6a263adb220c564846ca\"")""]","2026-09-04T07:49:43.568+00:00","2026-09-04T07:49:43.568+00:00","630892","false",
"6a9a7ad39e3dd21c2127","[""read(\""user:6a044aa970933508feeb\"")""]","2026-09-04T08:01:23.765+00:00","2026-09-04T08:01:23.765+00:00","113479","false",
"6a9a7b4c303387459c39","[""read(\""user:6a0c10a1eb9fe704098a\"")""]","2026-09-04T08:03:24.308+00:00","2026-09-04T08:03:24.308+00:00","469991","false",
"6a9a803c19be33e3316f","[""read(\""user:6a055976aef78f89d592\"")""]","2026-09-04T08:24:28.219+00:00","2026-09-04T08:24:28.219+00:00","313526","false",
"6a9a80aac9fea7109235","[""read(\""user:69fad7e887742b999888\"")""]","2026-09-04T08:26:18.949+00:00","2026-09-04T08:26:18.949+00:00","917901","false",
"6a9a83380d7ad8aefb0a","[""read(\""user:69fc3894a1de62288238\"")""]","2026-09-04T08:37:12.166+00:00","2026-09-04T08:37:12.166+00:00","976765","false",
"6a9a8447d44ccccb8497","[""read(\""user:6a0eb770e48c66c1fa5b\"")""]","2026-09-04T08:41:43.981+00:00","2026-09-04T08:41:43.981+00:00","486534","false",
"6a9a84895ac2cdb8a1c0","[""read(\""user:69f9796ee2f8616647d3\"")""]","2026-09-04T08:42:49.496+00:00","2026-09-04T08:42:49.496+00:00","108020","false",
"6a9a8525bed740e470a0","[""read(\""user:69f9796ee2f8616647d3\"")""]","2026-09-04T08:45:25.971+00:00","2026-09-04T08:45:25.971+00:00","821952","false",
"6a9a853e800cb85a22b4","[""read(\""user:6a9a84883c31e0db2211\"")""]","2026-09-04T08:45:50.639+00:00","2026-09-04T08:45:50.639+00:00","905855","false",
"6a9a87325f96820ce34e","[""read(\""user:6a96804cb8f270a30e6f\"")""]","2026-09-04T08:54:10.511+00:00","2026-09-04T08:54:10.511+00:00","074847","false",
"6a9a88d06b3fa113d5dd","[""read(\""user:69ec2edd58c2bace08c3\"")""]","2026-09-04T09:01:04.562+00:00","2026-09-04T09:01:04.562+00:00","963337","false",
"6a9a8a51bb1dbdb20764","[""read(\""user:6a02bd4f8601a4c36da7\"")""]","2026-09-04T09:07:29.877+00:00","2026-09-04T09:07:29.877+00:00","185406","false",
"6a9a8adf38154aca46e1","[""read(\""user:69ef2bc39028ce302d5c\"")""]","2026-09-04T09:09:51.344+00:00","2026-09-04T09:09:51.344+00:00","411115","false",
"6a9a8b60f370907aab6a","[""read(\""user:6a02bd4f8601a4c36da7\"")""]","2026-09-04T09:12:01.135+00:00","2026-09-04T09:12:01.135+00:00","516758","false",
"6a9a8be73369c77fc156","[""read(\""user:6a02bd4f8601a4c36da7\"")""]","2026-09-04T09:14:15.335+00:00","2026-09-04T09:14:15.335+00:00","264782","false",
"6a9a8c513f5b2102055f","[""read(\""user:6a02bd4f8601a4c36da7\"")""]","2026-09-04T09:16:01.365+00:00","2026-09-04T09:16:01.365+00:00","453101","false",
"6a9a8ccf878c35a9c276","[""read(\""user:6a9a8aaba3585a96cd79\"")""]","2026-09-04T09:18:07.694+00:00","2026-09-04T09:18:07.694+00:00","982550","false",
"6a9a8daa495905a68357","[""read(\""user:6a02b210132776500b92\"")""]","2026-09-04T09:21:46.411+00:00","2026-09-04T09:21:46.411+00:00","025090","false",
"6a9a8e5b3af20ca9bed3","[""read(\""user:6a265b2136a612a2fd8c\"")""]","2026-09-04T09:24:43.369+00:00","2026-09-04T09:24:43.369+00:00","861186","false",
"6a9a8ee76621bdd4d3b5","[""read(\""user:6a265b2136a612a2fd8c\"")""]","2026-09-04T09:27:03.562+00:00","2026-09-04T09:27:03.562+00:00","054041","false",
"6a9a8f97c09fe374e470","[""read(\""user:6a60639c424a30891990\"")""]","2026-09-04T09:29:59.901+00:00","2026-09-04T09:29:59.901+00:00","351143","false",
"6a9a908ba4cdaf2f910a","[""read(\""user:69f089f91d3da4f9aed0\"")""]","2026-09-04T09:34:03.802+00:00","2026-09-04T09:34:03.802+00:00","254742","false",
"6a9a908bc0c2e3905d2f","[""read(\""user:69f172fdb02c85d38b1d\"")""]","2026-09-04T09:34:03.907+00:00","2026-09-04T09:34:03.907+00:00","295359","false",
"6a9a90996e5ef23114b7","[""read(\""user:69eb2bcf3f9179d88621\"")""]","2026-09-04T09:34:17.569+00:00","2026-09-04T09:34:17.569+00:00","773996","false",
"6a9a9148d804b2f4834b","[""read(\""user:69eb2bcf3f9179d88621\"")""]","2026-09-04T09:37:12.998+00:00","2026-09-04T09:37:12.998+00:00","606749","false",
"6a9a9173c1765e4de517","[""read(\""user:69f089f91d3da4f9aed0\"")""]","2026-09-04T09:37:55.904+00:00","2026-09-04T09:37:55.904+00:00","279304","false",
"6a9a918cdd182e2c8a8d","[""read(\""user:69f04e47026804d601cd\"")""]","2026-09-04T09:38:21.019+00:00","2026-09-04T09:38:21.019+00:00","674890","false",
"6a9a918f8895e94a622d","[""read(\""user:69eb2bcf3f9179d88621\"")""]","2026-09-04T09:38:23.684+00:00","2026-09-04T09:38:23.684+00:00","936831","false",
"6a9a91a002bba56f1b08","[""read(\""user:69f172fdb02c85d38b1d\"")""]","2026-09-04T09:38:40.124+00:00","2026-09-04T09:38:40.124+00:00","115849","false",
"6a9a91cd94e6f9279e56","[""read(\""user:69f089f91d3da4f9aed0\"")""]","2026-09-04T09:39:25.726+00:00","2026-09-04T09:39:25.726+00:00","710709","false",
"6a9a91df317110553a76","[""read(\""user:6a1fa19272b2be8773ea\"")""]","2026-09-04T09:39:43.497+00:00","2026-09-04T09:39:43.497+00:00","283210","false",
"6a9a91e3b3922c70c958","[""read(\""user:69eb2bcf3f9179d88621\"")""]","2026-09-04T09:39:47.846+00:00","2026-09-04T09:39:47.846+00:00","648347","false",
"6a9a921109588b37ff24","[""read(\""user:6a88087f3bc5c8def2e8\"")""]","2026-09-04T09:40:33.150+00:00","2026-09-04T09:40:33.150+00:00","239980","false",
"6a9a92680395efa29274","[""read(\""user:6a1fa19272b2be8773ea\"")""]","2026-09-04T09:42:00.131+00:00","2026-09-04T09:42:00.131+00:00","325733","false",
"6a9a928f936fc8d3449a","[""read(\""user:69f089f91d3da4f9aed0\"")""]","2026-09-04T09:42:39.716+00:00","2026-09-04T09:42:39.716+00:00","087942","false",
"6a9a92a9f1cb23ef10f5","[""read(\""user:6a88087f3bc5c8def2e8\"")""]","2026-09-04T09:43:06.098+00:00","2026-09-04T09:43:06.098+00:00","919110","false",
"6a9a92b59cd66b0039ed","[""read(\""user:6a1fa19272b2be8773ea\"")""]","2026-09-04T09:43:17.754+00:00","2026-09-04T09:43:17.754+00:00","463512","false",
"6a9a9314d2a3dcd05f29","[""read(\""user:6a1fa19272b2be8773ea\"")""]","2026-09-04T09:44:52.983+00:00","2026-09-04T09:44:52.983+00:00","771281","false",
"6a9a934eb8b1a4889792","[""read(\""user:69eb2bcf3f9179d88621\"")""]","2026-09-04T09:45:50.877+00:00","2026-09-04T09:45:50.877+00:00","528839","false",
"6a9a938a32ce97f80009","[""read(\""user:6a0ff2335d632568064c\"")""]","2026-09-04T09:46:50.324+00:00","2026-09-04T09:46:50.324+00:00","524350","false",
"6a9a93bcd398e511b367","[""read(\""user:69f089f91d3da4f9aed0\"")""]","2026-09-04T09:47:40.979+00:00","2026-09-04T09:47:40.979+00:00","210563","false",
"6a9a9426ce06a8127f45","[""read(\""user:6a74529b0003f256597e\"")""]","2026-09-04T09:49:26.964+00:00","2026-09-04T09:49:26.964+00:00","209642","false",
"6a9a944dab4a89cebd0f","[""read(\""user:69f089f91d3da4f9aed0\"")""]","2026-09-04T09:50:05.819+00:00","2026-09-04T09:50:05.819+00:00","392885","false",
"6a9a945aea253cf1aa35","[""read(\""user:69febbfb7ea1170d4eeb\"")""]","2026-09-04T09:50:19.065+00:00","2026-09-04T09:50:19.065+00:00","024326","false",
"6a9a9464403ef66163ae","[""read(\""user:6a9a93952bd53d4c0f27\"")""]","2026-09-04T09:50:28.389+00:00","2026-09-04T09:50:28.389+00:00","680597","false",
"6a9a947cbf14213aabd1","[""read(\""user:69eee2c94e415688dfa2\"")""]","2026-09-04T09:50:52.901+00:00","2026-09-04T09:50:52.901+00:00","169665","false",
"6a9a94951660c39813ad","[""read(\""user:6a9a9459000677369113\"")""]","2026-09-04T09:51:17.224+00:00","2026-09-04T09:51:17.224+00:00","905634","false",
"6a9a97082f75843d98f6","[""read(\""user:69febd09890d13780ee8\"")""]","2026-09-04T10:01:44.312+00:00","2026-09-04T10:01:44.312+00:00","547449","false",
"6a9a97430483192891d3","[""read(\""user:69febd09890d13780ee8\"")""]","2026-09-04T10:02:43.127+00:00","2026-09-04T10:02:43.127+00:00","424530","false",
"6a9a9a49bb1f58528470","[""read(\""user:69ef2bc39028ce302d5c\"")""]","2026-09-04T10:15:37.876+00:00","2026-09-04T10:15:37.876+00:00","420068","false",
"6a9a9beb23c6dc91fc33","[""read(\""user:6a1695c52534d637d7af\"")""]","2026-09-04T10:22:35.252+00:00","2026-09-04T10:22:35.252+00:00","193534","false",
"6a9a9bf82ffa820675ff","[""read(\""user:69f172fdb02c85d38b1d\"")""]","2026-09-04T10:22:48.305+00:00","2026-09-04T10:22:48.305+00:00","553444","false",
"6a9a9c34195125e03a7d","[""read(\""user:6a1695c52534d637d7af\"")""]","2026-09-04T10:23:48.225+00:00","2026-09-04T10:23:48.225+00:00","143711","false",
"6a9a9dd4b56b8869b710","[""read(\""user:69f025177d4cb7112426\"")""]","2026-09-04T10:30:44.860+00:00","2026-09-04T10:30:44.860+00:00","437029","false",
"6a9a9e6a3eee9b1735dd","[""read(\""user:69f2e754094b7f14fb6a\"")""]","2026-09-04T10:33:14.376+00:00","2026-09-04T10:33:14.376+00:00","821845","false",
"6a9aba79201d29894a14","[""read(\""user:6a9ab991001c51c37a3b\"")""]","2026-09-04T12:32:57.255+00:00","2026-09-04T12:32:57.255+00:00","968361","false",
"6a9abbccc31d5e0a47cc","[""read(\""user:6a9abb9220d4305ce082\"")""]","2026-09-04T12:38:36.914+00:00","2026-09-04T12:38:36.914+00:00","479200","false",
"6a9abc44396e9017e93e","[""read(\""user:6a9abb99e7f8f797993e\"")""]","2026-09-04T12:40:36.350+00:00","2026-09-04T12:40:36.350+00:00","744128","false",
"6a9b869c3a4cf87d332b","[""read(\""user:6a9b85c50006f731f77e\"")""]","2026-09-05T03:03:56.360+00:00","2026-09-05T03:03:56.360+00:00","985518","false",
"6a9b8b3e869d3bd94e9a","[""read(\""user:6a9b8aed7e09435a7fc3\"")""]","2026-09-05T03:23:42.889+00:00","2026-09-05T03:23:42.889+00:00","153954","false",
"6a9b8b8c63ea8b478acd","[""read(\""user:6a670cd357172e3ec61f\"")""]","2026-09-05T03:25:00.513+00:00","2026-09-05T03:25:00.513+00:00","635203","false",
"6a9b8c0719ece0a9d025","[""read(\""user:6a9b8a5c39ce14265fd4\"")""]","2026-09-05T03:27:03.211+00:00","2026-09-05T03:27:03.211+00:00","797992","false",
"6a9b916969b30a8f4e08","[""read(\""user:6a9b9135559d1be6aede\"")""]","2026-09-05T03:50:01.539+00:00","2026-09-05T03:50:01.539+00:00","394694","false",
"6a9b91dfd35ca8fa3ff4","[""read(\""user:6a9b9135559d1be6aede\"")""]","2026-09-05T03:51:59.983+00:00","2026-09-05T03:51:59.983+00:00","954422","false",
"6a9b9217282738c50fd6","[""read(\""user:6a9b91852f0b0cf7314d\"")""]","2026-09-05T03:52:55.283+00:00","2026-09-05T03:52:55.283+00:00","389970","false",
"6a9b92977e2254f6a2c1","[""read(\""user:6a9b91497d6a2dbc2c0a\"")""]","2026-09-05T03:55:03.627+00:00","2026-09-05T03:55:03.627+00:00","956954","false",
"6a9b9375693b37d27740","[""read(\""user:6a573703001085c3ad97\"")""]","2026-09-05T03:58:45.547+00:00","2026-09-05T03:58:45.547+00:00","068277","false",
"6a9b93b67ed3bd623071","[""read(\""user:6a9b91530013ce7844ca\"")""]","2026-09-05T03:59:50.646+00:00","2026-09-05T03:59:50.646+00:00","348272","false",
"6a9b93c815ec095f5b09","[""read(\""user:6a9b91497d6a2dbc2c0a\"")""]","2026-09-05T04:00:08.200+00:00","2026-09-05T04:00:08.200+00:00","377964","false",
"6a9b94260ccf163a753c","[""read(\""user:6a9b91530013ce7844ca\"")""]","2026-09-05T04:01:42.160+00:00","2026-09-05T04:01:42.160+00:00","097159","false",
"6a9b9430165acd8b15ef","[""read(\""user:6a573703001085c3ad97\"")""]","2026-09-05T04:01:52.201+00:00","2026-09-05T04:01:52.201+00:00","093541","false",
"6a9b9564b6ddd6fcab22","[""read(\""user:6a9b9444001d19647ba3\"")""]","2026-09-05T04:07:00.862+00:00","2026-09-05T04:07:00.862+00:00","350458","false",
"6a9b9577e0d887149cd7","[""read(\""user:6a966e73bcfad529091d\"")""]","2026-09-05T04:07:20.028+00:00","2026-09-05T04:07:20.028+00:00","660001","false",
"6a9b9711c5de51d35e20","[""read(\""user:6a9b96681233b62ccab1\"")""]","2026-09-05T04:14:09.921+00:00","2026-09-05T04:14:09.921+00:00","976799","false",
"6a9b972b3eb20f413ecc","[""read(\""user:6a9b96681233b62ccab1\"")""]","2026-09-05T04:14:35.365+00:00","2026-09-05T04:14:35.365+00:00","396340","false",
"6a9b977c5ba797002e59","[""read(\""user:6a9b91497d6a2dbc2c0a\"")""]","2026-09-05T04:15:56.485+00:00","2026-09-05T04:15:56.485+00:00","367430","false",
"6a9b989faf7a6126162a","[""read(\""user:6a9b9828791d22e84981\"")""]","2026-09-05T04:20:48.004+00:00","2026-09-05T04:20:48.004+00:00","015829","false",
"6a9b98a5b0dc9c9c0301","[""read(\""user:6a9b9845aa5581c1be34\"")""]","2026-09-05T04:20:53.832+00:00","2026-09-05T04:20:53.832+00:00","557933","false",
"6a9b9aa28d16bafe0533","[""read(\""user:6a9b9a3f22383152c62c\"")""]","2026-09-05T04:29:22.695+00:00","2026-09-05T04:29:22.695+00:00","899978","false",
"6a9b9cb73181b9a2944a","[""read(\""user:6a9b9c4e3f17240551cf\"")""]","2026-09-05T04:38:15.316+00:00","2026-09-05T04:38:15.316+00:00","137195","false",
"6a9b9cd1b4cb75b11a21","[""read(\""user:6a9687b573a2dfe542b3\"")""]","2026-09-05T04:38:41.856+00:00","2026-09-05T04:38:41.856+00:00","864020","false",
"6a9b9cfe5309bd071c17","[""read(\""user:6a9687b573a2dfe542b3\"")""]","2026-09-05T04:39:26.446+00:00","2026-09-05T04:39:26.446+00:00","148118","false",
"6a9b9d2466e7ae20b556","[""read(\""user:6a9687b573a2dfe542b3\"")""]","2026-09-05T04:40:04.531+00:00","2026-09-05T04:40:04.531+00:00","787124","false",
"6a9b9e786d6c58b6755a","[""read(\""user:6a9b9e33b0da1c05316b\"")""]","2026-09-05T04:45:44.570+00:00","2026-09-05T04:45:44.570+00:00","311983","false",
"6a9b9e81351d3ef0c62e","[""read(\""user:6a9687b573a2dfe542b3\"")""]","2026-09-05T04:45:53.372+00:00","2026-09-05T04:45:53.372+00:00","085340","false",
"6a9b9f9a9774955ada01","[""read(\""user:6a9b9dec0003f2ed869a\"")""]","2026-09-05T04:50:34.731+00:00","2026-09-05T04:50:34.731+00:00","949299","false",
"6a9ba00482007fda2320","[""read(\""user:6a9b9dec0003f2ed869a\"")""]","2026-09-05T04:52:20.649+00:00","2026-09-05T04:52:20.649+00:00","091622","false",
"6a9ba111b35ec113fdbd","[""read(\""user:6a9b9dec0003f2ed869a\"")""]","2026-09-05T04:56:49.848+00:00","2026-09-05T04:56:49.848+00:00","319500","false",
"6a9ba40b161515e2279c","[""read(\""user:6a9ba28052c3f7dba76f\"")""]","2026-09-05T05:09:31.198+00:00","2026-09-05T05:09:31.198+00:00","112753","false",
"6a9ba646c538b4dc9bb8","[""read(\""user:6a8fc904bd5ac60dda0d\"")""]","2026-09-05T05:19:02.932+00:00","2026-09-05T05:19:02.932+00:00","207051","false",
"6a9ba6519e040e998ba9","[""read(\""user:6a8fc904bd5ac60dda0d\"")""]","2026-09-05T05:19:13.754+00:00","2026-09-05T05:19:13.754+00:00","239421","false",
"6a9ba6ac3690e91d6f84","[""read(\""user:6a9ba63abdce9b387d1f\"")""]","2026-09-05T05:20:44.332+00:00","2026-09-05T05:20:44.332+00:00","293630","false",
"6a9ba6baed2e52411113","[""read(\""user:6a9ba63abdce9b387d1f\"")""]","2026-09-05T05:20:59.086+00:00","2026-09-05T05:20:59.086+00:00","793948","false",
"6a9ba6d8031b464eb057","[""read(\""user:6a8fc904bd5ac60dda0d\"")""]","2026-09-05T05:21:28.128+00:00","2026-09-05T05:21:28.128+00:00","133790","false",
"6a9ba791136d8f313372","[""read(\""user:6a9ba76f2bc445d92711\"")""]","2026-09-05T05:24:33.182+00:00","2026-09-05T05:24:33.182+00:00","117990","false",
"6a9ba8309a50dcd9b0bf","[""read(\""user:6a9ba7e0ac3841645e0a\"")""]","2026-09-05T05:27:12.752+00:00","2026-09-05T05:27:12.752+00:00","872292","false",
"6a9ba90c6c9e19ace5c5","[""read(\""user:6a925b2b0e4bc5ecad41\"")""]","2026-09-05T05:30:52.568+00:00","2026-09-05T05:30:52.568+00:00","027500","false",
"6a9ba963e38c58c3598f","[""read(\""user:6a925b2b0e4bc5ecad41\"")""]","2026-09-05T05:32:20.041+00:00","2026-09-05T05:32:20.041+00:00","898296","false",
"6a9bab825d2ed8ad7959","[""read(\""user:6a5dee84779d05381168\"")""]","2026-09-05T05:41:22.498+00:00","2026-09-05T05:41:22.498+00:00","144127","false",
"6a9bac4d9efe81041df7","[""read(\""user:6a5dee84779d05381168\"")""]","2026-09-05T05:44:45.769+00:00","2026-09-05T05:44:45.769+00:00","161126","false",
"6a9bac4ec81777555833","[""read(\""user:6a8820e000363f1440a5\"")""]","2026-09-05T05:44:46.931+00:00","2026-09-05T05:44:46.931+00:00","596561","false",
"6a9bacdf982d6408dd7f","[""read(\""user:6a8c074bab9deb07429c\"")""]","2026-09-05T05:47:11.739+00:00","2026-09-05T05:47:11.739+00:00","758225","false",
"6a9bace750e0a86c3d72","[""read(\""user:6a9bac03003cec3490f5\"")""]","2026-09-05T05:47:19.438+00:00","2026-09-05T05:47:19.438+00:00","298051","false",
"6a9bad4b203d9517e66f","[""read(\""user:6a9ba9dc2724a6aa97f4\"")""]","2026-09-05T05:48:59.243+00:00","2026-09-05T05:48:59.243+00:00","196978","false",
"6a9badb9cf5f5a01eb7e","[""read(\""user:6a9bad172b46a265af02\"")""]","2026-09-05T05:50:49.967+00:00","2026-09-05T05:50:49.967+00:00","775441","false",
"6a9badce7b72082a06cb","[""read(\""user:6a9bad172b46a265af02\"")""]","2026-09-05T05:51:10.697+00:00","2026-09-05T05:51:10.697+00:00","384762","false",
"6a9badff1cd2229ac939","[""read(\""user:6a6454ce35d35dc5bb61\"")""]","2026-09-05T05:51:59.237+00:00","2026-09-05T05:51:59.237+00:00","212266","false",
"6a9bae2c150bb0049853","[""read(\""user:6a0ff2335d632568064c\"")""]","2026-09-05T05:52:44.197+00:00","2026-09-05T05:52:44.197+00:00","020905","false",
"6a9baec6a0fe5e33a6b5","[""read(\""user:6a9badc0eb1f2478d767\"")""]","2026-09-05T05:55:18.768+00:00","2026-09-05T05:55:18.768+00:00","757950","false",
"6a9baeda6e1e7c8c3e54","[""read(\""user:6a9badc0eb1f2478d767\"")""]","2026-09-05T05:55:38.563+00:00","2026-09-05T05:55:38.563+00:00","263174","false",
"6a9baf43970c1d452eef","[""read(\""user:6a9badc0eb1f2478d767\"")""]","2026-09-05T05:57:23.727+00:00","2026-09-05T05:57:23.727+00:00","036106","false",
"6a9baf4c7059be34ae40","[""read(\""user:6a9687b573a2dfe542b3\"")""]","2026-09-05T05:57:32.567+00:00","2026-09-05T05:57:32.567+00:00","242099","false",
"6a9baf6b7e79525afafe","[""read(\""user:6a9baf444cf07ed0c794\"")""]","2026-09-05T05:58:03.632+00:00","2026-09-05T05:58:03.632+00:00","551224","false",
"6a9baf989b24126d49e7","[""read(\""user:6a0ff2335d632568064c\"")""]","2026-09-05T05:58:48.757+00:00","2026-09-05T05:58:48.757+00:00","688718","false",
"6a9bb04458312ac13d18","[""read(\""user:6a9bafbb15a6a9359c1a\"")""]","2026-09-05T06:01:40.481+00:00","2026-09-05T06:01:40.481+00:00","256707","false",
"6a9bb0860a65f528cdc0","[""read(\""user:6a9baf7eb8d3a4487b2c\"")""]","2026-09-05T06:02:46.150+00:00","2026-09-05T06:02:46.150+00:00","459235","false",
"6a9bb08d62399bc6a3da","[""read(\""user:6a9baf7eb8d3a4487b2c\"")""]","2026-09-05T06:02:53.503+00:00","2026-09-05T06:02:53.503+00:00","459451","false",
"6a9bb183e468209727aa","[""read(\""user:6a9bb0fecfe6642629d7\"")""]","2026-09-05T06:07:00.044+00:00","2026-09-05T06:07:00.044+00:00","960369","false",
"6a9bb2666d501d98c1bf","[""read(\""user:6a9bb0fecfe6642629d7\"")""]","2026-09-05T06:10:46.553+00:00","2026-09-05T06:10:46.553+00:00","105038","false",
"6a9bb3cd7aeaabfbcc4b","[""read(\""user:6a9bb0fecfe6642629d7\"")""]","2026-09-05T06:16:45.613+00:00","2026-09-05T06:16:45.613+00:00","260654","false",
"6a9bb41f496a90fcde1f","[""read(\""user:6a744d5177f3361315ce\"")""]","2026-09-05T06:18:07.412+00:00","2026-09-05T06:18:07.412+00:00","730113","false",
"6a9bb42ec0ca3f9f90d1","[""read(\""user:6a151f10003c03f1576f\"")""]","2026-09-05T06:18:22.896+00:00","2026-09-05T06:18:22.896+00:00","325527","false",
"6a9bb4545294208e91f5","[""read(\""user:6a151f10003c03f1576f\"")""]","2026-09-05T06:19:00.458+00:00","2026-09-05T06:19:00.458+00:00","239436","false",
"6a9bb46735b012554ab3","[""read(\""user:6a151f10003c03f1576f\"")""]","2026-09-05T06:19:19.339+00:00","2026-09-05T06:19:19.339+00:00","449873","false",
"6a9bb4985da3618e2904","[""read(\""user:6a151f10003c03f1576f\"")""]","2026-09-05T06:20:08.496+00:00","2026-09-05T06:20:08.496+00:00","761010","false",
"6a9bb5d94ce3b79822f6","[""read(\""user:6a952604a54adf9a462e\"")""]","2026-09-05T06:25:29.428+00:00","2026-09-05T06:25:29.428+00:00","509020","false",
"6a9bb5f0e7b70217143c","[""read(\""user:6a85447803b77a9f35ae\"")""]","2026-09-05T06:25:53.291+00:00","2026-09-05T06:25:53.291+00:00","111936","false",
"6a9bb66cc0a93e09e4c9","[""read(\""user:6a853c284e081751a93b\"")""]","2026-09-05T06:27:56.894+00:00","2026-09-05T06:27:56.894+00:00","829315","false",
"6a9bb785a16928cc1084","[""read(\""user:6a5dac37922f6110b90c\"")""]","2026-09-05T06:32:37.776+00:00","2026-09-05T06:32:37.776+00:00","114316","false",
"6a9bb7edc8aa56bec4a8","[""read(\""user:6a89357f7e1ec88f4a93\"")""]","2026-09-05T06:34:21.942+00:00","2026-09-05T06:34:21.942+00:00","361028","false",
"6a9bb80c5d664cdd6af9","[""read(\""user:6a9bb7d745a1d247bf54\"")""]","2026-09-05T06:34:52.495+00:00","2026-09-05T06:34:52.495+00:00","820750","false",
"6a9bb86b371b63bdf4a5","[""read(\""user:6a9bb7daa06230bd2783\"")""]","2026-09-05T06:36:27.335+00:00","2026-09-05T06:36:27.335+00:00","757786","false",
"6a9bb86b5e0cbbbe4233","[""read(\""user:6a9687b573a2dfe542b3\"")""]","2026-09-05T06:36:27.494+00:00","2026-09-05T06:36:27.494+00:00","337386","false",
"6a9bb89a4c9cca44bf95","[""read(\""user:6a9bb872044eb54f5195\"")""]","2026-09-05T06:37:14.428+00:00","2026-09-05T06:37:14.428+00:00","109599","false",
"6a9bb8bc4df499863292","[""read(\""user:6a9baf444cf07ed0c794\"")""]","2026-09-05T06:37:48.425+00:00","2026-09-05T06:37:48.425+00:00","071448","false",
"6a9bb9b4db5f66a50f55","[""read(\""user:6a9ba63abdce9b387d1f\"")""]","2026-09-05T06:41:57.042+00:00","2026-09-05T06:41:57.042+00:00","381966","false",
"6a9bba2f6f66b5a6ec12","[""read(\""user:6a9ba63abdce9b387d1f\"")""]","2026-09-05T06:43:59.559+00:00","2026-09-05T06:43:59.559+00:00","844807","false",
"6a9bbb43b740f22f92be","[""read(\""user:6a9bbaa7003817a038d7\"")""]","2026-09-05T06:48:35.853+00:00","2026-09-05T06:48:35.853+00:00","316547","false",
"6a9bbb5fac2051f8d0e6","[""read(\""user:6a9ba63abdce9b387d1f\"")""]","2026-09-05T06:49:03.827+00:00","2026-09-05T06:49:03.827+00:00","951627","false",
"6a9bbb776ba87ff02739","[""read(\""user:6a9bbb0075d242898f74\"")""]","2026-09-05T06:49:27.562+00:00","2026-09-05T06:49:27.562+00:00","150526","false",
"6a9bbbcc7ea8bd1e1f17","[""read(\""user:6a9bbb0075d242898f74\"")""]","2026-09-05T06:50:52.646+00:00","2026-09-05T06:50:52.646+00:00","184901","false",
"6a9bbc3a3c27a01cf9a1","[""read(\""user:6a9bbb857c2c0524316c\"")""]","2026-09-05T06:52:42.362+00:00","2026-09-05T06:52:42.362+00:00","618081","false",
"6a9bbc74b698c8c85051","[""read(\""user:6a9ba63abdce9b387d1f\"")""]","2026-09-05T06:53:40.849+00:00","2026-09-05T06:53:40.849+00:00","701060","false",
"6a9bbd755c028311c7e0","[""read(\""user:6a926782064306df5505\"")""]","2026-09-05T06:57:57.490+00:00","2026-09-05T06:57:57.490+00:00","997925","false",
"6a9bbe2160fa73222925","[""read(\""user:6a99137bc25e29f548e0\"")""]","2026-09-05T07:00:49.635+00:00","2026-09-05T07:00:49.635+00:00","204328","false",
"6a9bbe2d754618e3384f","[""read(\""user:6a9bb0fecfe6642629d7\"")""]","2026-09-05T07:01:01.589+00:00","2026-09-05T07:01:01.589+00:00","202956","false",
"6a9bbffc2f619181d703","[""read(\""user:6a5daa12446155946ee6\"")""]","2026-09-05T07:08:44.302+00:00","2026-09-05T07:08:44.302+00:00","725225","false",
"6a9bc04d2b838922fe04","[""read(\""user:69feabc12e2024dfb720\"")""]","2026-09-05T07:10:05.295+00:00","2026-09-05T07:10:05.295+00:00","776813","false",
"6a9bc2730c830db54175","[""read(\""user:6a9bc1bbcdd0d76f80b7\"")""]","2026-09-05T07:19:15.155+00:00","2026-09-05T07:19:15.155+00:00","365710","false",
"6a9bc3c2917dfdc0cd6d","[""read(\""user:6a9263a762cf68d45e9d\"")""]","2026-09-05T07:24:50.704+00:00","2026-09-05T07:24:50.704+00:00","672887","false",
"6a9bc43f4d5eb508739f","[""read(\""user:6a9bc3f88cea821d7a3e\"")""]","2026-09-05T07:26:55.429+00:00","2026-09-05T07:26:55.429+00:00","582770","false",
"6a9bc4dc7ae42ce667a7","[""read(\""user:6a9bc3f88cea821d7a3e\"")""]","2026-09-05T07:29:32.626+00:00","2026-09-05T07:29:32.626+00:00","505373","false",
"6a9bc58c482091dd143a","[""read(\""user:6a9263a762cf68d45e9d\"")""]","2026-09-05T07:32:28.401+00:00","2026-09-05T07:32:28.401+00:00","896749","false",
"6a9bc608a330dca46e45","[""read(\""user:6a5b2a63a5efd76feea9\"")""]","2026-09-05T07:34:32.779+00:00","2026-09-05T07:34:32.779+00:00","462201","false",
"6a9bc65b60819129ef21","[""read(\""user:6a9badae52e7914ad532\"")""]","2026-09-05T07:35:55.508+00:00","2026-09-05T07:35:55.508+00:00","468476","false",
"6a9bc67f636397bc0cfc","[""read(\""user:6a9bc5e8584926ba34c7\"")""]","2026-09-05T07:36:31.519+00:00","2026-09-05T07:36:31.519+00:00","639460","false",
"6a9bc683e07ddc7af11f","[""read(\""user:6a9bb0fecfe6642629d7\"")""]","2026-09-05T07:36:36.030+00:00","2026-09-05T07:36:36.030+00:00","681905","false",
"6a9bc71c79e7063e4b5a","[""read(\""user:6a9263a762cf68d45e9d\"")""]","2026-09-05T07:39:08.602+00:00","2026-09-05T07:39:08.602+00:00","292882","false",
"6a9bc7c76ba37af439dc","[""read(\""user:6a9255e5000253970272\"")""]","2026-09-05T07:41:59.559+00:00","2026-09-05T07:41:59.559+00:00","912638","false",
"6a9bc8730d3d87892d0b","[""read(\""user:6a7da3ff0007d0e92cfe\"")""]","2026-09-05T07:44:51.157+00:00","2026-09-05T07:44:51.157+00:00","032550","false",
"6a9bc98d00d34fbbac5e","[""read(\""user:6a5c7ac7002940a4c8de\"")""]","2026-09-05T07:49:33.137+00:00","2026-09-05T07:49:33.137+00:00","530966","false",
"6a9bc9d11ecaabb9f32c","[""read(\""user:6a9bc78ed2503c9a8c02\"")""]","2026-09-05T07:50:41.232+00:00","2026-09-05T07:50:41.232+00:00","525836","false",
"6a9bc9feb5e913b1e901","[""read(\""user:6a9bc78ed2503c9a8c02\"")""]","2026-09-05T07:51:26.862+00:00","2026-09-05T07:51:26.862+00:00","187740","false",
"6a9bca7103ca010a0487","[""read(\""user:6a968341a50ca210d288\"")""]","2026-09-05T07:53:21.121+00:00","2026-09-05T07:53:21.121+00:00","998594","false",
"6a9bca7b05dde16a4132","[""read(\""user:6a9bc9a9000ca6a8e1f7\"")""]","2026-09-05T07:53:31.135+00:00","2026-09-05T07:53:31.135+00:00","845798","false",
"6a9bcaae073ff7d3759e","[""read(\""user:6a9bca5b4acd5e27168a\"")""]","2026-09-05T07:54:22.134+00:00","2026-09-05T07:54:22.134+00:00","836132","false",
"6a9bcb6e32976c8c2992","[""read(\""user:6a9bcab7003005ad86a2\"")""]","2026-09-05T07:57:34.315+00:00","2026-09-05T07:57:34.315+00:00","261307","false",
"6a9bcd10984925ba3172","[""read(\""user:6a9bc78ed2503c9a8c02\"")""]","2026-09-05T08:04:32.729+00:00","2026-09-05T08:04:32.729+00:00","374960","false",
"6a9bcda7ee27ebc7c931","[""read(\""user:6a9bccbd001ff4f792cc\"")""]","2026-09-05T08:07:04.092+00:00","2026-09-05T08:07:04.092+00:00","948825","false",
"6a9bce0309bcdc595ccf","[""read(\""user:6a9bcd97d2c2e5ad40b4\"")""]","2026-09-05T08:08:35.166+00:00","2026-09-05T08:08:35.166+00:00","845045","false",
"6a9bce4678bca80c0302","[""read(\""user:6a5b2834e6b5d45beea8\"")""]","2026-09-05T08:09:42.603+00:00","2026-09-05T08:09:42.603+00:00","928413","false",
"6a9bce5f1c8b80361ded","[""read(\""user:6a9bccbd001ff4f792cc\"")""]","2026-09-05T08:10:07.225+00:00","2026-09-05T08:10:07.225+00:00","721995","false",
"6a9bce89584a5df8ed62","[""read(\""user:6a9bcddd7c4ad8eafda4\"")""]","2026-09-05T08:10:49.464+00:00","2026-09-05T08:10:49.464+00:00","125662","false",
"6a9bceea53b8b5de659f","[""read(\""user:6a9bcdc86cea2f70356c\"")""]","2026-09-05T08:12:26.460+00:00","2026-09-05T08:12:26.460+00:00","282728","false",
"6a9bceee52d15b62aff9","[""read(\""user:6a9bcd97d2c2e5ad40b4\"")""]","2026-09-05T08:12:30.444+00:00","2026-09-05T08:12:30.444+00:00","237652","false",
"6a9bd0822a7bce279c96","[""read(\""user:6a9bd027001d1b250c0c\"")""]","2026-09-05T08:19:14.284+00:00","2026-09-05T08:19:14.284+00:00","090145","false",
"6a9bd0a920003b76abb8","[""read(\""user:6a9bd027001d1b250c0c\"")""]","2026-09-05T08:19:53.248+00:00","2026-09-05T08:19:53.248+00:00","073978","false",
"6a9bd0b012194d1409bc","[""read(\""user:6a9919f3ce25ed52c674\"")""]","2026-09-05T08:20:00.185+00:00","2026-09-05T08:20:00.185+00:00","889672","false",
"6a9bd2b1542a29b9fdde","[""read(\""user:6a86aa380030ed3a5d45\"")""]","2026-09-05T08:28:33.463+00:00","2026-09-05T08:28:33.463+00:00","390098","false",
"6a9bd2eab2ed32341bb1","[""read(\""user:6a9badae52e7914ad532\"")""]","2026-09-05T08:29:30.851+00:00","2026-09-05T08:29:30.851+00:00","199458","false",
"6a9bd3489b2eab98fc78","[""read(\""user:6a9bd027001d1b250c0c\"")""]","2026-09-05T08:31:04.749+00:00","2026-09-05T08:31:04.749+00:00","807048","false",
"6a9bd3ebf17ad8f01312","[""read(\""user:6a9bd2b0ad54ba983c0d\"")""]","2026-09-05T08:33:48.100+00:00","2026-09-05T08:33:48.100+00:00","477561","false",
"6a9bd564adf5812469c2","[""read(\""user:6a9bd53428bcc26ee473\"")""]","2026-09-05T08:40:04.832+00:00","2026-09-05T08:40:04.832+00:00","647063","false",
"6a9bd901af6bc5aa187f","[""read(\""user:6a9bd027001d1b250c0c\"")""]","2026-09-05T08:55:29.829+00:00","2026-09-05T08:55:29.829+00:00","201503","false",
"6a9bd9a21ffbbaac2ab7","[""read(\""user:6a9919f3ce25ed52c674\"")""]","2026-09-05T08:58:10.241+00:00","2026-09-05T08:58:10.241+00:00","913797","false",
"6a9bda2724f5232695e0","[""read(\""user:6a9badae52e7914ad532\"")""]","2026-09-05T09:00:23.255+00:00","2026-09-05T09:00:23.255+00:00","823512","false",
"6a9bda31663485cd13cf","[""read(\""user:6a9bd9d600245e038218\"")""]","2026-09-05T09:00:33.531+00:00","2026-09-05T09:00:33.531+00:00","276350","false",
"6a9bdaebb1675dfea0de","[""read(\""user:6a9badae52e7914ad532\"")""]","2026-09-05T09:03:39.840+00:00","2026-09-05T09:03:39.840+00:00","216917","false",
"6a9bdbb7ac076ed160fe","[""read(\""user:6a991e017d2d286cf46d\"")""]","2026-09-05T09:07:03.810+00:00","2026-09-05T09:07:03.810+00:00","355136","false",
"6a9bdd645cb3864539dc","[""read(\""user:6a9bdc69001c948797fb\"")""]","2026-09-05T09:14:12.493+00:00","2026-09-05T09:14:12.493+00:00","312934","false",
"6a9bdf86df79e06ddf33","[""read(\""user:6a9bdeac0002e43e00db\"")""]","2026-09-05T09:23:19.033+00:00","2026-09-05T09:23:19.033+00:00","813919","false",
"6a9be3aa5de6eaddc413","[""read(\""user:6a86aa380030ed3a5d45\"")""]","2026-09-05T09:40:58.492+00:00","2026-09-05T09:40:58.492+00:00","599037","false",
"6a9be3fd984a2245c86d","[""read(\""user:6a86aa380030ed3a5d45\"")""]","2026-09-05T09:42:21.732+00:00","2026-09-05T09:42:21.732+00:00","499850","false",
"6a9be4e70d9085ec8e59","[""read(\""user:6a86aa380030ed3a5d45\"")""]","2026-09-05T09:46:15.175+00:00","2026-09-05T09:46:15.175+00:00","647585","false",
"6a9be540cc492cd1cb11","[""read(\""user:6a9be448453d0b2f1a21\"")""]","2026-09-05T09:47:44.948+00:00","2026-09-05T09:47:44.948+00:00","226130","false",
"6a9be78c554133d40982","[""read(\""user:6a9be6ed6b2038a42be5\"")""]","2026-09-05T09:57:32.452+00:00","2026-09-05T09:57:32.452+00:00","267923","false",
"6a9be7f3a66252a1dd73","[""read(\""user:6a9be7295302a365f940\"")""]","2026-09-05T09:59:15.812+00:00","2026-09-05T09:59:15.812+00:00","663597","false",
"6a9be8b5c136e266fe9d","[""read(\""user:6a5704c93adce6f65f84\"")""]","2026-09-05T10:02:29.902+00:00","2026-09-05T10:02:29.902+00:00","988976","false",
"6a9be91dd48ba860d1d0","[""read(\""user:6a5704c93adce6f65f84\"")""]","2026-09-05T10:04:13.977+00:00","2026-09-05T10:04:13.977+00:00","027159","false",
"6a9be9a637725bafc2ee","[""read(\""user:6a5704c93adce6f65f84\"")""]","2026-09-05T10:06:30.333+00:00","2026-09-05T10:06:30.333+00:00","423567","false",
"6a9be9c5eec7b21a4f7f","[""read(\""user:6a5704c93adce6f65f84\"")""]","2026-09-05T10:07:02.087+00:00","2026-09-05T10:07:02.087+00:00","739826","false",
"6a9bea63e2b798cdd10a","[""read(\""user:6a9bea130023deaf0742\"")""]","2026-09-05T10:09:40.040+00:00","2026-09-05T10:09:40.040+00:00","676547","false",
"6a9bedb6261e354cffc0","[""read(\""user:6a8e653a0d43fe3a0cea\"")""]","2026-09-05T10:23:50.275+00:00","2026-09-05T10:23:50.275+00:00","011056","false",
"6a9bee63b2da17da8632","[""read(\""user:6a9bee09a2e96eccfeaf\"")""]","2026-09-05T10:26:43.838+00:00","2026-09-05T10:26:43.838+00:00","656647","false",
"6a9bee84a527f9cef6a9","[""read(\""user:6a9bee09a2e96eccfeaf\"")""]","2026-09-05T10:27:16.780+00:00","2026-09-05T10:27:16.780+00:00","074572","false",
"6a9bef1bd360f07722bf","[""read(\""user:6a9bee09a2e96eccfeaf\"")""]","2026-09-05T10:29:47.976+00:00","2026-09-05T10:29:47.976+00:00","116300","false",
"6a9bef90dd99f9cc7855","[""read(\""user:6a9bee09a2e96eccfeaf\"")""]","2026-09-05T10:31:45.029+00:00","2026-09-05T10:31:45.029+00:00","722823","false",
"6a9befeb409a4123cc72","[""read(\""user:6a74395c0011cc1e259a\"")""]","2026-09-05T10:33:15.372+00:00","2026-09-05T10:33:15.372+00:00","721060","false",
"6a9bfc919681e2d061f4","[""read(\""user:6a9bfc240f6346054cc2\"")""]","2026-09-05T11:27:13.721+00:00","2026-09-05T11:27:13.721+00:00","744320","false",
"6a9c049168eaf4c323ea","[""read(\""user:6a8d6eec32a05ce5cd9e\"")""]","2026-09-05T12:01:21.543+00:00","2026-09-05T12:01:21.543+00:00","626775","false",
"6a9c05006ae3dde4d8d6","[""read(\""user:6a9c03e000178a0d2591\"")""]","2026-09-05T12:03:12.781+00:00","2026-09-05T12:03:12.781+00:00","162717","false",
"6a9c05fd9d569859c61e","[""read(\""user:6a9c03e000178a0d2591\"")""]","2026-09-05T12:07:25.754+00:00","2026-09-05T12:07:25.754+00:00","652969","false",
"6a9c08e087778287bea5","[""read(\""user:6a9c03e000178a0d2591\"")""]","2026-09-05T12:19:44.663+00:00","2026-09-05T12:19:44.663+00:00","639726","false",
"6a9c1bbfb214ba40ae6b","[""read(\""user:6a86f55b003bc2233173\"")""]","2026-09-05T13:40:15.848+00:00","2026-09-05T13:40:15.848+00:00","671275","false",
"6a9c2f7c77de842210be","[""read(\""user:6a85447803b77a9f35ae\"")""]","2026-09-05T15:04:28.597+00:00","2026-09-05T15:04:28.597+00:00","168657","false",
"6a9c2f954c2ada3a8726","[""read(\""user:6a85447803b77a9f35ae\"")""]","2026-09-05T15:04:53.593+00:00","2026-09-05T15:04:53.593+00:00","948691","false",
"6a9c2fbb316c455083fa","[""read(\""user:6a85447803b77a9f35ae\"")""]","2026-09-05T15:05:31.309+00:00","2026-09-05T15:05:31.309+00:00","032232","false",
